ISO-10303-21;
HEADER;

/* File generated by HOOPS Exchange Version 25.8.0 */

FILE_DESCRIPTION(('HOOPS Exchange Step'),'2;1');

FILE_NAME('/home/user/Development/ES8389-Hat/brackets/hat-trik-guitar-bracket.stp',
'2026-07-25T19:01:07+17:00',
('user'),
('Unknown organisation'),
'HOOPS Exchange 2025.8',
'HOOPS Exchange',
'Unknown authorisation');

FILE_SCHEMA( ('AP203_CONFIGURATION_CONTROLLED_3D_DESIGN_OF_MECHANICAL_PARTS_AND_ASSEMBLIES_MIM_LF') );

ENDSEC;

DATA;
#3=(NAMED_UNIT(*)PLANE_ANGLE_UNIT()SI_UNIT($,.RADIAN.));
#4=PLANE_ANGLE_MEASURE_WITH_UNIT(PLANE_ANGLE_MEASURE(0.0174532925),#3);
#5=(CONVERSION_BASED_UNIT('DEGREE',#4)NAMED_UNIT(#6)PLANE_ANGLE_UNIT());
#6=DIMENSIONAL_EXPONENTS(0.,0.,0.,0.,0.,0.,0.);
#7=(NAMED_UNIT(*)SI_UNIT($,.STERADIAN.)SOLID_ANGLE_UNIT());
#8=(LENGTH_UNIT()NAMED_UNIT(*)SI_UNIT(.MILLI.,.METRE.));
#9=UNCERTAINTY_MEASURE_WITH_UNIT(LENGTH_MEASURE(1.000000E-03),#8,'DISTANCE_ACCURACY_VALUE','Maximum Tolerance applied to model');
#10=(GEOMETRIC_REPRESENTATION_CONTEXT(3)GLOBAL_UNCERTAINTY_ASSIGNED_CONTEXT((#9))GLOBAL_UNIT_ASSIGNED_CONTEXT((#8,#5,#7))REPRESENTATION_CONTEXT('','root'));
#12=CARTESIAN_POINT('',(0.,0.,0.));
#13=DIRECTION('',(0.,0.,1.));
#14=DIRECTION('',(1.,0.,0.));
#15=AXIS2_PLACEMENT_3D('TS3D_PRODUCT_CSYS',#12,#13,#14);
#26=CARTESIAN_POINT('',(26.740857566,-36.542781812,13.479590709));
#27=DIRECTION('',(0.,1.,0.));
#28=VECTOR('',#27,13.9909564);
#29=LINE('',#26,#28);
#30=TRIMMED_CURVE('Line.067',#29,(PARAMETER_VALUE(0.)),(PARAMETER_VALUE(1.)),.T.,.PARAMETER.);
#31=CARTESIAN_POINT('',(-38.712749582,-12.208461069,12.909574335));
#32=DIRECTION('',(1.,0.,-0.));
#33=VECTOR('',#32,4.042884981);
#34=LINE('',#31,#33);
#35=TRIMMED_CURVE('Polyline.035',#34,(PARAMETER_VALUE(0.)),(PARAMETER_VALUE(1.)),.T.,.PARAMETER.);
#36=CARTESIAN_POINT('',(-38.712749582,-15.714515776,12.909574335));
#37=DIRECTION('',(0.,1.,0.));
#38=VECTOR('',#37,3.506054707);
#39=LINE('',#36,#38);
#40=TRIMMED_CURVE('Polyline.035',#39,(PARAMETER_VALUE(0.)),(PARAMETER_VALUE(1.)),.T.,.PARAMETER.);
#41=CARTESIAN_POINT('',(-34.669864601,-15.714515776,12.909574335));
#42=DIRECTION('',(-1.,0.,0.));
#43=VECTOR('',#42,4.042884981);
#44=LINE('',#41,#43);
#45=TRIMMED_CURVE('Polyline.035',#44,(PARAMETER_VALUE(0.)),(PARAMETER_VALUE(1.)),.T.,.PARAMETER.);
#46=CARTESIAN_POINT('',(-34.669864601,-12.208461069,12.909574335));
#47=DIRECTION('',(0.,-1.,0.));
#48=VECTOR('',#47,3.506054707);
#49=LINE('',#46,#48);
#50=TRIMMED_CURVE('Polyline.035',#49,(PARAMETER_VALUE(0.)),(PARAMETER_VALUE(1.)),.T.,.PARAMETER.);
#51=GEOMETRIC_CURVE_SET('',(#35,#40,#45,#50));
#52=GEOMETRIC_CURVE_SET('',(#30));
#53=(NAMED_UNIT(*)PLANE_ANGLE_UNIT()SI_UNIT($,.RADIAN.));
#54=PLANE_ANGLE_MEASURE_WITH_UNIT(PLANE_ANGLE_MEASURE(0.0174532925),#53);
#55=(CONVERSION_BASED_UNIT('DEGREE',#54)NAMED_UNIT(#56)PLANE_ANGLE_UNIT());
#56=DIMENSIONAL_EXPONENTS(0.,0.,0.,0.,0.,0.,0.);
#57=(NAMED_UNIT(*)SI_UNIT($,.STERADIAN.)SOLID_ANGLE_UNIT());
#58=(LENGTH_UNIT()NAMED_UNIT(*)SI_UNIT(.MILLI.,.METRE.));
#59=UNCERTAINTY_MEASURE_WITH_UNIT(LENGTH_MEASURE(1.000000E-05),#58,'DISTANCE_ACCURACY_VALUE','Maximum Tolerance applied to model');
#60=(GEOMETRIC_REPRESENTATION_CONTEXT(3)GLOBAL_UNCERTAINTY_ASSIGNED_CONTEXT((#59))GLOBAL_UNIT_ASSIGNED_CONTEXT((#58,#55,#57))REPRESENTATION_CONTEXT('','0'));
#72=CARTESIAN_POINT('',(0.,0.,0.));
#73=DIRECTION('',(0.,0.,1.));
#74=DIRECTION('',(1.,0.,-0.));
#75=AXIS2_PLACEMENT_3D('',#72,#73,#74);
#76=ITEM_DEFINED_TRANSFORMATION('','',#75,#15);
#77=(REPRESENTATION_RELATIONSHIP('','',#62,#16)REPRESENTATION_RELATIONSHIP_WITH_TRANSFORMATION(#76)SHAPE_REPRESENTATION_RELATIONSHIP());
#78=NEXT_ASSEMBLY_USAGE_OCCURRENCE('Case_1','Case','Case',#25,#71,$);
#79=PRODUCT_DEFINITION_SHAPE('','',#78);
#80=CONTEXT_DEPENDENT_SHAPE_REPRESENTATION(#77,#79);
#82=CARTESIAN_POINT('',(33.84565562,-22.397163581,8.526787114));
#83=DIRECTION('',(0.,0.999999953,-0.000305354));
#84=DIRECTION('',(0.,-0.000305354,-0.999999953));
#85=AXIS2_PLACEMENT_3D('',#82,#83,#84);
#86=PLANE('',#85);
#87=CARTESIAN_POINT('',(21.813353714,-22.398278497,4.875568548));
#88=VERTEX_POINT('',#87);
#89=CARTESIAN_POINT('',(19.464994436,-22.398278497,4.875568548));
#90=VERTEX_POINT('',#89);
#91=CARTESIAN_POINT('',(21.813353714,-22.398278497,4.875568548));
#92=DIRECTION('',(-1.,0.,0.));
#93=VECTOR('',#92,2.348359278);
#94=LINE('',#91,#93);
#95=EDGE_CURVE('',#88,#90,#94,.T.);
#96=ORIENTED_EDGE('',*,*,#95,.T.);
#97=CARTESIAN_POINT('',(19.464994436,-22.395665786,13.431891495));
#98=VERTEX_POINT('',#97);
#99=CARTESIAN_POINT('',(19.464994436,-22.398278497,4.875568548));
#100=DIRECTION('',(-0.,0.000305354,0.999999953));
#101=VECTOR('',#100,8.556323346);
#102=LINE('',#99,#101);
#103=EDGE_CURVE('',#90,#98,#102,.T.);
#104=ORIENTED_EDGE('',*,*,#103,.T.);
#105=CARTESIAN_POINT('',(27.754389913,-22.395665786,13.431891495));
#106=VERTEX_POINT('',#105);
#107=CARTESIAN_POINT('',(27.754389913,-22.395665786,13.431891495));
#108=DIRECTION('',(-1.,0.,0.));
#109=VECTOR('',#108,8.289395477);
#110=LINE('',#107,#109);
#111=EDGE_CURVE('',#106,#98,#110,.T.);
#112=ORIENTED_EDGE('',*,*,#111,.F.);
#113=CARTESIAN_POINT('',(27.754389913,-22.396922404,9.316612747));
#114=VERTEX_POINT('',#113);
#115=CARTESIAN_POINT('',(27.754389913,-22.395665786,13.431891495));
#116=DIRECTION('',(0.,-0.000305354,-0.999999953));
#117=VECTOR('',#116,4.11527894);
#118=LINE('',#115,#117);
#119=EDGE_CURVE('',#106,#114,#118,.T.);
#120=ORIENTED_EDGE('',*,*,#119,.T.);
#121=CARTESIAN_POINT('',(23.714397294,-22.395906597,12.643261743));
#122=VERTEX_POINT('',#121);
#123=CARTESIAN_POINT('',(23.714397294,-22.397163581,8.526787114));
#124=DIRECTION('',(-0.,-0.999999953,0.000305354));
#125=DIRECTION('',(0.,0.000305354,0.999999953));
#126=AXIS2_PLACEMENT_3D('',#123,#124,#125);
#127=CIRCLE('',#126,4.116474821);
#128=EDGE_CURVE('',#114,#122,#127,.T.);
#129=ORIENTED_EDGE('',*,*,#128,.T.);
#130=CARTESIAN_POINT('',(23.714397294,-22.397163581,8.526787114));
#131=DIRECTION('',(-0.,-0.999999953,0.000305354));
#132=DIRECTION('',(0.,0.000305354,0.999999953));
#133=AXIS2_PLACEMENT_3D('',#130,#131,#132);
#134=CIRCLE('',#133,4.116474821);
#135=EDGE_CURVE('',#122,#88,#134,.T.);
#136=ORIENTED_EDGE('',*,*,#135,.T.);
#137=EDGE_LOOP('',(#96,#104,#112,#120,#129,#136));
#138=FACE_BOUND('',#137,.T.);
#139=ADVANCED_FACE('',(#138),#86,.T.);
#140=CARTESIAN_POINT('',(33.84565562,-22.397163581,8.526787114));
#141=DIRECTION('',(0.,0.999999953,-0.000305354));
#142=DIRECTION('',(0.,-0.000305354,-0.999999953));
#143=AXIS2_PLACEMENT_3D('',#140,#141,#142);
#144=PLANE('',#143);
#145=CARTESIAN_POINT('',(27.754389913,-22.398278497,4.875568548));
#146=VERTEX_POINT('',#145);
#147=CARTESIAN_POINT('',(25.615440874,-22.398278497,4.875568548));
#148=VERTEX_POINT('',#147);
#149=CARTESIAN_POINT('',(27.754389913,-22.398278497,4.875568548));
#150=DIRECTION('',(-1.,0.,0.));
#151=VECTOR('',#150,2.138949039);
#152=LINE('',#149,#151);
#153=EDGE_CURVE('',#146,#148,#152,.T.);
#154=ORIENTED_EDGE('',*,*,#153,.T.);
#155=CARTESIAN_POINT('',(27.754389913,-22.397404758,7.736961481));
#156=VERTEX_POINT('',#155);
#157=CARTESIAN_POINT('',(23.714397294,-22.397163581,8.526787114));
#158=DIRECTION('',(-0.,-0.999999953,0.000305354));
#159=DIRECTION('',(0.,0.000305354,0.999999953));
#160=AXIS2_PLACEMENT_3D('',#157,#158,#159);
#161=CIRCLE('',#160,4.116474821);
#162=EDGE_CURVE('',#148,#156,#161,.T.);
#163=ORIENTED_EDGE('',*,*,#162,.T.);
#164=CARTESIAN_POINT('',(27.754389913,-22.397404758,7.736961481));
#165=DIRECTION('',(0.,-0.000305354,-0.999999953));
#166=VECTOR('',#165,2.861393067);
#167=LINE('',#164,#166);
#168=EDGE_CURVE('',#156,#146,#167,.T.);
#169=ORIENTED_EDGE('',*,*,#168,.T.);
#170=EDGE_LOOP('',(#154,#163,#169));
#171=FACE_BOUND('',#170,.T.);
#172=ADVANCED_FACE('',(#171),#144,.T.);
#173=CARTESIAN_POINT('',(-34.948756021,-22.914682676,22.074348722));
#174=DIRECTION('',(0.,-0.999999953,0.000305354));
#175=DIRECTION('',(0.,0.000305354,0.999999953));
#176=AXIS2_PLACEMENT_3D('',#173,#174,#175);
#177=PLANE('',#176);
#178=CARTESIAN_POINT('',(-22.80644577,-22.919429968,6.527524516));
#179=VERTEX_POINT('',#178);
#180=CARTESIAN_POINT('',(-33.872606069,-22.919429968,6.527524516));
#181=VERTEX_POINT('',#180);
#182=CARTESIAN_POINT('',(-22.80644577,-22.919429968,6.527524516));
#183=DIRECTION('',(-1.,0.,0.));
#184=VECTOR('',#183,11.066160299);
#185=LINE('',#182,#184);
#186=EDGE_CURVE('',#179,#181,#185,.T.);
#187=ORIENTED_EDGE('',*,*,#186,.F.);
#188=CARTESIAN_POINT('',(-21.574573092,-22.919677911,5.715540573));
#189=VERTEX_POINT('',#188);
#190=CARTESIAN_POINT('',(-20.195540041,-22.918629754,9.148129413));
#191=DIRECTION('',(0.,-0.999999953,0.000305354));
#192=DIRECTION('',(0.,-0.000305354,-0.999999953));
#193=AXIS2_PLACEMENT_3D('',#190,#191,#192);
#194=CIRCLE('',#193,3.699243084);
#195=EDGE_CURVE('',#179,#189,#194,.T.);
#196=ORIENTED_EDGE('',*,*,#195,.T.);
#197=CARTESIAN_POINT('',(-33.872606069,-22.919677911,5.715540573));
#198=VERTEX_POINT('',#197);
#199=CARTESIAN_POINT('',(-33.872606069,-22.919677911,5.715540573));
#200=DIRECTION('',(1.,0.,-0.));
#201=VECTOR('',#200,12.298032977);
#202=LINE('',#199,#201);
#203=EDGE_CURVE('',#198,#189,#202,.T.);
#204=ORIENTED_EDGE('',*,*,#203,.F.);
#205=CARTESIAN_POINT('',(-33.872606069,-22.919429968,6.527524516));
#206=DIRECTION('',(0.,-0.000305354,-0.999999953));
#207=VECTOR('',#206,0.81198398);
#208=LINE('',#205,#207);
#209=EDGE_CURVE('',#181,#198,#208,.T.);
#210=ORIENTED_EDGE('',*,*,#209,.F.);
#211=EDGE_LOOP('',(#187,#196,#204,#210));
#212=FACE_BOUND('',#211,.T.);
#213=ADVANCED_FACE('',(#212),#177,.F.);
#214=CARTESIAN_POINT('',(-34.948756021,-22.914682676,22.074348722));
#215=DIRECTION('',(0.,-0.999999953,0.000305354));
#216=DIRECTION('',(0.,0.000305354,0.999999953));
#217=AXIS2_PLACEMENT_3D('',#214,#215,#216);
#218=PLANE('',#217);
#219=CARTESIAN_POINT('',(-18.816506989,-22.919677911,5.715540573));
#220=VERTEX_POINT('',#219);
#221=CARTESIAN_POINT('',(0.693658538,-22.919677911,5.715540573));
#222=VERTEX_POINT('',#221);
#223=CARTESIAN_POINT('',(-18.816506989,-22.919677911,5.715540573));
#224=DIRECTION('',(1.,0.,-0.));
#225=VECTOR('',#224,19.510165528);
#226=LINE('',#223,#225);
#227=EDGE_CURVE('',#220,#222,#226,.T.);
#228=ORIENTED_EDGE('',*,*,#227,.F.);
#229=CARTESIAN_POINT('',(-17.584634311,-22.919429968,6.527524516));
#230=VERTEX_POINT('',#229);
#231=CARTESIAN_POINT('',(-20.195540041,-22.918629754,9.148129413));
#232=DIRECTION('',(0.,-0.999999953,0.000305354));
#233=DIRECTION('',(0.,-0.000305354,-0.999999953));
#234=AXIS2_PLACEMENT_3D('',#231,#232,#233);
#235=CIRCLE('',#234,3.699243084);
#236=EDGE_CURVE('',#220,#230,#235,.T.);
#237=ORIENTED_EDGE('',*,*,#236,.T.);
#238=CARTESIAN_POINT('',(-0.53821414,-22.919429968,6.527524516));
#239=VERTEX_POINT('',#238);
#240=CARTESIAN_POINT('',(-0.53821414,-22.919429968,6.527524516));
#241=DIRECTION('',(-1.,0.,0.));
#242=VECTOR('',#241,17.046420171);
#243=LINE('',#240,#242);
#244=EDGE_CURVE('',#239,#230,#243,.T.);
#245=ORIENTED_EDGE('',*,*,#244,.F.);
#246=CARTESIAN_POINT('',(2.07269159,-22.918629754,9.148129413));
#247=DIRECTION('',(0.,-0.999999953,0.000305354));
#248=DIRECTION('',(0.,-0.000305354,-0.999999953));
#249=AXIS2_PLACEMENT_3D('',#246,#247,#248);
#250=CIRCLE('',#249,3.699243084);
#251=EDGE_CURVE('',#239,#222,#250,.T.);
#252=ORIENTED_EDGE('',*,*,#251,.T.);
#253=EDGE_LOOP('',(#228,#237,#245,#252));
#254=FACE_BOUND('',#253,.T.);
#255=ADVANCED_FACE('',(#254),#218,.F.);
#256=CARTESIAN_POINT('',(-48.577495709,-12.44844566,6.524327155));
#257=DIRECTION('',(0.,-0.000305354,-0.999999953));
#258=DIRECTION('',(-1.,0.,0.));
#259=AXIS2_PLACEMENT_3D('',#256,#257,#258);
#260=PLANE('',#259);
#261=CARTESIAN_POINT('',(-23.375874116,-22.497739258,6.527395751));
#262=VERTEX_POINT('',#261);
#263=CARTESIAN_POINT('',(-27.813345906,-22.497739258,6.527395751));
#264=VERTEX_POINT('',#263);
#265=CARTESIAN_POINT('',(-23.375874116,-22.497739258,6.527395751));
#266=DIRECTION('',(-1.,0.,0.));
#267=VECTOR('',#266,4.43747179);
#268=LINE('',#265,#267);
#269=EDGE_CURVE('',#262,#264,#268,.T.);
#270=ORIENTED_EDGE('',*,*,#269,.F.);
#271=CARTESIAN_POINT('',(-23.375874116,-22.497739258,6.527395751));
#272=CARTESIAN_POINT('',(-23.18853783,-22.642316185,6.527439898));
#273=CARTESIAN_POINT('',(-22.999088332,-22.78346387,6.527482998));
#274=CARTESIAN_POINT('',(-22.80644577,-22.919429968,6.527524516));
#275=B_SPLINE_CURVE_WITH_KNOTS('',3,(#271,#272,#273,#274),.UNSPECIFIED.,.F.,.F.,(4,4),(0.,0.000706003),.UNSPECIFIED.);
#276=EDGE_CURVE('',#262,#179,#275,.T.);
#277=ORIENTED_EDGE('',*,*,#276,.T.);
#278=ORIENTED_EDGE('',*,*,#186,.T.);
#279=CARTESIAN_POINT('',(-33.871906237,-19.447803564,6.526464439));
#280=VERTEX_POINT('',#279);
#281=CARTESIAN_POINT('',(-33.871906237,-19.447803564,6.526464439));
#282=DIRECTION('',(-0.000201586,-0.999999933,0.000305354));
#283=VECTOR('',#282,3.471626636);
#284=LINE('',#281,#283);
#285=EDGE_CURVE('',#280,#181,#284,.T.);
#286=ORIENTED_EDGE('',*,*,#285,.F.);
#287=CARTESIAN_POINT('',(-33.824974567,-19.447803564,6.526464439));
#288=VERTEX_POINT('',#287);
#289=CARTESIAN_POINT('',(-33.871906237,-19.447803564,6.526464439));
#290=DIRECTION('',(1.,-0.000000004,0.));
#291=VECTOR('',#290,0.04693167);
#292=LINE('',#289,#291);
#293=EDGE_CURVE('',#280,#288,#292,.T.);
#294=ORIENTED_EDGE('',*,*,#293,.T.);
#295=CARTESIAN_POINT('',(-33.824974567,-16.486110877,6.525560073));
#296=VERTEX_POINT('',#295);
#297=CARTESIAN_POINT('',(-33.824974567,-19.447803564,6.526464439));
#298=DIRECTION('',(0.,0.999999953,-0.000305354));
#299=VECTOR('',#298,2.961692825);
#300=LINE('',#297,#299);
#301=EDGE_CURVE('',#288,#296,#300,.T.);
#302=ORIENTED_EDGE('',*,*,#301,.T.);
#303=CARTESIAN_POINT('',(-33.824974567,-16.486110877,6.525560073));
#304=DIRECTION('',(0.707106781,-0.707106748,0.000215918));
#305=VECTOR('',#304,8.501726785);
#306=LINE('',#303,#305);
#307=EDGE_CURVE('',#296,#264,#306,.T.);
#308=ORIENTED_EDGE('',*,*,#307,.T.);
#309=EDGE_LOOP('',(#270,#277,#278,#286,#294,#302,#308));
#310=FACE_BOUND('',#309,.T.);
#311=ADVANCED_FACE('',(#310),#260,.T.);
#312=CARTESIAN_POINT('',(-48.577495709,-12.44844566,6.524327155));
#313=DIRECTION('',(0.,-0.000305354,-0.999999953));
#314=DIRECTION('',(-1.,0.,0.));
#315=AXIS2_PLACEMENT_3D('',#312,#313,#314);
#316=PLANE('',#315);
#317=ORIENTED_EDGE('',*,*,#244,.T.);
#318=CARTESIAN_POINT('',(-17.015205966,-22.497739258,6.527395751));
#319=VERTEX_POINT('',#318);
#320=CARTESIAN_POINT('',(-17.584634311,-22.919429968,6.527524516));
#321=CARTESIAN_POINT('',(-17.391348297,-22.783009752,6.527482859));
#322=CARTESIAN_POINT('',(-17.201999429,-22.641897265,6.52743977));
#323=CARTESIAN_POINT('',(-17.015205966,-22.497739258,6.527395751));
#324=B_SPLINE_CURVE_WITH_KNOTS('',3,(#320,#321,#322,#323),.UNSPECIFIED.,.F.,.F.,(4,4),(0.,0.000707266),.UNSPECIFIED.);
#325=EDGE_CURVE('',#230,#319,#324,.T.);
#326=ORIENTED_EDGE('',*,*,#325,.T.);
#327=CARTESIAN_POINT('',(-1.107642485,-22.497739258,6.527395751));
#328=VERTEX_POINT('',#327);
#329=CARTESIAN_POINT('',(-1.107642485,-22.497739258,6.527395751));
#330=DIRECTION('',(-1.,0.,0.));
#331=VECTOR('',#330,15.90756348);
#332=LINE('',#329,#331);
#333=EDGE_CURVE('',#328,#319,#332,.T.);
#334=ORIENTED_EDGE('',*,*,#333,.F.);
#335=CARTESIAN_POINT('',(-1.107642485,-22.497739258,6.527395751));
#336=CARTESIAN_POINT('',(-0.920306199,-22.642316185,6.527439898));
#337=CARTESIAN_POINT('',(-0.730856702,-22.78346387,6.527482998));
#338=CARTESIAN_POINT('',(-0.53821414,-22.919429968,6.527524516));
#339=B_SPLINE_CURVE_WITH_KNOTS('',3,(#335,#336,#337,#338),.UNSPECIFIED.,.F.,.F.,(4,4),(0.,0.000706003),.UNSPECIFIED.);
#340=EDGE_CURVE('',#328,#239,#339,.T.);
#341=ORIENTED_EDGE('',*,*,#340,.T.);
#342=EDGE_LOOP('',(#317,#326,#334,#341));
#343=FACE_BOUND('',#342,.T.);
#344=ADVANCED_FACE('',(#343),#316,.T.);
#345=CARTESIAN_POINT('',(-34.922150438,-19.448181959,1.669543646));
#346=DIRECTION('',(0.000000004,0.999999953,-0.000305354));
#347=DIRECTION('',(1.,-0.000000004,0.));
#348=AXIS2_PLACEMENT_3D('',#345,#346,#347);
#349=PLANE('',#348);
#350=CARTESIAN_POINT('',(-35.787330198,-19.448408235,0.928505095));
#351=VERTEX_POINT('',#350);
#352=CARTESIAN_POINT('',(-35.663189015,-19.448408235,0.928505095));
#353=VERTEX_POINT('',#352);
#354=CARTESIAN_POINT('',(-35.787330198,-19.448408235,0.928505095));
#355=DIRECTION('',(1.,-0.000000004,0.));
#356=VECTOR('',#355,0.124141183);
#357=LINE('',#354,#356);
#358=EDGE_CURVE('',#351,#353,#357,.T.);
#359=ORIENTED_EDGE('',*,*,#358,.T.);
#360=CARTESIAN_POINT('',(-33.824974567,-19.447846936,2.766719457));
#361=VERTEX_POINT('',#360);
#362=CARTESIAN_POINT('',(-33.824974567,-19.447846936,2.766719457));
#363=DIRECTION('',(-0.707106781,-0.000215915,-0.707106748));
#364=VECTOR('',#363,2.599627802);
#365=LINE('',#362,#364);
#366=EDGE_CURVE('',#361,#353,#365,.T.);
#367=ORIENTED_EDGE('',*,*,#366,.F.);
#368=CARTESIAN_POINT('',(-33.824974567,-19.447750112,3.083806435));
#369=VERTEX_POINT('',#368);
#370=CARTESIAN_POINT('',(-33.824974567,-19.447750112,3.083806435));
#371=DIRECTION('',(0.,-0.000305354,-0.999999953));
#372=VECTOR('',#371,0.317086992);
#373=LINE('',#370,#372);
#374=EDGE_CURVE('',#369,#361,#373,.T.);
#375=ORIENTED_EDGE('',*,*,#374,.F.);
#376=CARTESIAN_POINT('',(-35.787330198,-19.447755143,3.06730285));
#377=VERTEX_POINT('',#376);
#378=CARTESIAN_POINT('',(-35.787330198,-19.447755143,3.06730285));
#379=DIRECTION('',(0.999964637,0.000002564,0.008409791));
#380=VECTOR('',#379,1.962425028);
#381=LINE('',#378,#380);
#382=EDGE_CURVE('',#377,#369,#381,.T.);
#383=ORIENTED_EDGE('',*,*,#382,.F.);
#384=CARTESIAN_POINT('',(-35.787330198,-19.448408235,0.928505095));
#385=DIRECTION('',(-0.,0.000305354,0.999999953));
#386=VECTOR('',#385,2.138797854);
#387=LINE('',#384,#386);
#388=EDGE_CURVE('',#351,#377,#387,.T.);
#389=ORIENTED_EDGE('',*,*,#388,.F.);
#390=EDGE_LOOP('',(#359,#367,#375,#383,#389));
#391=FACE_BOUND('',#390,.T.);
#392=ADVANCED_FACE('',(#391),#349,.F.);
#393=CARTESIAN_POINT('',(0.,-47.623989008,0.937108633));
#394=DIRECTION('',(0.,0.000305354,0.999999953));
#395=DIRECTION('',(1.,0.,0.));
#396=AXIS2_PLACEMENT_3D('',#393,#394,#395);
#397=PLANE('',#396);
#398=CARTESIAN_POINT('',(-35.663189015,-17.089072305,0.927784662));
#399=VERTEX_POINT('',#398);
#400=CARTESIAN_POINT('',(-35.663189015,-19.448408235,0.928505095));
#401=DIRECTION('',(-0.,0.999999953,-0.000305354));
#402=VECTOR('',#401,2.359336041);
#403=LINE('',#400,#402);
#404=EDGE_CURVE('',#353,#399,#403,.T.);
#405=ORIENTED_EDGE('',*,*,#404,.F.);
#406=ORIENTED_EDGE('',*,*,#358,.F.);
#407=CARTESIAN_POINT('',(-35.787330198,-19.449512917,0.928505433));
#408=VERTEX_POINT('',#407);
#409=CARTESIAN_POINT('',(-35.787330198,-19.448408235,0.928505095));
#410=DIRECTION('',(0.,-0.999999953,0.000305354));
#411=VECTOR('',#410,0.001104682);
#412=LINE('',#409,#411);
#413=EDGE_CURVE('',#351,#408,#412,.T.);
#414=ORIENTED_EDGE('',*,*,#413,.T.);
#415=CARTESIAN_POINT('',(-40.380763225,-19.449512898,0.928505433));
#416=VERTEX_POINT('',#415);
#417=CARTESIAN_POINT('',(-40.380763225,-19.449512898,0.928505433));
#418=DIRECTION('',(1.,-0.000000004,0.));
#419=VECTOR('',#418,4.593433027);
#420=LINE('',#417,#419);
#421=EDGE_CURVE('',#416,#408,#420,.T.);
#422=ORIENTED_EDGE('',*,*,#421,.F.);
#423=CARTESIAN_POINT('',(-40.380763225,-12.16412602,0.926280808));
#424=VERTEX_POINT('',#423);
#425=CARTESIAN_POINT('',(-40.380763225,-19.449512898,0.928505433));
#426=DIRECTION('',(0.,0.999999953,-0.000305354));
#427=VECTOR('',#426,7.285387217);
#428=LINE('',#425,#427);
#429=EDGE_CURVE('',#416,#424,#428,.T.);
#430=ORIENTED_EDGE('',*,*,#429,.T.);
#431=CARTESIAN_POINT('',(-35.663189015,-12.16412602,0.926280808));
#432=VERTEX_POINT('',#431);
#433=CARTESIAN_POINT('',(-40.380763225,-12.16412602,0.926280808));
#434=DIRECTION('',(1.,-0.,0.));
#435=VECTOR('',#434,4.717574211);
#436=LINE('',#433,#435);
#437=EDGE_CURVE('',#424,#432,#436,.T.);
#438=ORIENTED_EDGE('',*,*,#437,.T.);
#439=CARTESIAN_POINT('',(-35.663189015,-14.749072871,0.927070133));
#440=VERTEX_POINT('',#439);
#441=CARTESIAN_POINT('',(-35.663189015,-14.749072871,0.927070133));
#442=DIRECTION('',(0.,0.999999953,-0.000305354));
#443=VECTOR('',#442,2.584946971);
#444=LINE('',#441,#443);
#445=EDGE_CURVE('',#440,#432,#444,.T.);
#446=ORIENTED_EDGE('',*,*,#445,.F.);
#447=CARTESIAN_POINT('',(-38.506159552,-15.919072588,0.927427397));
#448=VERTEX_POINT('',#447);
#449=CARTESIAN_POINT('',(-36.843922674,-15.919072588,0.927427397));
#450=DIRECTION('',(-0.,0.000305354,0.999999953));
#451=DIRECTION('',(1.,0.,0.));
#452=AXIS2_PLACEMENT_3D('',#449,#450,#451);
#453=CIRCLE('',#452,1.662236878);
#454=EDGE_CURVE('',#440,#448,#453,.T.);
#455=ORIENTED_EDGE('',*,*,#454,.T.);
#456=CARTESIAN_POINT('',(-36.843922674,-15.919072588,0.927427397));
#457=DIRECTION('',(-0.,0.000305354,0.999999953));
#458=DIRECTION('',(1.,0.,0.));
#459=AXIS2_PLACEMENT_3D('',#456,#457,#458);
#460=CIRCLE('',#459,1.662236878);
#461=EDGE_CURVE('',#448,#399,#460,.T.);
#462=ORIENTED_EDGE('',*,*,#461,.T.);
#463=EDGE_LOOP('',(#405,#406,#414,#422,#430,#438,#446,#455,#462));
#464=FACE_BOUND('',#463,.T.);
#465=ADVANCED_FACE('',(#464),#397,.F.);
#466=CARTESIAN_POINT('',(-36.843922674,-15.917605393,5.732319602));
#467=DIRECTION('',(-0.,-0.000305354,-0.999999953));
#468=DIRECTION('',(-1.,0.,0.));
#469=AXIS2_PLACEMENT_3D('',#466,#467,#468);
#470=CYLINDRICAL_SURFACE('',#469,1.662236878);
#471=CARTESIAN_POINT('',(-38.506159552,-15.917605393,5.732319602));
#472=VERTEX_POINT('',#471);
#473=CARTESIAN_POINT('',(-38.506159552,-15.919072588,0.927427397));
#474=DIRECTION('',(-0.,0.000305354,0.999999953));
#475=VECTOR('',#474,4.804892429);
#476=LINE('',#473,#475);
#477=EDGE_CURVE('',#448,#472,#476,.T.);
#478=ORIENTED_EDGE('',*,*,#477,.F.);
#479=ORIENTED_EDGE('',*,*,#454,.F.);
#480=CARTESIAN_POINT('',(-36.843922674,-15.91943313,-0.253306207));
#481=DIRECTION('',(-0.707106781,0.000215918,0.707106748));
#482=DIRECTION('',(-0.707106781,-0.000215918,-0.707106748));
#483=AXIS2_PLACEMENT_3D('',#480,#481,#482);
#484=ELLIPSE('',#483,2.350757937,1.662236878);
#485=EDGE_CURVE('',#399,#440,#484,.T.);
#486=ORIENTED_EDGE('',*,*,#485,.F.);
#487=ORIENTED_EDGE('',*,*,#461,.F.);
#488=ORIENTED_EDGE('',*,*,#477,.T.);
#489=CARTESIAN_POINT('',(-38.45045343,-15.490884933,5.732189301));
#490=VERTEX_POINT('',#489);
#491=CARTESIAN_POINT('',(-36.843922674,-15.917605393,5.732319602));
#492=DIRECTION('',(0.,0.000305354,0.999999953));
#493=DIRECTION('',(-0.966487254,0.25671459,-0.000078389));
#494=AXIS2_PLACEMENT_3D('',#491,#492,#493);
#495=CIRCLE('',#494,1.662236878);
#496=EDGE_CURVE('',#472,#490,#495,.T.);
#497=ORIENTED_EDGE('',*,*,#496,.T.);
#498=CARTESIAN_POINT('',(-36.843922674,-15.917605393,5.732319602));
#499=DIRECTION('',(0.,0.000305354,0.999999953));
#500=DIRECTION('',(-0.966487254,0.25671459,-0.000078389));
#501=AXIS2_PLACEMENT_3D('',#498,#499,#500);
#502=CIRCLE('',#501,1.662236878);
#503=EDGE_CURVE('',#490,#472,#502,.T.);
#504=ORIENTED_EDGE('',*,*,#503,.T.);
#505=EDGE_LOOP('',(#478,#479,#486,#487,#488,#497,#504));
#506=FACE_BOUND('',#505,.T.);
#507=ADVANCED_FACE('',(#506),#470,.F.);
#508=CARTESIAN_POINT('',(-34.978916722,-30.556450693,1.123432151));
#509=DIRECTION('',(0.,-0.999999953,0.000305354));
#510=DIRECTION('',(-1.,-0.,0.));
#511=AXIS2_PLACEMENT_3D('',#508,#509,#510);
#512=PLANE('',#511);
#513=CARTESIAN_POINT('',(-35.787330198,-30.555856088,3.070694757));
#514=VERTEX_POINT('',#513);
#515=CARTESIAN_POINT('',(-33.864789122,-30.555856088,3.070694767));
#516=VERTEX_POINT('',#515);
#517=CARTESIAN_POINT('',(-35.787330198,-30.555856088,3.070694757));
#518=DIRECTION('',(1.,0.,0.000000005));
#519=VECTOR('',#518,1.922541076);
#520=LINE('',#517,#519);
#521=EDGE_CURVE('',#514,#516,#520,.T.);
#522=ORIENTED_EDGE('',*,*,#521,.F.);
#523=CARTESIAN_POINT('',(-33.874145256,-30.555851175,3.086784812));
#524=VERTEX_POINT('',#523);
#525=CARTESIAN_POINT('',(-35.787330198,-30.555856088,3.070694757));
#526=DIRECTION('',(0.999964637,0.000002568,0.008409791));
#527=VECTOR('',#526,1.913252601);
#528=LINE('',#525,#527);
#529=EDGE_CURVE('',#514,#524,#528,.T.);
#530=ORIENTED_EDGE('',*,*,#529,.T.);
#531=CARTESIAN_POINT('',(-33.874145256,-30.554799818,6.52985601));
#532=VERTEX_POINT('',#531);
#533=CARTESIAN_POINT('',(-33.874145256,-30.555851175,3.086784812));
#534=DIRECTION('',(0.,0.000305354,0.999999953));
#535=VECTOR('',#534,3.443071358);
#536=LINE('',#533,#535);
#537=EDGE_CURVE('',#524,#532,#536,.T.);
#538=ORIENTED_EDGE('',*,*,#537,.T.);
#539=CARTESIAN_POINT('',(-33.864789122,-30.554799818,6.52985601));
#540=VERTEX_POINT('',#539);
#541=CARTESIAN_POINT('',(-33.874145256,-30.554799818,6.52985601));
#542=DIRECTION('',(1.,0.,-0.));
#543=VECTOR('',#542,0.009356134);
#544=LINE('',#541,#543);
#545=EDGE_CURVE('',#532,#540,#544,.T.);
#546=ORIENTED_EDGE('',*,*,#545,.T.);
#547=CARTESIAN_POINT('',(-33.864789122,-30.555856088,3.070694767));
#548=DIRECTION('',(0.,0.000305354,0.999999953));
#549=VECTOR('',#548,3.459161404);
#550=LINE('',#547,#549);
#551=EDGE_CURVE('',#516,#540,#550,.T.);
#552=ORIENTED_EDGE('',*,*,#551,.F.);
#553=EDGE_LOOP('',(#522,#530,#538,#546,#552));
#554=FACE_BOUND('',#553,.T.);
#555=ADVANCED_FACE('',(#554),#512,.F.);
#556=CARTESIAN_POINT('',(-38.251286468,-33.545580876,11.384599926));
#557=CARTESIAN_POINT('',(-38.251286468,-33.545793419,10.688546527));
#558=CARTESIAN_POINT('',(-38.251286468,-33.547326038,5.669396676));
#559=CARTESIAN_POINT('',(-38.251286468,-33.548772376,0.932810704));
#560=CARTESIAN_POINT('',(-38.185629191,-33.242532192,11.384507388));
#561=CARTESIAN_POINT('',(-38.185629191,-33.242744735,10.68845399));
#562=CARTESIAN_POINT('',(-38.185629191,-33.244277355,5.669304138));
#563=CARTESIAN_POINT('',(-38.185629191,-33.245723692,0.932718167));
#564=CARTESIAN_POINT('',(-38.010792885,-32.985504456,11.384428904));
#565=CARTESIAN_POINT('',(-38.010792885,-32.985716999,10.688375505));
#566=CARTESIAN_POINT('',(-38.010792885,-32.987249619,5.669225654));
#567=CARTESIAN_POINT('',(-38.010792885,-32.988695956,0.932639682));
#568=CARTESIAN_POINT('',(-37.837087292,-32.730138988,11.384350927));
#569=CARTESIAN_POINT('',(-37.837087292,-32.730351531,10.688297528));
#570=CARTESIAN_POINT('',(-37.837087292,-32.73188415,5.669147677));
#571=CARTESIAN_POINT('',(-37.837087292,-32.733330488,0.932561705));
#572=CARTESIAN_POINT('',(-37.575492795,-32.561512507,11.384299436));
#573=CARTESIAN_POINT('',(-37.575492795,-32.56172505,10.688246038));
#574=CARTESIAN_POINT('',(-37.575492795,-32.56325767,5.669096186));
#575=CARTESIAN_POINT('',(-37.575492795,-32.564704007,0.932510214));
#576=CARTESIAN_POINT('',(-37.314746737,-32.393432939,11.384248112));
#577=CARTESIAN_POINT('',(-37.314746737,-32.393645482,10.688194714));
#578=CARTESIAN_POINT('',(-37.314746737,-32.395178102,5.669044862));
#579=CARTESIAN_POINT('',(-37.314746737,-32.396624439,0.93245889));
#580=CARTESIAN_POINT('',(-37.009513106,-32.334839146,11.38423022));
#581=CARTESIAN_POINT('',(-37.009513106,-32.335051689,10.688176822));
#582=CARTESIAN_POINT('',(-37.009513106,-32.336584309,5.66902697));
#583=CARTESIAN_POINT('',(-37.009513106,-32.338030646,0.932440999));
#584=CARTESIAN_POINT('',(-36.70662283,-32.276695192,11.384212466));
#585=CARTESIAN_POINT('',(-36.70662283,-32.276907735,10.688159067));
#586=CARTESIAN_POINT('',(-36.70662283,-32.278440354,5.669009216));
#587=CARTESIAN_POINT('',(-36.70662283,-32.279886692,0.932423244));
#588=CARTESIAN_POINT('',(-36.402167214,-32.341965994,11.384232397));
#589=CARTESIAN_POINT('',(-36.402167214,-32.342178537,10.688178998));
#590=CARTESIAN_POINT('',(-36.402167214,-32.343711156,5.669029147));
#591=CARTESIAN_POINT('',(-36.402167214,-32.345157494,0.932443175));
#592=CARTESIAN_POINT('',(-36.098448334,-32.40707885,11.384252279));
#593=CARTESIAN_POINT('',(-36.098448334,-32.407291393,10.688198881));
#594=CARTESIAN_POINT('',(-36.098448334,-32.408824013,5.669049029));
#595=CARTESIAN_POINT('',(-36.098448334,-32.41027035,0.932463057));
#596=CARTESIAN_POINT('',(-35.841603578,-32.581150672,11.384305433));
#597=CARTESIAN_POINT('',(-35.841603578,-32.581363215,10.688252034));
#598=CARTESIAN_POINT('',(-35.841603578,-32.582895834,5.669102183));
#599=CARTESIAN_POINT('',(-35.841603578,-32.584342172,0.932516211));
#600=CARTESIAN_POINT('',(-35.584826465,-32.75517665,11.384358572));
#601=CARTESIAN_POINT('',(-35.584826465,-32.755389193,10.688305174));
#602=CARTESIAN_POINT('',(-35.584826465,-32.756921813,5.669155322));
#603=CARTESIAN_POINT('',(-35.584826465,-32.75836815,0.93256935));
#604=CARTESIAN_POINT('',(-35.415433751,-33.017682813,11.38443873));
#605=CARTESIAN_POINT('',(-35.415433751,-33.017895356,10.688385331));
#606=CARTESIAN_POINT('',(-35.415433751,-33.019427975,5.66923548));
#607=CARTESIAN_POINT('',(-35.415433751,-33.020874313,0.932649508));
#608=CARTESIAN_POINT('',(-35.247241545,-33.278328561,11.384518319));
#609=CARTESIAN_POINT('',(-35.247241545,-33.278541104,10.68846492));
#610=CARTESIAN_POINT('',(-35.247241545,-33.280073724,5.669315069));
#611=CARTESIAN_POINT('',(-35.247241545,-33.281520061,0.932729097));
#612=CARTESIAN_POINT('',(-35.188716602,-33.584136255,11.384611699));
#613=CARTESIAN_POINT('',(-35.188716602,-33.584348798,10.6885583));
#614=CARTESIAN_POINT('',(-35.188716602,-33.585881417,5.669408449));
#615=CARTESIAN_POINT('',(-35.188716602,-33.587327755,0.932822477));
#616=CARTESIAN_POINT('',(-35.130612422,-33.887745357,11.384704407));
#617=CARTESIAN_POINT('',(-35.130612422,-33.8879579,10.688651009));
#618=CARTESIAN_POINT('',(-35.130612422,-33.889490519,5.669501157));
#619=CARTESIAN_POINT('',(-35.130612422,-33.890936857,0.932915185));
#620=CARTESIAN_POINT('',(-35.196178611,-34.19192698,11.38479729));
#621=CARTESIAN_POINT('',(-35.196178611,-34.192139523,10.688743892));
#622=CARTESIAN_POINT('',(-35.196178611,-34.193672142,5.66959404));
#623=CARTESIAN_POINT('',(-35.196178611,-34.19511848,0.933008069));
#624=CARTESIAN_POINT('',(-35.261520782,-34.495069312,11.384889856));
#625=CARTESIAN_POINT('',(-35.261520782,-34.495281855,10.688836458));
#626=CARTESIAN_POINT('',(-35.261520782,-34.496814475,5.669686606));
#627=CARTESIAN_POINT('',(-35.261520782,-34.498260812,0.933100634));
#628=CARTESIAN_POINT('',(-35.435949345,-34.75252287,11.384968471));
#629=CARTESIAN_POINT('',(-35.435949345,-34.752735413,10.688915072));
#630=CARTESIAN_POINT('',(-35.435949345,-34.754268032,5.669765221));
#631=CARTESIAN_POINT('',(-35.435949345,-34.75571437,0.933179249));
#632=CARTESIAN_POINT('',(-35.608973407,-35.007903407,11.385046452));
#633=CARTESIAN_POINT('',(-35.608973407,-35.00811595,10.688993054));
#634=CARTESIAN_POINT('',(-35.608973407,-35.009648569,5.669843202));
#635=CARTESIAN_POINT('',(-35.608973407,-35.011094907,0.933257231));
#636=CARTESIAN_POINT('',(-35.870252679,-35.177122543,11.385098124));
#637=CARTESIAN_POINT('',(-35.870252679,-35.177335086,10.689044726));
#638=CARTESIAN_POINT('',(-35.870252679,-35.178867705,5.669894874));
#639=CARTESIAN_POINT('',(-35.870252679,-35.180314043,0.933308902));
#640=CARTESIAN_POINT('',(-36.130873742,-35.345915386,11.385149666));
#641=CARTESIAN_POINT('',(-36.130873742,-35.346127929,10.689096267));
#642=CARTESIAN_POINT('',(-36.130873742,-35.347660548,5.669946416));
#643=CARTESIAN_POINT('',(-36.130873742,-35.349106886,0.933360444));
#644=CARTESIAN_POINT('',(-36.435639815,-35.404585795,11.385167581));
#645=CARTESIAN_POINT('',(-36.435639815,-35.404798338,10.689114183));
#646=CARTESIAN_POINT('',(-36.435639815,-35.406330957,5.669964331));
#647=CARTESIAN_POINT('',(-36.435639815,-35.407777295,0.933378359));
#648=CARTESIAN_POINT('',(-36.740196112,-35.46321582,11.385185484));
#649=CARTESIAN_POINT('',(-36.740196112,-35.463428363,10.689132085));
#650=CARTESIAN_POINT('',(-36.740196112,-35.464960982,5.669982234));
#651=CARTESIAN_POINT('',(-36.740196112,-35.46640732,0.933396262));
#652=CARTESIAN_POINT('',(-37.045501965,-35.397621359,11.385165454));
#653=CARTESIAN_POINT('',(-37.045501965,-35.397833902,10.689112056));
#654=CARTESIAN_POINT('',(-37.045501965,-35.399366521,5.669962204));
#655=CARTESIAN_POINT('',(-37.045501965,-35.400812859,0.933376233));
#656=CARTESIAN_POINT('',(-37.349051313,-35.332404279,11.38514554));
#657=CARTESIAN_POINT('',(-37.349051313,-35.332616822,10.689092142));
#658=CARTESIAN_POINT('',(-37.349051313,-35.334149442,5.66994229));
#659=CARTESIAN_POINT('',(-37.349051313,-35.335595779,0.933356318));
#660=CARTESIAN_POINT('',(-37.606755112,-35.15759348,11.385092161));
#661=CARTESIAN_POINT('',(-37.606755112,-35.157806023,10.689038762));
#662=CARTESIAN_POINT('',(-37.606755112,-35.159338643,5.669888911));
#663=CARTESIAN_POINT('',(-37.606755112,-35.16078498,0.933302939));
#664=CARTESIAN_POINT('',(-37.862136633,-34.984357975,11.385039263));
#665=CARTESIAN_POINT('',(-37.862136633,-34.984570518,10.688985864));
#666=CARTESIAN_POINT('',(-37.862136633,-34.986103137,5.669836013));
#667=CARTESIAN_POINT('',(-37.862136633,-34.987549475,0.933250041));
#668=CARTESIAN_POINT('',(-38.031583508,-34.723028963,11.384959465));
#669=CARTESIAN_POINT('',(-38.031583508,-34.723241506,10.688906066));
#670=CARTESIAN_POINT('',(-38.031583508,-34.724774126,5.669756215));
#671=CARTESIAN_POINT('',(-38.031583508,-34.726220463,0.933170243));
#672=CARTESIAN_POINT('',(-38.200397799,-34.462675551,11.384879965));
#673=CARTESIAN_POINT('',(-38.200397799,-34.462888094,10.688826566));
#674=CARTESIAN_POINT('',(-38.200397799,-34.464420714,5.669676715));
#675=CARTESIAN_POINT('',(-38.200397799,-34.465867051,0.933090743));
#676=CARTESIAN_POINT('',(-38.258772717,-34.157085188,11.384786651));
#677=CARTESIAN_POINT('',(-38.258772717,-34.157297731,10.688733253));
#678=CARTESIAN_POINT('',(-38.258772717,-34.15883035,5.669583401));
#679=CARTESIAN_POINT('',(-38.258772717,-34.160276688,0.932997429));
#680=CARTESIAN_POINT('',(-38.317342972,-33.850472238,11.384693026));
#681=CARTESIAN_POINT('',(-38.317342972,-33.850684781,10.688639627));
#682=CARTESIAN_POINT('',(-38.317342972,-33.852217401,5.669489776));
#683=CARTESIAN_POINT('',(-38.317342972,-33.853663738,0.932903804));
#684=CARTESIAN_POINT('',(-38.251286468,-33.545580876,11.384599926));
#685=CARTESIAN_POINT('',(-38.251286468,-33.545793419,10.688546527));
#686=CARTESIAN_POINT('',(-38.251286468,-33.547326038,5.669396676));
#687=CARTESIAN_POINT('',(-38.251286468,-33.548772376,0.932810704));
#688=B_SPLINE_SURFACE_WITH_KNOTS('',2,1,((#556,#557,#558,#559),(#560,#561,#562,#563),(#564,#565,#566,#567),(#568,#569,#570,#571),(#572,#573,#574,#575),(#576,#577,#578,#579),(#580,#581,#582,#583),(#584,#585,#586,#587),(#588,#589,#590,#591),(#592,#593,#594,#595),(#596,#597,#598,#599),(#600,#601,#602,#603),(#604,#605,#606,#607),(#608,#609,#610,#611),(#612,#613,#614,#615),(#616,#617,#618,#619),(#620,#621,#622,#623),(#624,#625,#626,#627),(#628,#629,#630,#631),(#632,#633,#634,#635),(#636,#637,#638,#639),(#640,#641,#642,#643),(#644,#645,#646,#647),(#648,#649,#650,#651),(#652,#653,#654,#655),(#656,#657,#658,#659),
(#660,#661,#662,#663),(#664,#665,#666,#667),(#668,#669,#670,#671),(#672,#673,#674,#675),(#676,#677,#678,#679),(#680,#681,#682,#683),(#684,#685,#686,#687)),.UNSPECIFIED.,.T.,.F.,.U.,(3,2,2,2,2,2,2,2,2,2,2,2,2,2,2,2,3),(2,1,1,2),(0.,0.0625,0.125,0.1875,0.25,0.3125,0.375,0.4375,0.5,0.5625,0.625,0.6875,0.75,0.8125,0.875,0.9375,1.),(-1.138679541,-1.,0.,0.94370284),.UNSPECIFIED.);
#689=CARTESIAN_POINT('',(-38.251127692,-33.548806701,0.932810714));
#690=VERTEX_POINT('',#689);
#691=CARTESIAN_POINT('',(-38.251195383,-33.545600449,11.384599932));
#692=VERTEX_POINT('',#691);
#693=CARTESIAN_POINT('',(-38.251286468,-33.548772376,0.932810704));
#694=CARTESIAN_POINT('',(-38.251286468,-33.547326038,5.669396676));
#695=CARTESIAN_POINT('',(-38.251286468,-33.545793419,10.688546527));
#696=CARTESIAN_POINT('',(-38.251286468,-33.545580876,11.384599926));
#697=B_SPLINE_CURVE_WITH_KNOTS('',1,(#693,#694,#695,#696),.UNSPECIFIED.,.F.,.F.,(2,1,1,2),(-1.62370284,-0.68,0.32,0.458679541),.UNSPECIFIED.);
#698=EDGE_CURVE('',#690,#692,#697,.T.);
#699=ORIENTED_EDGE('',*,*,#698,.F.);
#700=CARTESIAN_POINT('',(-35.787330218,-32.622836732,0.932527965));
#701=VERTEX_POINT('',#700);
#702=CARTESIAN_POINT('',(-35.710247531,-35.061648323,0.933272667));
#703=CARTESIAN_POINT('',(-35.821034344,-35.155502866,0.933301326));
#704=CARTESIAN_POINT('',(-35.94718582,-35.234886767,0.933325566));
#705=CARTESIAN_POINT('',(-36.079674082,-35.29496113,0.93334391));
#706=CARTESIAN_POINT('',(-36.212162345,-35.355035493,0.933362254));
#707=CARTESIAN_POINT('',(-36.353961657,-35.396923135,0.933375045));
#708=CARTESIAN_POINT('',(-36.499580124,-35.418716317,0.9333817));
#709=CARTESIAN_POINT('',(-36.64519859,-35.440509498,0.933388354));
#710=CARTESIAN_POINT('',(-36.793762234,-35.440696122,0.933388411));
#711=CARTESIAN_POINT('',(-36.937689827,-35.420106776,0.933382124));
#712=CARTESIAN_POINT('',(-37.08161742,-35.399517431,0.933375837));
#713=CARTESIAN_POINT('',(-37.224710445,-35.358534826,0.933363323));
#714=CARTESIAN_POINT('',(-37.357848578,-35.299364117,0.933345255));
#715=CARTESIAN_POINT('',(-37.424417644,-35.269778763,0.933336221));
#716=CARTESIAN_POINT('',(-37.488629572,-35.235691358,0.933325812));
#717=CARTESIAN_POINT('',(-37.550566789,-35.197259334,0.933314077));
#718=CARTESIAN_POINT('',(-37.612504006,-35.158827309,0.933302341));
#719=CARTESIAN_POINT('',(-37.672674121,-35.115726419,0.93328918));
#720=CARTESIAN_POINT('',(-37.728848541,-35.068850359,0.933274866));
#721=CARTESIAN_POINT('',(-37.841197382,-34.975098238,0.933246239));
#722=CARTESIAN_POINT('',(-37.937834989,-34.866821763,0.933213176));
#723=CARTESIAN_POINT('',(-38.019449172,-34.744656781,0.933175872));
#724=CARTESIAN_POINT('',(-38.101063354,-34.6224918,0.933138569));
#725=CARTESIAN_POINT('',(-38.165043058,-34.490970569,0.933098408));
#726=CARTESIAN_POINT('',(-38.209875126,-34.351931955,0.933055952));
#727=CARTESIAN_POINT('',(-38.23229116,-34.282412648,0.933034724));
#728=CARTESIAN_POINT('',(-38.250055487,-34.210483896,0.93301276));
#729=CARTESIAN_POINT('',(-38.262752422,-34.138632289,0.93299082));
#730=CARTESIAN_POINT('',(-38.275449358,-34.066780682,0.93296888));
#731=CARTESIAN_POINT('',(-38.283093038,-33.994543711,0.932946822));
#732=CARTESIAN_POINT('',(-38.285484567,-33.921906208,0.932924642));
#733=CARTESIAN_POINT('',(-38.295050684,-33.631356195,0.932835921));
#734=CARTESIAN_POINT('',(-38.217531285,-33.334801546,0.932745367));
#735=CARTESIAN_POINT('',(-38.070467324,-33.083180119,0.932668533));
#736=CARTESIAN_POINT('',(-38.033701334,-33.020274762,0.932649325));
#737=CARTESIAN_POINT('',(-37.992972484,-32.960064199,0.932630939));
#738=CARTESIAN_POINT('',(-37.94793883,-32.902780954,0.932613448));
#739=CARTESIAN_POINT('',(-37.902905176,-32.84549771,0.932595956));
#740=CARTESIAN_POINT('',(-37.853070545,-32.790745508,0.932579237));
#741=CARTESIAN_POINT('',(-37.799839021,-32.740345319,0.932563847));
#742=CARTESIAN_POINT('',(-37.693375972,-32.639544942,0.932533067));
#743=CARTESIAN_POINT('',(-37.574353426,-32.556007887,0.932507559));
#744=CARTESIAN_POINT('',(-37.443829709,-32.488279461,0.932486878));
#745=CARTESIAN_POINT('',(-37.313305992,-32.420551035,0.932466197));
#746=CARTESIAN_POINT('',(-37.175312944,-32.372103028,0.932451403));
#747=CARTESIAN_POINT('',(-37.032281776,-32.342566487,0.932442384));
#748=CARTESIAN_POINT('',(-36.960766192,-32.327798216,0.932437874));
#749=CARTESIAN_POINT('',(-36.887290961,-32.317818803,0.932434827));
#750=CARTESIAN_POINT('',(-36.814459877,-32.313392422,0.932433475));
#751=CARTESIAN_POINT('',(-36.741628793,-32.308966042,0.932432124));
#752=CARTESIAN_POINT('',(-36.669044404,-32.30989222,0.932432406));
#753=CARTESIAN_POINT('',(-36.596700455,-32.316035265,0.932434282));
#754=CARTESIAN_POINT('',(-36.452012558,-32.328321355,0.932438034));
#755=CARTESIAN_POINT('',(-36.306754927,-32.361690219,0.932448223));
#756=CARTESIAN_POINT('',(-36.17072019,-32.413151049,0.932463937));
#757=CARTESIAN_POINT('',(-36.102702821,-32.438881464,0.932471794));
#758=CARTESIAN_POINT('',(-36.03656447,-32.469301583,0.932481083));
#759=CARTESIAN_POINT('',(-35.972325056,-32.504461114,0.932491819));
#760=CARTESIAN_POINT('',(-35.908085641,-32.539620645,0.932502555));
#761=CARTESIAN_POINT('',(-35.84579497,-32.579455229,0.932514719));
#762=CARTESIAN_POINT('',(-35.787330218,-32.622836732,0.932527965));
#763=B_SPLINE_CURVE_WITH_KNOTS('',3,(#702,#703,#704,#705,#706,#707,#708,#709,#710,#711,#712,#713,#714,#715,#716,#717,#718,#719,#720,#721,#722,#723,#724,#725,#726,#727,
#728,#729,#730,#731,#732,#733,#734,#735,#736,#737,#738,#739,#740,#741,#742,#743,#744,#745,#746,#747,#748,#749,#750,#751,#752,
#753,#754,#755,#756,#757,#758,#759,#760,#761,#762),.UNSPECIFIED.,.F.,.F.,(4,3,3,3,3,3,3,3,3,3,3,3,3,3,3,3,3,3,3,3,4),(0.008705153,0.00914132,0.009577486,0.010013653,0.01044982,0.010667903,0.010885987,0.011322153,0.01175832,0.011976403,0.012194487,0.01306682,0.013284903,0.013502987,0.013939153,0.01437532,0.014593403,0.014811487,0.015247654,0.015465737,0.01568382),.UNSPECIFIED.);
#764=EDGE_CURVE('',#690,#701,#763,.T.);
#765=ORIENTED_EDGE('',*,*,#764,.T.);
#766=CARTESIAN_POINT('',(-35.787330198,-32.622183656,3.071325719));
#767=VERTEX_POINT('',#766);
#768=CARTESIAN_POINT('',(-35.787330215,-32.622836736,0.932527965));
#769=CARTESIAN_POINT('',(-35.787330208,-32.622619044,1.64546055));
#770=CARTESIAN_POINT('',(-35.787330205,-32.622401348,2.358393135));
#771=CARTESIAN_POINT('',(-35.787330198,-32.622183656,3.071325719));
#772=B_SPLINE_CURVE_WITH_KNOTS('',3,(#768,#769,#770,#771),.UNSPECIFIED.,.F.,.F.,(4,4),(0.,0.002138798),.UNSPECIFIED.);
#773=EDGE_CURVE('',#701,#767,#772,.T.);
#774=ORIENTED_EDGE('',*,*,#773,.T.);
#775=CARTESIAN_POINT('',(-35.255097348,-33.343628391,3.071546019));
#776=VERTEX_POINT('',#775);
#777=CARTESIAN_POINT('',(-35.255097348,-33.343628391,3.071546019));
#778=CARTESIAN_POINT('',(-35.306848059,-33.199926945,3.071502138));
#779=CARTESIAN_POINT('',(-35.377889203,-33.067036601,3.071461559));
#780=CARTESIAN_POINT('',(-35.467441783,-32.944520777,3.071424148));
#781=CARTESIAN_POINT('',(-35.512218073,-32.883262865,3.071405443));
#782=CARTESIAN_POINT('',(-35.56190414,-32.824875374,3.071387613));
#783=CARTESIAN_POINT('',(-35.61527274,-32.771097707,3.071371192));
#784=CARTESIAN_POINT('',(-35.66864134,-32.71732004,3.07135477));
#785=CARTESIAN_POINT('',(-35.726001483,-32.667689979,3.071339615));
#786=CARTESIAN_POINT('',(-35.787330198,-32.622183656,3.071325719));
#787=B_SPLINE_CURVE_WITH_KNOTS('',3,(#777,#778,#779,#780,#781,#782,#783,#784,#785,#786),.UNSPECIFIED.,.F.,.F.,(4,3,3,4),(0.,0.000451973,0.000677959,0.000903945),.UNSPECIFIED.);
#788=EDGE_CURVE('',#776,#767,#787,.T.);
#789=ORIENTED_EDGE('',*,*,#788,.F.);
#790=CARTESIAN_POINT('',(-35.255097348,-33.3441425,1.387898424));
#791=VERTEX_POINT('',#790);
#792=CARTESIAN_POINT('',(-35.255097348,-33.3441425,1.387898424));
#793=DIRECTION('',(-0.,0.000305354,0.999999953));
#794=VECTOR('',#793,1.683647673);
#795=LINE('',#792,#794);
#796=EDGE_CURVE('',#791,#776,#795,.T.);
#797=ORIENTED_EDGE('',*,*,#796,.F.);
#798=CARTESIAN_POINT('',(-35.710247531,-35.061648323,0.933272667));
#799=VERTEX_POINT('',#798);
#800=CARTESIAN_POINT('',(-35.710247531,-35.061648323,0.933272667));
#801=CARTESIAN_POINT('',(-35.659467838,-35.018615352,0.984039222));
#802=CARTESIAN_POINT('',(-35.610428144,-34.971332203,1.03306448));
#803=CARTESIAN_POINT('',(-35.563462425,-34.918983094,1.080014217));
#804=CARTESIAN_POINT('',(-35.516496706,-34.866633985,1.126963953));
#805=CARTESIAN_POINT('',(-35.471513279,-34.808867288,1.171929742));
#806=CARTESIAN_POINT('',(-35.430397516,-34.747381635,1.213026732));
#807=CARTESIAN_POINT('',(-35.389281754,-34.685895981,1.254123722));
#808=CARTESIAN_POINT('',(-35.351462571,-34.62051771,1.291922942));
#809=CARTESIAN_POINT('',(-35.317697574,-34.550352238,1.325666516));
#810=CARTESIAN_POINT('',(-35.283932577,-34.480186766,1.359410089));
#811=CARTESIAN_POINT('',(-35.254293538,-34.404946436,1.389026155));
#812=CARTESIAN_POINT('',(-35.230566835,-34.327315761,1.412729153));
#813=CARTESIAN_POINT('',(-35.183113431,-34.17205441,1.460135151));
#814=CARTESIAN_POINT('',(-35.157454497,-34.001090783,1.485741881));
#815=CARTESIAN_POINT('',(-35.16194947,-33.832717154,1.481195494));
#816=CARTESIAN_POINT('',(-35.164196957,-33.74853034,1.4789223));
#817=CARTESIAN_POINT('',(-35.173870249,-33.663207921,1.469222954));
#818=CARTESIAN_POINT('',(-35.189848295,-33.581312232,1.4532199));
#819=CARTESIAN_POINT('',(-35.205826341,-33.499416543,1.437216847));
#820=CARTESIAN_POINT('',(-35.227635793,-33.420389366,1.415383262));
#821=CARTESIAN_POINT('',(-35.255097348,-33.3441425,1.387898424));
#822=B_SPLINE_CURVE_WITH_KNOTS('',3,(#800,#801,#802,#803,#804,#805,#806,#807,#808,#809,#810,#811,#812,#813,#814,#815,#816,#817,#818,#819,#820,#821),.UNSPECIFIED.,.F.,.F.,(4,3,3,3,3,3,3,4),(0.000452768,0.000703875,0.000954982,0.00120609,0.001457197,0.001959411,0.002210519,0.002461626),.UNSPECIFIED.);
#823=EDGE_CURVE('',#799,#791,#822,.T.);
#824=ORIENTED_EDGE('',*,*,#823,.F.);
#825=CARTESIAN_POINT('',(-35.710247531,-35.061648323,0.933272667));
#826=CARTESIAN_POINT('',(-35.821034344,-35.155502866,0.933301326));
#827=CARTESIAN_POINT('',(-35.94718582,-35.234886767,0.933325566));
#828=CARTESIAN_POINT('',(-36.079674082,-35.29496113,0.93334391));
#829=CARTESIAN_POINT('',(-36.212162345,-35.355035493,0.933362254));
#830=CARTESIAN_POINT('',(-36.353961657,-35.396923135,0.933375045));
#831=CARTESIAN_POINT('',(-36.499580124,-35.418716317,0.9333817));
#832=CARTESIAN_POINT('',(-36.64519859,-35.440509498,0.933388354));
#833=CARTESIAN_POINT('',(-36.793762234,-35.440696122,0.933388411));
#834=CARTESIAN_POINT('',(-36.937689827,-35.420106776,0.933382124));
#835=CARTESIAN_POINT('',(-37.08161742,-35.399517431,0.933375837));
#836=CARTESIAN_POINT('',(-37.224710445,-35.358534826,0.933363323));
#837=CARTESIAN_POINT('',(-37.357848578,-35.299364117,0.933345255));
#838=CARTESIAN_POINT('',(-37.424417644,-35.269778763,0.933336221));
#839=CARTESIAN_POINT('',(-37.488629572,-35.235691358,0.933325812));
#840=CARTESIAN_POINT('',(-37.550566789,-35.197259334,0.933314077));
#841=CARTESIAN_POINT('',(-37.612504006,-35.158827309,0.933302341));
#842=CARTESIAN_POINT('',(-37.672674121,-35.115726419,0.93328918));
#843=CARTESIAN_POINT('',(-37.728848541,-35.068850359,0.933274866));
#844=CARTESIAN_POINT('',(-37.841197382,-34.975098238,0.933246239));
#845=CARTESIAN_POINT('',(-37.937834989,-34.866821763,0.933213176));
#846=CARTESIAN_POINT('',(-38.019449172,-34.744656781,0.933175872));
#847=CARTESIAN_POINT('',(-38.101063354,-34.6224918,0.933138569));
#848=CARTESIAN_POINT('',(-38.165043058,-34.490970569,0.933098408));
#849=CARTESIAN_POINT('',(-38.209875126,-34.351931955,0.933055952));
#850=CARTESIAN_POINT('',(-38.23229116,-34.282412648,0.933034724));
#851=CARTESIAN_POINT('',(-38.250055487,-34.210483896,0.93301276));
#852=CARTESIAN_POINT('',(-38.262752422,-34.138632289,0.93299082));
#853=CARTESIAN_POINT('',(-38.275449358,-34.066780682,0.93296888));
#854=CARTESIAN_POINT('',(-38.283093038,-33.994543711,0.932946822));
#855=CARTESIAN_POINT('',(-38.285484567,-33.921906208,0.932924642));
#856=CARTESIAN_POINT('',(-38.295050684,-33.631356195,0.932835921));
#857=CARTESIAN_POINT('',(-38.217531285,-33.334801546,0.932745367));
#858=CARTESIAN_POINT('',(-38.070467324,-33.083180119,0.932668533));
#859=CARTESIAN_POINT('',(-38.033701334,-33.020274762,0.932649325));
#860=CARTESIAN_POINT('',(-37.992972484,-32.960064199,0.932630939));
#861=CARTESIAN_POINT('',(-37.94793883,-32.902780954,0.932613448));
#862=CARTESIAN_POINT('',(-37.902905176,-32.84549771,0.932595956));
#863=CARTESIAN_POINT('',(-37.853070545,-32.790745508,0.932579237));
#864=CARTESIAN_POINT('',(-37.799839021,-32.740345319,0.932563847));
#865=CARTESIAN_POINT('',(-37.693375972,-32.639544942,0.932533067));
#866=CARTESIAN_POINT('',(-37.574353426,-32.556007887,0.932507559));
#867=CARTESIAN_POINT('',(-37.443829709,-32.488279461,0.932486878));
#868=CARTESIAN_POINT('',(-37.313305992,-32.420551035,0.932466197));
#869=CARTESIAN_POINT('',(-37.175312944,-32.372103028,0.932451403));
#870=CARTESIAN_POINT('',(-37.032281776,-32.342566487,0.932442384));
#871=CARTESIAN_POINT('',(-36.960766192,-32.327798216,0.932437874));
#872=CARTESIAN_POINT('',(-36.887290961,-32.317818803,0.932434827));
#873=CARTESIAN_POINT('',(-36.814459877,-32.313392422,0.932433475));
#874=CARTESIAN_POINT('',(-36.741628793,-32.308966042,0.932432124));
#875=CARTESIAN_POINT('',(-36.669044404,-32.30989222,0.932432406));
#876=CARTESIAN_POINT('',(-36.596700455,-32.316035265,0.932434282));
#877=CARTESIAN_POINT('',(-36.452012558,-32.328321355,0.932438034));
#878=CARTESIAN_POINT('',(-36.306754927,-32.361690219,0.932448223));
#879=CARTESIAN_POINT('',(-36.17072019,-32.413151049,0.932463937));
#880=CARTESIAN_POINT('',(-36.102702821,-32.438881464,0.932471794));
#881=CARTESIAN_POINT('',(-36.03656447,-32.469301583,0.932481083));
#882=CARTESIAN_POINT('',(-35.972325056,-32.504461114,0.932491819));
#883=CARTESIAN_POINT('',(-35.908085641,-32.539620645,0.932502555));
#884=CARTESIAN_POINT('',(-35.84579497,-32.579455229,0.932514719));
#885=CARTESIAN_POINT('',(-35.787330218,-32.622836732,0.932527965));
#886=B_SPLINE_CURVE_WITH_KNOTS('',3,(#825,#826,#827,#828,#829,#830,#831,#832,#833,#834,#835,#836,#837,#838,#839,#840,#841,#842,#843,#844,#845,#846,#847,#848,#849,#850,
#851,#852,#853,#854,#855,#856,#857,#858,#859,#860,#861,#862,#863,#864,#865,#866,#867,#868,#869,#870,#871,#872,#873,#874,#875,
#876,#877,#878,#879,#880,#881,#882,#883,#884,#885),.UNSPECIFIED.,.F.,.F.,(4,3,3,3,3,3,3,3,3,3,3,3,3,3,3,3,3,3,3,3,4),(0.008705153,0.00914132,0.009577486,0.010013653,0.01044982,0.010667903,0.010885987,0.011322153,0.01175832,0.011976403,0.012194487,0.01306682,0.013284903,0.013502987,0.013939153,0.01437532,0.014593403,0.014811487,0.015247654,0.015465737,0.01568382),.UNSPECIFIED.);
#887=EDGE_CURVE('',#799,#690,#886,.T.);
#888=ORIENTED_EDGE('',*,*,#887,.T.);
#889=ORIENTED_EDGE('',*,*,#698,.T.);
#890=CARTESIAN_POINT('',(-36.824945091,-32.310875054,11.384222903));
#891=VERTEX_POINT('',#890);
#892=CARTESIAN_POINT('',(-36.824945091,-32.310875054,11.384222903));
#893=CARTESIAN_POINT('',(-36.927940357,-32.317859314,11.384225035));
#894=CARTESIAN_POINT('',(-37.028387151,-32.335322735,11.384230368));
#895=CARTESIAN_POINT('',(-37.126643101,-32.361794773,11.384238451));
#896=CARTESIAN_POINT('',(-37.224899052,-32.388266811,11.384246535));
#897=CARTESIAN_POINT('',(-37.321835522,-32.424636968,11.38425764));
#898=CARTESIAN_POINT('',(-37.413742725,-32.469878533,11.384271455));
#899=CARTESIAN_POINT('',(-37.505649928,-32.515120097,11.38428527));
#900=CARTESIAN_POINT('',(-37.592292576,-32.568490496,11.384301567));
#901=CARTESIAN_POINT('',(-37.673581848,-32.630126876,11.384320388));
#902=CARTESIAN_POINT('',(-37.754871119,-32.691763256,11.384339209));
#903=CARTESIAN_POINT('',(-37.83108744,-32.762716973,11.384360875));
#904=CARTESIAN_POINT('',(-37.898129323,-32.839484237,11.384384316));
#905=CARTESIAN_POINT('',(-37.965171206,-32.9162515,11.384407757));
#906=CARTESIAN_POINT('',(-38.023964315,-32.999291816,11.384433114));
#907=CARTESIAN_POINT('',(-38.075175373,-33.088098153,11.384460231));
#908=CARTESIAN_POINT('',(-38.126386432,-33.176904489,11.384487349));
#909=CARTESIAN_POINT('',(-38.169053891,-33.270991496,11.384516079));
#910=CARTESIAN_POINT('',(-38.201865615,-33.367305006,11.384545488));
#911=CARTESIAN_POINT('',(-38.267489063,-33.559932025,11.384604308));
#912=CARTESIAN_POINT('',(-38.296529775,-33.767449296,11.384667674));
#913=CARTESIAN_POINT('',(-38.282905363,-33.970238312,11.384729597));
#914=CARTESIAN_POINT('',(-38.276093157,-34.07163282,11.384760558));
#915=CARTESIAN_POINT('',(-38.258784729,-34.173855837,11.384791772));
#916=CARTESIAN_POINT('',(-38.232329065,-34.272601742,11.384821925));
#917=CARTESIAN_POINT('',(-38.205873402,-34.371347646,11.384852077));
#918=CARTESIAN_POINT('',(-38.170183252,-34.46661606,11.384881168));
#919=CARTESIAN_POINT('',(-38.125102201,-34.558348081,11.384909179));
#920=CARTESIAN_POINT('',(-38.080021149,-34.650080102,11.384937189));
#921=CARTESIAN_POINT('',(-38.025495136,-34.738333152,11.384964138));
#922=CARTESIAN_POINT('',(-37.96395955,-34.819327453,11.38498887));
#923=CARTESIAN_POINT('',(-37.902423963,-34.900321754,11.385013602));
#924=CARTESIAN_POINT('',(-37.83318804,-34.974909418,11.385036377));
#925=CARTESIAN_POINT('',(-37.755748587,-35.042671793,11.385057069));
#926=CARTESIAN_POINT('',(-37.678309134,-35.110434168,11.38507776));
#927=CARTESIAN_POINT('',(-37.594473853,-35.169678068,11.385095851));
#928=CARTESIAN_POINT('',(-37.506303671,-35.220567157,11.38511139));
#929=CARTESIAN_POINT('',(-37.418133489,-35.271456246,11.385126929));
#930=CARTESIAN_POINT('',(-37.324073307,-35.314325979,11.38514002));
#931=CARTESIAN_POINT('',(-37.227029176,-35.347430282,11.385150128));
#932=CARTESIAN_POINT('',(-37.129985046,-35.380534585,11.385160237));
#933=CARTESIAN_POINT('',(-37.030966042,-35.404071931,11.385167424));
#934=CARTESIAN_POINT('',(-36.929963563,-35.418000655,11.385171677));
#935=CARTESIAN_POINT('',(-36.828961085,-35.43192938,11.38517593));
#936=CARTESIAN_POINT('',(-36.724904913,-35.435717691,11.385177087));
#937=CARTESIAN_POINT('',(-36.623153481,-35.428906481,11.385175007));
#938=CARTESIAN_POINT('',(-36.521402048,-35.422095272,11.385172928));
#939=CARTESIAN_POINT('',(-36.421110418,-35.405035959,11.385167718));
#940=CARTESIAN_POINT('',(-36.322166522,-35.37851528,11.38515962));
#941=CARTESIAN_POINT('',(-36.223222625,-35.3519946,11.385151522));
#942=CARTESIAN_POINT('',(-36.126379915,-35.315599729,11.385140409));
#943=CARTESIAN_POINT('',(-36.035064154,-35.270692179,11.385126696));
#944=CARTESIAN_POINT('',(-35.852432631,-35.180877081,11.385099271));
#945=CARTESIAN_POINT('',(-35.684978881,-35.054832734,11.385060782));
#946=CARTESIAN_POINT('',(-35.551168435,-34.901965374,11.385014104));
#947=CARTESIAN_POINT('',(-35.484263213,-34.825531694,11.384990764));
#948=CARTESIAN_POINT('',(-35.424373557,-34.741039519,11.384964964));
#949=CARTESIAN_POINT('',(-35.373241096,-34.652411575,11.384937901));
#950=CARTESIAN_POINT('',(-35.322108635,-34.563783631,11.384910838));
#951=CARTESIAN_POINT('',(-35.279932998,-34.471161763,11.384882556));
#952=CARTESIAN_POINT('',(-35.246833947,-34.374492567,11.384853037));
#953=CARTESIAN_POINT('',(-35.213734897,-34.277823372,11.384823519));
#954=CARTESIAN_POINT('',(-35.189615503,-34.176862138,11.38479269));
#955=CARTESIAN_POINT('',(-35.175692532,-34.076102403,11.384761923));
#956=CARTESIAN_POINT('',(-35.161769561,-33.975342668,11.384731155));
#957=CARTESIAN_POINT('',(-35.157901261,-33.873720914,11.384700125));
#958=CARTESIAN_POINT('',(-35.164657975,-33.771188243,11.384668816));
#959=CARTESIAN_POINT('',(-35.178171405,-33.566122901,11.384606198));
#960=CARTESIAN_POINT('',(-35.232310085,-33.365888613,11.384545056));
#961=CARTESIAN_POINT('',(-35.322691101,-33.181585469,11.384488778));
#962=CARTESIAN_POINT('',(-35.367881609,-33.089433897,11.384460639));
#963=CARTESIAN_POINT('',(-35.421222133,-33.002719155,11.38443416));
#964=CARTESIAN_POINT('',(-35.482716163,-32.921443569,11.384409343));
#965=CARTESIAN_POINT('',(-35.544210193,-32.840167982,11.384384525));
#966=CARTESIAN_POINT('',(-35.615051108,-32.763862812,11.384361225));
#967=CARTESIAN_POINT('',(-35.691841885,-32.696636238,11.384340697));
#968=CARTESIAN_POINT('',(-35.999004994,-32.427729941,11.384258585));
#969=CARTESIAN_POINT('',(-36.413250197,-32.282957421,11.384214378));
#970=CARTESIAN_POINT('',(-36.824945091,-32.310875054,11.384222903));
#971=B_SPLINE_CURVE_WITH_KNOTS('',3,(#892,#893,#894,#895,#896,#897,#898,#899,#900,#901,#902,#903,#904,#905,#906,#907,#908,#909,#910,#911,#912,#913,#914,#915,#916,#917,
#918,#919,#920,#921,#922,#923,#924,#925,#926,#927,#928,#929,#930,#931,#932,#933,#934,#935,#936,#937,#938,#939,#940,#941,#942,
#943,#944,#945,#946,#947,#948,#949,#950,#951,#952,#953,#954,#955,#956,#957,#958,#959,#960,#961,#962,#963,#964,#965,#966,#967,
#968,#969,#970),.UNSPECIFIED.,.T.,.F.,(4,3,3,3,3,3,3,3,3,3,3,3,3,3,3,3,3,3,3,3,3,3,3,3,3,3,
4),(0.,0.000305186,0.000610372,0.000915558,0.001220745,0.001525931,0.001831117,0.002441489,0.002746675,0.003051861,0.003357048,0.003662234,0.00396742,0.004272606,0.004577792,0.004882978,0.005188165,0.005493351,0.006103723,0.006408909,0.006714095,0.007019281,0.007324468,0.00793484,0.008240026,0.008545212,
0.009765957),.UNSPECIFIED.);
#972=EDGE_CURVE('',#692,#891,#971,.T.);
#973=ORIENTED_EDGE('',*,*,#972,.T.);
#974=CARTESIAN_POINT('',(-36.824945091,-32.310875054,11.384222903));
#975=CARTESIAN_POINT('',(-36.927940357,-32.317859314,11.384225035));
#976=CARTESIAN_POINT('',(-37.028387151,-32.335322735,11.384230368));
#977=CARTESIAN_POINT('',(-37.126643101,-32.361794773,11.384238451));
#978=CARTESIAN_POINT('',(-37.224899052,-32.388266811,11.384246535));
#979=CARTESIAN_POINT('',(-37.321835522,-32.424636968,11.38425764));
#980=CARTESIAN_POINT('',(-37.413742725,-32.469878533,11.384271455));
#981=CARTESIAN_POINT('',(-37.505649928,-32.515120097,11.38428527));
#982=CARTESIAN_POINT('',(-37.592292576,-32.568490496,11.384301567));
#983=CARTESIAN_POINT('',(-37.673581848,-32.630126876,11.384320388));
#984=CARTESIAN_POINT('',(-37.754871119,-32.691763256,11.384339209));
#985=CARTESIAN_POINT('',(-37.83108744,-32.762716973,11.384360875));
#986=CARTESIAN_POINT('',(-37.898129323,-32.839484237,11.384384316));
#987=CARTESIAN_POINT('',(-37.965171206,-32.9162515,11.384407757));
#988=CARTESIAN_POINT('',(-38.023964315,-32.999291816,11.384433114));
#989=CARTESIAN_POINT('',(-38.075175373,-33.088098153,11.384460231));
#990=CARTESIAN_POINT('',(-38.126386432,-33.176904489,11.384487349));
#991=CARTESIAN_POINT('',(-38.169053891,-33.270991496,11.384516079));
#992=CARTESIAN_POINT('',(-38.201865615,-33.367305006,11.384545488));
#993=CARTESIAN_POINT('',(-38.267489063,-33.559932025,11.384604308));
#994=CARTESIAN_POINT('',(-38.296529775,-33.767449296,11.384667674));
#995=CARTESIAN_POINT('',(-38.282905363,-33.970238312,11.384729597));
#996=CARTESIAN_POINT('',(-38.276093157,-34.07163282,11.384760558));
#997=CARTESIAN_POINT('',(-38.258784729,-34.173855837,11.384791772));
#998=CARTESIAN_POINT('',(-38.232329065,-34.272601742,11.384821925));
#999=CARTESIAN_POINT('',(-38.205873402,-34.371347646,11.384852077));
#1000=CARTESIAN_POINT('',(-38.170183252,-34.46661606,11.384881168));
#1001=CARTESIAN_POINT('',(-38.125102201,-34.558348081,11.384909179));
#1002=CARTESIAN_POINT('',(-38.080021149,-34.650080102,11.384937189));
#1003=CARTESIAN_POINT('',(-38.025495136,-34.738333152,11.384964138));
#1004=CARTESIAN_POINT('',(-37.96395955,-34.819327453,11.38498887));
#1005=CARTESIAN_POINT('',(-37.902423963,-34.900321754,11.385013602));
#1006=CARTESIAN_POINT('',(-37.83318804,-34.974909418,11.385036377));
#1007=CARTESIAN_POINT('',(-37.755748587,-35.042671793,11.385057069));
#1008=CARTESIAN_POINT('',(-37.678309134,-35.110434168,11.38507776));
#1009=CARTESIAN_POINT('',(-37.594473853,-35.169678068,11.385095851));
#1010=CARTESIAN_POINT('',(-37.506303671,-35.220567157,11.38511139));
#1011=CARTESIAN_POINT('',(-37.418133489,-35.271456246,11.385126929));
#1012=CARTESIAN_POINT('',(-37.324073307,-35.314325979,11.38514002));
#1013=CARTESIAN_POINT('',(-37.227029176,-35.347430282,11.385150128));
#1014=CARTESIAN_POINT('',(-37.129985046,-35.380534585,11.385160237));
#1015=CARTESIAN_POINT('',(-37.030966042,-35.404071931,11.385167424));
#1016=CARTESIAN_POINT('',(-36.929963563,-35.418000655,11.385171677));
#1017=CARTESIAN_POINT('',(-36.828961085,-35.43192938,11.38517593));
#1018=CARTESIAN_POINT('',(-36.724904913,-35.435717691,11.385177087));
#1019=CARTESIAN_POINT('',(-36.623153481,-35.428906481,11.385175007));
#1020=CARTESIAN_POINT('',(-36.521402048,-35.422095272,11.385172928));
#1021=CARTESIAN_POINT('',(-36.421110418,-35.405035959,11.385167718));
#1022=CARTESIAN_POINT('',(-36.322166522,-35.37851528,11.38515962));
#1023=CARTESIAN_POINT('',(-36.223222625,-35.3519946,11.385151522));
#1024=CARTESIAN_POINT('',(-36.126379915,-35.315599729,11.385140409));
#1025=CARTESIAN_POINT('',(-36.035064154,-35.270692179,11.385126696));
#1026=CARTESIAN_POINT('',(-35.852432631,-35.180877081,11.385099271));
#1027=CARTESIAN_POINT('',(-35.684978881,-35.054832734,11.385060782));
#1028=CARTESIAN_POINT('',(-35.551168435,-34.901965374,11.385014104));
#1029=CARTESIAN_POINT('',(-35.484263213,-34.825531694,11.384990764));
#1030=CARTESIAN_POINT('',(-35.424373557,-34.741039519,11.384964964));
#1031=CARTESIAN_POINT('',(-35.373241096,-34.652411575,11.384937901));
#1032=CARTESIAN_POINT('',(-35.322108635,-34.563783631,11.384910838));
#1033=CARTESIAN_POINT('',(-35.279932998,-34.471161763,11.384882556));
#1034=CARTESIAN_POINT('',(-35.246833947,-34.374492567,11.384853037));
#1035=CARTESIAN_POINT('',(-35.213734897,-34.277823372,11.384823519));
#1036=CARTESIAN_POINT('',(-35.189615503,-34.176862138,11.38479269));
#1037=CARTESIAN_POINT('',(-35.175692532,-34.076102403,11.384761923));
#1038=CARTESIAN_POINT('',(-35.161769561,-33.975342668,11.384731155));
#1039=CARTESIAN_POINT('',(-35.157901261,-33.873720914,11.384700125));
#1040=CARTESIAN_POINT('',(-35.164657975,-33.771188243,11.384668816));
#1041=CARTESIAN_POINT('',(-35.178171405,-33.566122901,11.384606198));
#1042=CARTESIAN_POINT('',(-35.232310085,-33.365888613,11.384545056));
#1043=CARTESIAN_POINT('',(-35.322691101,-33.181585469,11.384488778));
#1044=CARTESIAN_POINT('',(-35.367881609,-33.089433897,11.384460639));
#1045=CARTESIAN_POINT('',(-35.421222133,-33.002719155,11.38443416));
#1046=CARTESIAN_POINT('',(-35.482716163,-32.921443569,11.384409343));
#1047=CARTESIAN_POINT('',(-35.544210193,-32.840167982,11.384384525));
#1048=CARTESIAN_POINT('',(-35.615051108,-32.763862812,11.384361225));
#1049=CARTESIAN_POINT('',(-35.691841885,-32.696636238,11.384340697));
#1050=CARTESIAN_POINT('',(-35.999004994,-32.427729941,11.384258585));
#1051=CARTESIAN_POINT('',(-36.413250197,-32.282957421,11.384214378));
#1052=CARTESIAN_POINT('',(-36.824945091,-32.310875054,11.384222903));
#1053=B_SPLINE_CURVE_WITH_KNOTS('',3,(#974,#975,#976,#977,#978,#979,#980,#981,#982,#983,#984,#985,#986,#987,#988,#989,#990,#991,#992,#993,#994,#995,#996,#997,#998,#999,
#1000,#1001,#1002,#1003,#1004,#1005,#1006,#1007,#1008,#1009,#1010,#1011,#1012,#1013,#1014,#1015,#1016,#1017,#1018,#1019,#1020,#1021,#1022,#1023,#1024,
#1025,#1026,#1027,#1028,#1029,#1030,#1031,#1032,#1033,#1034,#1035,#1036,#1037,#1038,#1039,#1040,#1041,#1042,#1043,#1044,#1045,#1046,#1047,#1048,#1049,
#1050,#1051,#1052),.UNSPECIFIED.,.T.,.F.,(4,3,3,3,3,3,3,3,3,3,3,3,3,3,3,3,3,3,3,3,3,3,3,3,3,3,
4),(0.,0.000305186,0.000610372,0.000915558,0.001220745,0.001525931,0.001831117,0.002441489,0.002746675,0.003051861,0.003357048,0.003662234,0.00396742,0.004272606,0.004577792,0.004882978,0.005188165,0.005493351,0.006103723,0.006408909,0.006714095,0.007019281,0.007324468,0.00793484,0.008240026,0.008545212,
0.009765957),.UNSPECIFIED.);
#1054=EDGE_CURVE('',#891,#692,#1053,.T.);
#1055=ORIENTED_EDGE('',*,*,#1054,.T.);
#1056=EDGE_LOOP('',(#699,#765,#774,#789,#797,#824,#888,#889,#973,#1055));
#1057=FACE_BOUND('',#1056,.T.);
#1058=ADVANCED_FACE('',(#1057),#688,.F.);
#1059=CARTESIAN_POINT('',(-36.000480778,-16.308027758,0.637312906));
#1060=DIRECTION('',(-0.707106781,0.000215918,0.707106748));
#1061=DIRECTION('',(-0.,0.999999953,-0.000305354));
#1062=AXIS2_PLACEMENT_3D('',#1059,#1060,#1061);
#1063=PLANE('',#1062);
#1064=ORIENTED_EDGE('',*,*,#823,.T.);
#1065=CARTESIAN_POINT('',(-33.864789122,-33.343717963,2.778206585));
#1066=VERTEX_POINT('',#1065);
#1067=CARTESIAN_POINT('',(-35.255097348,-33.3441425,1.387898424));
#1068=DIRECTION('',(0.707106781,0.000215918,0.707106748));
#1069=VECTOR('',#1068,1.966192749);
#1070=LINE('',#1067,#1069);
#1071=EDGE_CURVE('',#791,#1066,#1070,.T.);
#1072=ORIENTED_EDGE('',*,*,#1071,.T.);
#1073=CARTESIAN_POINT('',(-33.864789122,-36.546049228,2.779184431));
#1074=VERTEX_POINT('',#1073);
#1075=CARTESIAN_POINT('',(-33.864789122,-33.343717963,2.778206585));
#1076=DIRECTION('',(0.,-0.999999953,0.000305354));
#1077=VECTOR('',#1076,3.202331414);
#1078=LINE('',#1075,#1077);
#1079=EDGE_CURVE('',#1066,#1074,#1078,.T.);
#1080=ORIENTED_EDGE('',*,*,#1079,.T.);
#1081=CARTESIAN_POINT('',(-35.710247531,-36.546612747,0.933726108));
#1082=VERTEX_POINT('',#1081);
#1083=CARTESIAN_POINT('',(-33.864789122,-36.546049228,2.779184431));
#1084=DIRECTION('',(-0.707106781,-0.000215918,-0.707106748));
#1085=VECTOR('',#1084,2.609872311);
#1086=LINE('',#1083,#1085);
#1087=EDGE_CURVE('',#1074,#1082,#1086,.T.);
#1088=ORIENTED_EDGE('',*,*,#1087,.T.);
#1089=CARTESIAN_POINT('',(-35.710247531,-36.546612747,0.933726108));
#1090=DIRECTION('',(-0.,0.999999953,-0.000305354));
#1091=VECTOR('',#1090,1.484964493);
#1092=LINE('',#1089,#1091);
#1093=EDGE_CURVE('',#1082,#799,#1092,.T.);
#1094=ORIENTED_EDGE('',*,*,#1093,.T.);
#1095=EDGE_LOOP('',(#1064,#1072,#1080,#1088,#1094));
#1096=FACE_BOUND('',#1095,.T.);
#1097=ADVANCED_FACE('',(#1096),#1063,.F.);
#1098=CARTESIAN_POINT('',(0.,-47.623989008,0.937108633));
#1099=DIRECTION('',(0.,0.000305354,0.999999953));
#1100=DIRECTION('',(1.,0.,0.));
#1101=AXIS2_PLACEMENT_3D('',#1098,#1099,#1100);
#1102=PLANE('',#1101);
#1103=CARTESIAN_POINT('',(-35.787330218,-30.55650918,0.931897003));
#1104=VERTEX_POINT('',#1103);
#1105=CARTESIAN_POINT('',(-35.787330218,-32.622836732,0.932527965));
#1106=DIRECTION('',(0.,0.999999953,-0.000305354));
#1107=VECTOR('',#1106,2.066327649);
#1108=LINE('',#1105,#1107);
#1109=EDGE_CURVE('',#701,#1104,#1108,.T.);
#1110=ORIENTED_EDGE('',*,*,#1109,.F.);
#1111=ORIENTED_EDGE('',*,*,#764,.F.);
#1112=ORIENTED_EDGE('',*,*,#887,.F.);
#1113=ORIENTED_EDGE('',*,*,#1093,.F.);
#1114=CARTESIAN_POINT('',(-40.380763225,-36.546612747,0.933726108));
#1115=VERTEX_POINT('',#1114);
#1116=CARTESIAN_POINT('',(-35.710247531,-36.546612747,0.933726108));
#1117=DIRECTION('',(-1.,0.,-0.));
#1118=VECTOR('',#1117,4.670515695);
#1119=LINE('',#1116,#1118);
#1120=EDGE_CURVE('',#1082,#1115,#1119,.T.);
#1121=ORIENTED_EDGE('',*,*,#1120,.T.);
#1122=CARTESIAN_POINT('',(-40.380763225,-30.55650918,0.931897003));
#1123=VERTEX_POINT('',#1122);
#1124=CARTESIAN_POINT('',(-40.380763225,-36.546612747,0.933726108));
#1125=DIRECTION('',(0.,0.999999953,-0.000305354));
#1126=VECTOR('',#1125,5.990103846);
#1127=LINE('',#1124,#1126);
#1128=EDGE_CURVE('',#1115,#1123,#1127,.T.);
#1129=ORIENTED_EDGE('',*,*,#1128,.T.);
#1130=CARTESIAN_POINT('',(-40.380763225,-30.55650918,0.931897003));
#1131=DIRECTION('',(1.,0.,-0.));
#1132=VECTOR('',#1131,4.593433007);
#1133=LINE('',#1130,#1132);
#1134=EDGE_CURVE('',#1123,#1104,#1133,.T.);
#1135=ORIENTED_EDGE('',*,*,#1134,.T.);
#1136=EDGE_LOOP('',(#1110,#1111,#1112,#1113,#1121,#1129,#1135));
#1137=FACE_BOUND('',#1136,.T.);
#1138=ADVANCED_FACE('',(#1137),#1102,.F.);
#1139=CARTESIAN_POINT('',(-48.577495709,-12.462805978,13.398401305));
#1140=DIRECTION('',(-0.,-0.003371637,-0.999994316));
#1141=DIRECTION('',(0.,-0.999994316,0.003371637));
#1142=AXIS2_PLACEMENT_3D('',#1139,#1140,#1141);
#1143=PLANE('',#1142);
#1144=CARTESIAN_POINT('',(8.386960825,-22.495630837,13.432228543));
#1145=VERTEX_POINT('',#1144);
#1146=CARTESIAN_POINT('',(14.034758929,-16.847838284,13.413186127));
#1147=VERTEX_POINT('',#1146);
#1148=CARTESIAN_POINT('',(8.386960825,-22.495630837,13.432228543));
#1149=DIRECTION('',(0.707105119,0.707104424,-0.002384113));
#1150=VECTOR('',#1149,7.98721145);
#1151=LINE('',#1148,#1150);
#1152=EDGE_CURVE('',#1145,#1147,#1151,.T.);
#1153=ORIENTED_EDGE('',*,*,#1152,.F.);
#1154=CARTESIAN_POINT('',(-27.813345906,-22.495630837,13.432228543));
#1155=VERTEX_POINT('',#1154);
#1156=CARTESIAN_POINT('',(-27.813345906,-22.495630837,13.432228543));
#1157=DIRECTION('',(1.,-0.,-0.));
#1158=VECTOR('',#1157,36.200306731);
#1159=LINE('',#1156,#1158);
#1160=EDGE_CURVE('',#1155,#1145,#1159,.T.);
#1161=ORIENTED_EDGE('',*,*,#1160,.F.);
#1162=CARTESIAN_POINT('',(-33.824974567,-16.484008085,13.411959417));
#1163=VERTEX_POINT('',#1162);
#1164=CARTESIAN_POINT('',(-27.813345906,-22.495630837,13.432228543));
#1165=DIRECTION('',(-0.707105119,0.707104424,-0.002384113));
#1166=VECTOR('',#1165,8.501746768);
#1167=LINE('',#1164,#1166);
#1168=EDGE_CURVE('',#1155,#1163,#1167,.T.);
#1169=ORIENTED_EDGE('',*,*,#1168,.T.);
#1170=CARTESIAN_POINT('',(-33.824974567,-12.160317915,13.397381419));
#1171=VERTEX_POINT('',#1170);
#1172=CARTESIAN_POINT('',(-33.824974567,-12.160317915,13.397381419));
#1173=DIRECTION('',(0.,-0.999994316,0.003371637));
#1174=VECTOR('',#1173,4.323714746);
#1175=LINE('',#1172,#1174);
#1176=EDGE_CURVE('',#1171,#1163,#1175,.T.);
#1177=ORIENTED_EDGE('',*,*,#1176,.F.);
#1178=CARTESIAN_POINT('',(-40.380763225,-12.160317915,13.397381419));
#1179=VERTEX_POINT('',#1178);
#1180=CARTESIAN_POINT('',(-40.380763225,-12.160317915,13.397381419));
#1181=DIRECTION('',(1.,-0.,0.));
#1182=VECTOR('',#1181,6.555788658);
#1183=LINE('',#1180,#1182);
#1184=EDGE_CURVE('',#1179,#1171,#1183,.T.);
#1185=ORIENTED_EDGE('',*,*,#1184,.F.);
#1186=CARTESIAN_POINT('',(-40.380763225,-36.542781812,13.479590709));
#1187=VERTEX_POINT('',#1186);
#1188=CARTESIAN_POINT('',(-40.380763225,-12.160317915,13.397381419));
#1189=DIRECTION('',(0.,-0.999994316,0.003371637));
#1190=VECTOR('',#1189,24.382602487);
#1191=LINE('',#1188,#1190);
#1192=EDGE_CURVE('',#1179,#1187,#1191,.T.);
#1193=ORIENTED_EDGE('',*,*,#1192,.T.);
#1194=CARTESIAN_POINT('',(-38.712749582,-36.542781812,13.479590709));
#1195=VERTEX_POINT('',#1194);
#1196=CARTESIAN_POINT('',(-40.380763225,-36.542781812,13.479590709));
#1197=DIRECTION('',(1.,-0.,-0.));
#1198=VECTOR('',#1197,1.668013644);
#1199=LINE('',#1196,#1198);
#1200=EDGE_CURVE('',#1187,#1195,#1199,.T.);
#1201=ORIENTED_EDGE('',*,*,#1200,.T.);
#1202=CARTESIAN_POINT('',(-38.712749582,-31.905647372,13.463955885));
#1203=VERTEX_POINT('',#1202);
#1204=CARTESIAN_POINT('',(-38.712749582,-36.542781812,13.479590709));
#1205=DIRECTION('',(0.,0.999994316,-0.003371637));
#1206=VECTOR('',#1205,4.637160797);
#1207=LINE('',#1204,#1206);
#1208=EDGE_CURVE('',#1195,#1203,#1207,.T.);
#1209=ORIENTED_EDGE('',*,*,#1208,.T.);
#1210=CARTESIAN_POINT('',(-34.669864601,-31.905647372,13.463955885));
#1211=VERTEX_POINT('',#1210);
#1212=CARTESIAN_POINT('',(-38.712749582,-31.905647372,13.463955885));
#1213=DIRECTION('',(1.,-0.,-0.));
#1214=VECTOR('',#1213,4.042884981);
#1215=LINE('',#1212,#1214);
#1216=EDGE_CURVE('',#1203,#1211,#1215,.T.);
#1217=ORIENTED_EDGE('',*,*,#1216,.T.);
#1218=CARTESIAN_POINT('',(-34.669864601,-36.542781812,13.479590709));
#1219=VERTEX_POINT('',#1218);
#1220=CARTESIAN_POINT('',(-34.669864601,-31.905647372,13.463955885));
#1221=DIRECTION('',(0.,-0.999994316,0.003371637));
#1222=VECTOR('',#1221,4.637160797);
#1223=LINE('',#1220,#1222);
#1224=EDGE_CURVE('',#1211,#1219,#1223,.T.);
#1225=ORIENTED_EDGE('',*,*,#1224,.T.);
#1226=CARTESIAN_POINT('',(15.090111327,-36.542781812,13.479590709));
#1227=VERTEX_POINT('',#1226);
#1228=CARTESIAN_POINT('',(-34.669864601,-36.542781812,13.479590709));
#1229=DIRECTION('',(1.,-0.,-0.));
#1230=VECTOR('',#1229,49.759975928);
#1231=LINE('',#1228,#1230);
#1232=EDGE_CURVE('',#1219,#1227,#1231,.T.);
#1233=ORIENTED_EDGE('',*,*,#1232,.T.);
#1234=CARTESIAN_POINT('',(15.090111327,-31.963550277,13.464151114));
#1235=VERTEX_POINT('',#1234);
#1236=CARTESIAN_POINT('',(15.090111327,-36.542781812,13.479590709));
#1237=DIRECTION('',(0.,0.999994316,-0.003371637));
#1238=VECTOR('',#1237,4.579257563);
#1239=LINE('',#1236,#1238);
#1240=EDGE_CURVE('',#1227,#1235,#1239,.T.);
#1241=ORIENTED_EDGE('',*,*,#1240,.T.);
#1242=CARTESIAN_POINT('',(19.209248945,-31.963550277,13.464151114));
#1243=VERTEX_POINT('',#1242);
#1244=CARTESIAN_POINT('',(15.090111327,-31.963550277,13.464151114));
#1245=DIRECTION('',(1.,-0.,-0.));
#1246=VECTOR('',#1245,4.119137618);
#1247=LINE('',#1244,#1246);
#1248=EDGE_CURVE('',#1235,#1243,#1247,.T.);
#1249=ORIENTED_EDGE('',*,*,#1248,.T.);
#1250=CARTESIAN_POINT('',(19.253317616,-36.542781812,13.479590709));
#1251=VERTEX_POINT('',#1250);
#1252=CARTESIAN_POINT('',(19.253317616,-36.542781812,13.479590709));
#1253=DIRECTION('',(-0.009623095,0.999948013,-0.003371481));
#1254=VECTOR('',#1253,4.579469607);
#1255=LINE('',#1252,#1254);
#1256=EDGE_CURVE('',#1251,#1243,#1255,.T.);
#1257=ORIENTED_EDGE('',*,*,#1256,.F.);
#1258=CARTESIAN_POINT('',(27.754389913,-36.542781812,13.479590709));
#1259=VERTEX_POINT('',#1258);
#1260=CARTESIAN_POINT('',(19.253317616,-36.542781812,13.479590709));
#1261=DIRECTION('',(1.,-0.,-0.));
#1262=VECTOR('',#1261,8.501072297);
#1263=LINE('',#1260,#1262);
#1264=EDGE_CURVE('',#1251,#1259,#1263,.T.);
#1265=ORIENTED_EDGE('',*,*,#1264,.T.);
#1266=CARTESIAN_POINT('',(27.754389913,-36.542781812,13.479590709));
#1267=DIRECTION('',(0.,0.999994316,-0.003371637));
#1268=VECTOR('',#1267,14.147196438);
#1269=LINE('',#1266,#1268);
#1270=EDGE_CURVE('',#1259,#106,#1269,.T.);
#1271=ORIENTED_EDGE('',*,*,#1270,.T.);
#1272=ORIENTED_EDGE('',*,*,#111,.T.);
#1273=CARTESIAN_POINT('',(18.887029973,-21.81770189,13.429942799));
#1274=VERTEX_POINT('',#1273);
#1275=CARTESIAN_POINT('',(19.464994436,-22.395665786,13.431891495));
#1276=DIRECTION('',(-0.707105119,0.707104424,-0.002384113));
#1277=VECTOR('',#1276,0.817367104);
#1278=LINE('',#1275,#1277);
#1279=EDGE_CURVE('',#98,#1274,#1278,.T.);
#1280=ORIENTED_EDGE('',*,*,#1279,.T.);
#1281=CARTESIAN_POINT('',(18.887029973,-12.160317915,13.397381419));
#1282=VERTEX_POINT('',#1281);
#1283=CARTESIAN_POINT('',(18.887029973,-12.160317915,13.397381419));
#1284=DIRECTION('',(-0.,-0.999994316,0.003371637));
#1285=VECTOR('',#1284,9.657438868);
#1286=LINE('',#1283,#1285);
#1287=EDGE_CURVE('',#1282,#1274,#1286,.T.);
#1288=ORIENTED_EDGE('',*,*,#1287,.F.);
#1289=CARTESIAN_POINT('',(14.034758929,-12.160317915,13.397381419));
#1290=VERTEX_POINT('',#1289);
#1291=CARTESIAN_POINT('',(14.034758929,-12.160317915,13.397381419));
#1292=DIRECTION('',(1.,-0.,0.));
#1293=VECTOR('',#1292,4.852271044);
#1294=LINE('',#1291,#1293);
#1295=EDGE_CURVE('',#1290,#1282,#1294,.T.);
#1296=ORIENTED_EDGE('',*,*,#1295,.F.);
#1297=CARTESIAN_POINT('',(14.034758929,-12.160317915,13.397381419));
#1298=DIRECTION('',(0.,-0.999994316,0.003371637));
#1299=VECTOR('',#1298,4.687547014);
#1300=LINE('',#1297,#1299);
#1301=EDGE_CURVE('',#1290,#1147,#1300,.T.);
#1302=ORIENTED_EDGE('',*,*,#1301,.T.);
#1303=EDGE_LOOP('',(#1153,#1161,#1169,#1177,#1185,#1193,#1201,#1209,#1217,#1225,#1233,#1241,#1249,#1257,#1265,#1271,#1272,#1280,#1288,#1296,#1302));
#1304=FACE_BOUND('',#1303,.T.);
#1305=ADVANCED_FACE('',(#1304),#1143,.F.);
#1306=CARTESIAN_POINT('',(17.152713663,-33.884492699,5.896360761));
#1307=DIRECTION('',(0.,-0.000305354,-0.999999953));
#1308=DIRECTION('',(0.,-0.999999953,0.000305354));
#1309=AXIS2_PLACEMENT_3D('',#1306,#1307,#1308);
#1310=CYLINDRICAL_SURFACE('',#1309,1.591516154);
#1311=CARTESIAN_POINT('',(17.152713663,-35.47752439,0.933399657));
#1312=VERTEX_POINT('',#1311);
#1313=CARTESIAN_POINT('',(17.152713663,-35.474343661,11.349912254));
#1314=VERTEX_POINT('',#1313);
#1315=CARTESIAN_POINT('',(17.152713663,-35.47752439,0.933399657));
#1316=DIRECTION('',(-0.,0.000305354,0.999999953));
#1317=VECTOR('',#1316,10.416513083);
#1318=LINE('',#1315,#1317);
#1319=EDGE_CURVE('',#1312,#1314,#1318,.T.);
#1320=ORIENTED_EDGE('',*,*,#1319,.F.);
#1321=CARTESIAN_POINT('',(16.044153975,-32.744071812,0.932564985));
#1322=VERTEX_POINT('',#1321);
#1323=CARTESIAN_POINT('',(17.152713663,-33.88600831,0.93291368));
#1324=DIRECTION('',(-0.,0.000305354,0.999999953));
#1325=DIRECTION('',(1.,0.,0.));
#1326=AXIS2_PLACEMENT_3D('',#1323,#1324,#1325);
#1327=CIRCLE('',#1326,1.591516154);
#1328=EDGE_CURVE('',#1322,#1312,#1327,.T.);
#1329=ORIENTED_EDGE('',*,*,#1328,.F.);
#1330=CARTESIAN_POINT('',(18.261273351,-32.744071812,0.932564985));
#1331=VERTEX_POINT('',#1330);
#1332=CARTESIAN_POINT('',(17.152713663,-33.886357005,-0.209022818));
#1333=DIRECTION('',(0.,-0.70689083,0.707322666));
#1334=DIRECTION('',(0.,-0.707322666,-0.70689083));
#1335=AXIS2_PLACEMENT_3D('',#1332,#1333,#1334);
#1336=ELLIPSE('',#1335,2.25074373,1.591516154);
#1337=EDGE_CURVE('',#1331,#1322,#1336,.T.);
#1338=ORIENTED_EDGE('',*,*,#1337,.F.);
#1339=CARTESIAN_POINT('',(17.152713663,-33.88600831,0.93291368));
#1340=DIRECTION('',(-0.,0.000305354,0.999999953));
#1341=DIRECTION('',(1.,0.,0.));
#1342=AXIS2_PLACEMENT_3D('',#1339,#1340,#1341);
#1343=CIRCLE('',#1342,1.591516154);
#1344=EDGE_CURVE('',#1312,#1331,#1343,.T.);
#1345=ORIENTED_EDGE('',*,*,#1344,.F.);
#1346=ORIENTED_EDGE('',*,*,#1319,.T.);
#1347=CARTESIAN_POINT('',(17.152713663,-32.291311502,11.348940301));
#1348=VERTEX_POINT('',#1347);
#1349=CARTESIAN_POINT('',(17.152713663,-33.882827582,11.349426277));
#1350=DIRECTION('',(0.,-0.000305354,-0.999999953));
#1351=DIRECTION('',(0.,0.999999953,-0.000305354));
#1352=AXIS2_PLACEMENT_3D('',#1349,#1350,#1351);
#1353=CIRCLE('',#1352,1.591516154);
#1354=EDGE_CURVE('',#1348,#1314,#1353,.T.);
#1355=ORIENTED_EDGE('',*,*,#1354,.F.);
#1356=CARTESIAN_POINT('',(17.152713663,-33.882827582,11.349426277));
#1357=DIRECTION('',(0.,-0.000305354,-0.999999953));
#1358=DIRECTION('',(0.,0.999999953,-0.000305354));
#1359=AXIS2_PLACEMENT_3D('',#1356,#1357,#1358);
#1360=CIRCLE('',#1359,1.591516154);
#1361=EDGE_CURVE('',#1314,#1348,#1360,.T.);
#1362=ORIENTED_EDGE('',*,*,#1361,.F.);
#1363=EDGE_LOOP('',(#1320,#1329,#1338,#1345,#1346,#1355,#1362));
#1364=FACE_BOUND('',#1363,.T.);
#1365=ADVANCED_FACE('',(#1364),#1310,.F.);
#1366=CARTESIAN_POINT('',(-34.978156342,-19.449557534,0.782402339));
#1367=DIRECTION('',(-0.000000004,-0.999999953,0.000305354));
#1368=DIRECTION('',(-1.,0.000000004,-0.));
#1369=AXIS2_PLACEMENT_3D('',#1366,#1367,#1368);
#1370=PLANE('',#1369);
#1371=CARTESIAN_POINT('',(-40.380763225,-19.448880392,2.99988755));
#1372=VERTEX_POINT('',#1371);
#1373=CARTESIAN_POINT('',(-40.380763225,-19.449512898,0.928505433));
#1374=DIRECTION('',(0.,0.000305354,0.999999953));
#1375=VECTOR('',#1374,2.071382214);
#1376=LINE('',#1373,#1375);
#1377=EDGE_CURVE('',#416,#1372,#1376,.T.);
#1378=ORIENTED_EDGE('',*,*,#1377,.F.);
#1379=ORIENTED_EDGE('',*,*,#421,.T.);
#1380=CARTESIAN_POINT('',(-35.787330198,-19.448880412,2.99988755));
#1381=VERTEX_POINT('',#1380);
#1382=CARTESIAN_POINT('',(-35.787330198,-19.449512917,0.928505433));
#1383=DIRECTION('',(0.,0.000305354,0.999999953));
#1384=VECTOR('',#1383,2.071382214);
#1385=LINE('',#1382,#1384);
#1386=EDGE_CURVE('',#408,#1381,#1385,.T.);
#1387=ORIENTED_EDGE('',*,*,#1386,.T.);
#1388=CARTESIAN_POINT('',(-35.787330198,-19.448880412,2.99988755));
#1389=DIRECTION('',(-1.,0.000000004,-0.));
#1390=VECTOR('',#1389,4.593433027);
#1391=LINE('',#1388,#1390);
#1392=EDGE_CURVE('',#1381,#1372,#1391,.T.);
#1393=ORIENTED_EDGE('',*,*,#1392,.T.);
#1394=EDGE_LOOP('',(#1378,#1379,#1387,#1393));
#1395=FACE_BOUND('',#1394,.T.);
#1396=ADVANCED_FACE('',(#1395),#1370,.T.);
#1397=CARTESIAN_POINT('',(-33.824974567,-14.209384207,2.76511987));
#1398=DIRECTION('',(0.707106781,-0.000215918,-0.707106748));
#1399=DIRECTION('',(-0.,0.999999953,-0.000305354));
#1400=AXIS2_PLACEMENT_3D('',#1397,#1398,#1399);
#1401=PLANE('',#1400);
#1402=CARTESIAN_POINT('',(-33.824974567,-12.163564713,2.76449517));
#1403=VERTEX_POINT('',#1402);
#1404=CARTESIAN_POINT('',(-35.663189015,-12.16412602,0.926280808));
#1405=DIRECTION('',(0.707106781,0.000215918,0.707106748));
#1406=VECTOR('',#1405,2.599627802);
#1407=LINE('',#1404,#1406);
#1408=EDGE_CURVE('',#432,#1403,#1407,.T.);
#1409=ORIENTED_EDGE('',*,*,#1408,.T.);
#1410=CARTESIAN_POINT('',(-33.824974567,-12.163564713,2.76449517));
#1411=DIRECTION('',(0.,-0.999999953,0.000305354));
#1412=VECTOR('',#1411,7.284282562);
#1413=LINE('',#1410,#1412);
#1414=EDGE_CURVE('',#1403,#361,#1413,.T.);
#1415=ORIENTED_EDGE('',*,*,#1414,.T.);
#1416=ORIENTED_EDGE('',*,*,#366,.T.);
#1417=ORIENTED_EDGE('',*,*,#404,.T.);
#1418=ORIENTED_EDGE('',*,*,#485,.T.);
#1419=ORIENTED_EDGE('',*,*,#445,.T.);
#1420=EDGE_LOOP('',(#1409,#1415,#1416,#1417,#1418,#1419));
#1421=FACE_BOUND('',#1420,.T.);
#1422=ADVANCED_FACE('',(#1421),#1401,.T.);
#1423=CARTESIAN_POINT('',(-48.577495709,-12.44844566,6.524327155));
#1424=DIRECTION('',(0.,-0.000305354,-0.999999953));
#1425=DIRECTION('',(-1.,0.,0.));
#1426=AXIS2_PLACEMENT_3D('',#1423,#1424,#1425);
#1427=PLANE('',#1426);
#1428=CARTESIAN_POINT('',(-33.874098774,-30.324218709,6.529785601));
#1429=VERTEX_POINT('',#1428);
#1430=CARTESIAN_POINT('',(-33.874098774,-30.324218709,6.529785601));
#1431=DIRECTION('',(-0.000201586,-0.999999933,0.000305354));
#1432=VECTOR('',#1431,0.230581125);
#1433=LINE('',#1430,#1432);
#1434=EDGE_CURVE('',#1429,#532,#1433,.T.);
#1435=ORIENTED_EDGE('',*,*,#1434,.F.);
#1436=CARTESIAN_POINT('',(14.089751238,-30.324218709,6.529785601));
#1437=VERTEX_POINT('',#1436);
#1438=CARTESIAN_POINT('',(-33.874098774,-30.324218709,6.529785601));
#1439=DIRECTION('',(1.,0.,-0.));
#1440=VECTOR('',#1439,47.963850011);
#1441=LINE('',#1438,#1440);
#1442=EDGE_CURVE('',#1429,#1437,#1441,.T.);
#1443=ORIENTED_EDGE('',*,*,#1442,.T.);
#1444=CARTESIAN_POINT('',(14.08901685,-33.967275454,6.530898024));
#1445=VERTEX_POINT('',#1444);
#1446=CARTESIAN_POINT('',(14.089751238,-30.324218709,6.529785601));
#1447=DIRECTION('',(-0.000201585,-0.999999933,0.000305354));
#1448=VECTOR('',#1447,3.643056989);
#1449=LINE('',#1446,#1448);
#1450=EDGE_CURVE('',#1437,#1445,#1449,.T.);
#1451=ORIENTED_EDGE('',*,*,#1450,.T.);
#1452=CARTESIAN_POINT('',(14.08901685,-33.96776329,6.530898173));
#1453=VERTEX_POINT('',#1452);
#1454=CARTESIAN_POINT('',(14.089016801,-33.96776329,6.530898173));
#1455=CARTESIAN_POINT('',(14.089016801,-33.96760068,6.530898123));
#1456=CARTESIAN_POINT('',(14.089016817,-33.967438068,6.530898074));
#1457=CARTESIAN_POINT('',(14.08901685,-33.967275454,6.530898024));
#1458=(BOUNDED_CURVE()
B_SPLINE_CURVE(3,(#1454,#1455,#1456,#1457),.UNSPECIFIED.,.F.,.F.)
B_SPLINE_CURVE_WITH_KNOTS((4,4),(0.657592749,0.657626278),.UNSPECIFIED.)
CURVE()
GEOMETRIC_REPRESENTATION_ITEM()
RATIONAL_B_SPLINE_CURVE((0.652530795,0.652517495,0.652504197,0.652490901))
REPRESENTATION_ITEM(''));
#1459=EDGE_CURVE('',#1453,#1445,#1458,.T.);
#1460=ORIENTED_EDGE('',*,*,#1459,.F.);
#1461=CARTESIAN_POINT('',(14.08901685,-36.544903385,6.531685114));
#1462=VERTEX_POINT('',#1461);
#1463=CARTESIAN_POINT('',(14.08901685,-36.544903385,6.531685114));
#1464=DIRECTION('',(0.,0.999999953,-0.000305354));
#1465=VECTOR('',#1464,2.577140215);
#1466=LINE('',#1463,#1465);
#1467=EDGE_CURVE('',#1462,#1453,#1466,.T.);
#1468=ORIENTED_EDGE('',*,*,#1467,.F.);
#1469=CARTESIAN_POINT('',(-33.864789122,-36.544903385,6.531685114));
#1470=VERTEX_POINT('',#1469);
#1471=CARTESIAN_POINT('',(-33.864789122,-36.544903385,6.531685114));
#1472=DIRECTION('',(1.,-0.,0.));
#1473=VECTOR('',#1472,47.953805972);
#1474=LINE('',#1471,#1473);
#1475=EDGE_CURVE('',#1470,#1462,#1474,.T.);
#1476=ORIENTED_EDGE('',*,*,#1475,.F.);
#1477=CARTESIAN_POINT('',(-33.864789122,-30.554799818,6.52985601));
#1478=DIRECTION('',(0.,-0.999999953,0.000305354));
#1479=VECTOR('',#1478,5.990103846);
#1480=LINE('',#1477,#1479);
#1481=EDGE_CURVE('',#540,#1470,#1480,.T.);
#1482=ORIENTED_EDGE('',*,*,#1481,.F.);
#1483=ORIENTED_EDGE('',*,*,#545,.F.);
#1484=EDGE_LOOP('',(#1435,#1443,#1451,#1460,#1468,#1476,#1482,#1483));
#1485=FACE_BOUND('',#1484,.T.);
#1486=ADVANCED_FACE('',(#1485),#1427,.T.);
#1487=CARTESIAN_POINT('',(-33.871194592,-15.918657019,2.998809581));
#1488=DIRECTION('',(0.99999998,-0.000201586,0.000000062));
#1489=DIRECTION('',(-0.000201586,-0.999999933,0.000305354));
#1490=AXIS2_PLACEMENT_3D('',#1487,#1488,#1489);
#1491=PLANE('',#1490);
#1492=CARTESIAN_POINT('',(-33.871906237,-19.448854915,3.083412072));
#1493=VERTEX_POINT('',#1492);
#1494=CARTESIAN_POINT('',(-33.874145256,-30.555851175,3.086784812));
#1495=DIRECTION('',(0.000201586,0.999999934,-0.000303659));
#1496=VECTOR('',#1495,11.106996998);
#1497=LINE('',#1494,#1496);
#1498=EDGE_CURVE('',#524,#1493,#1497,.T.);
#1499=ORIENTED_EDGE('',*,*,#1498,.T.);
#1500=CARTESIAN_POINT('',(-33.871906237,-19.448854915,3.083412072));
#1501=DIRECTION('',(0.,0.000305354,0.999999953));
#1502=VECTOR('',#1501,3.443052527);
#1503=LINE('',#1500,#1502);
#1504=EDGE_CURVE('',#1493,#280,#1503,.T.);
#1505=ORIENTED_EDGE('',*,*,#1504,.T.);
#1506=ORIENTED_EDGE('',*,*,#285,.T.);
#1507=ORIENTED_EDGE('',*,*,#209,.T.);
#1508=CARTESIAN_POINT('',(-33.874098774,-30.324466651,5.717801658));
#1509=VERTEX_POINT('',#1508);
#1510=CARTESIAN_POINT('',(-33.874098774,-30.324466651,5.717801658));
#1511=DIRECTION('',(0.000201586,0.999999933,-0.000305354));
#1512=VECTOR('',#1511,7.404789237);
#1513=LINE('',#1510,#1512);
#1514=EDGE_CURVE('',#1509,#198,#1513,.T.);
#1515=ORIENTED_EDGE('',*,*,#1514,.F.);
#1516=CARTESIAN_POINT('',(-33.874098774,-30.324218709,6.529785601));
#1517=DIRECTION('',(0.,-0.000305354,-0.999999953));
#1518=VECTOR('',#1517,0.81198398);
#1519=LINE('',#1516,#1518);
#1520=EDGE_CURVE('',#1429,#1509,#1519,.T.);
#1521=ORIENTED_EDGE('',*,*,#1520,.F.);
#1522=ORIENTED_EDGE('',*,*,#1434,.T.);
#1523=ORIENTED_EDGE('',*,*,#537,.F.);
#1524=EDGE_LOOP('',(#1499,#1505,#1506,#1507,#1515,#1521,#1522,#1523));
#1525=FACE_BOUND('',#1524,.T.);
#1526=ADVANCED_FACE('',(#1525),#1491,.T.);
#1527=CARTESIAN_POINT('',(17.0326705,-15.919045552,1.015966299));
#1528=DIRECTION('',(-0.,0.000305354,0.999999953));
#1529=DIRECTION('',(1.,0.,0.));
#1530=AXIS2_PLACEMENT_3D('',#1527,#1528,#1529);
#1531=CYLINDRICAL_SURFACE('',#1530,2.912323952);
#1532=CARTESIAN_POINT('',(17.786533653,-18.731234768,3.876600273));
#1533=VERTEX_POINT('',#1532);
#1534=CARTESIAN_POINT('',(17.786533653,-18.731639089,2.552497506));
#1535=VERTEX_POINT('',#1534);
#1536=CARTESIAN_POINT('',(17.786533653,-18.731234768,3.876600273));
#1537=DIRECTION('',(-0.,-0.000305354,-0.999999953));
#1538=VECTOR('',#1537,1.324102829);
#1539=LINE('',#1536,#1538);
#1540=EDGE_CURVE('',#1533,#1535,#1539,.T.);
#1541=ORIENTED_EDGE('',*,*,#1540,.F.);
#1542=CARTESIAN_POINT('',(16.788685172,-18.819953269,4.874475891));
#1543=VERTEX_POINT('',#1542);
#1544=CARTESIAN_POINT('',(17.0326705,-15.917942111,4.629604409));
#1545=DIRECTION('',(0.707106781,0.000215918,0.707106748));
#1546=DIRECTION('',(-0.707106781,0.000215918,0.707106748));
#1547=AXIS2_PLACEMENT_3D('',#1544,#1545,#1546);
#1548=ELLIPSE('',#1547,4.118648031,2.912323952);
#1549=EDGE_CURVE('',#1543,#1533,#1548,.T.);
#1550=ORIENTED_EDGE('',*,*,#1549,.F.);
#1551=CARTESIAN_POINT('',(16.183977343,-18.703787566,4.874440419));
#1552=VERTEX_POINT('',#1551);
#1553=CARTESIAN_POINT('',(17.0326705,-15.917867609,4.873589726));
#1554=DIRECTION('',(-0.,-0.000305354,-0.999999953));
#1555=DIRECTION('',(-1.,0.,0.));
#1556=AXIS2_PLACEMENT_3D('',#1553,#1554,#1555);
#1557=CIRCLE('',#1556,2.912323952);
#1558=EDGE_CURVE('',#1543,#1552,#1557,.T.);
#1559=ORIENTED_EDGE('',*,*,#1558,.T.);
#1560=CARTESIAN_POINT('',(16.183977343,-18.704504965,2.525042399));
#1561=VERTEX_POINT('',#1560);
#1562=CARTESIAN_POINT('',(16.183977343,-18.704504965,2.525042399));
#1563=DIRECTION('',(0.,0.000305354,0.999999953));
#1564=VECTOR('',#1563,2.34939813);
#1565=LINE('',#1562,#1564);
#1566=EDGE_CURVE('',#1561,#1552,#1565,.T.);
#1567=ORIENTED_EDGE('',*,*,#1566,.F.);
#1568=CARTESIAN_POINT('',(17.0326705,-15.919445239,-0.292963193));
#1569=DIRECTION('',(-0.,0.711252254,0.702936862));
#1570=DIRECTION('',(0.,-0.702936862,0.711252254));
#1571=AXIS2_PLACEMENT_3D('',#1568,#1569,#1570);
#1572=ELLIPSE('',#1571,4.14180094,2.912323952);
#1573=EDGE_CURVE('',#1561,#1535,#1572,.T.);
#1574=ORIENTED_EDGE('',*,*,#1573,.T.);
#1575=EDGE_LOOP('',(#1541,#1550,#1559,#1567,#1574));
#1576=FACE_BOUND('',#1575,.T.);
#1577=ADVANCED_FACE('',(#1576),#1531,.T.);
#1578=CARTESIAN_POINT('',(17.0326705,-15.919045552,1.015966299));
#1579=DIRECTION('',(-0.,0.000305354,0.999999953));
#1580=DIRECTION('',(1.,0.,0.));
#1581=AXIS2_PLACEMENT_3D('',#1578,#1579,#1580);
#1582=CYLINDRICAL_SURFACE('',#1581,2.912323952);
#1583=CARTESIAN_POINT('',(17.865959538,-18.709149727,2.529742106));
#1584=VERTEX_POINT('',#1583);
#1585=CARTESIAN_POINT('',(17.0326705,-15.919445239,-0.292963193));
#1586=DIRECTION('',(-0.,0.711252254,0.702936862));
#1587=DIRECTION('',(0.,-0.702936862,0.711252254));
#1588=AXIS2_PLACEMENT_3D('',#1585,#1586,#1587);
#1589=ELLIPSE('',#1588,4.14180094,2.912323952);
#1590=EDGE_CURVE('',#1535,#1584,#1589,.T.);
#1591=ORIENTED_EDGE('',*,*,#1590,.T.);
#1592=CARTESIAN_POINT('',(17.786533653,-18.731646035,2.529748975));
#1593=VERTEX_POINT('',#1592);
#1594=CARTESIAN_POINT('',(17.0326705,-15.918583574,2.528889994));
#1595=DIRECTION('',(0.,-0.000305354,-0.999999953));
#1596=DIRECTION('',(1.,0.,0.));
#1597=AXIS2_PLACEMENT_3D('',#1594,#1595,#1596);
#1598=CIRCLE('',#1597,2.912323952);
#1599=EDGE_CURVE('',#1584,#1593,#1598,.T.);
#1600=ORIENTED_EDGE('',*,*,#1599,.T.);
#1601=CARTESIAN_POINT('',(17.786533653,-18.731639089,2.552497506));
#1602=DIRECTION('',(-0.,-0.000305354,-0.999999953));
#1603=VECTOR('',#1602,0.022748531);
#1604=LINE('',#1601,#1603);
#1605=EDGE_CURVE('',#1535,#1593,#1604,.T.);
#1606=ORIENTED_EDGE('',*,*,#1605,.F.);
#1607=EDGE_LOOP('',(#1591,#1600,#1606));
#1608=FACE_BOUND('',#1607,.T.);
#1609=ADVANCED_FACE('',(#1608),#1582,.F.);
#1610=CARTESIAN_POINT('',(16.170663754,-31.172485383,2.503409587));
#1611=CARTESIAN_POINT('',(16.170663754,-31.171760216,4.87824757));
#1612=CARTESIAN_POINT('',(16.186028707,-31.167422491,2.503408041));
#1613=CARTESIAN_POINT('',(16.186028707,-31.166697324,4.878246024));
#1614=CARTESIAN_POINT('',(16.201431829,-31.162468865,2.503406528));
#1615=CARTESIAN_POINT('',(16.201431829,-31.161743698,4.878244511));
#1616=CARTESIAN_POINT('',(16.216871802,-31.157625092,2.503405049));
#1617=CARTESIAN_POINT('',(16.216871802,-31.156899925,4.878243032));
#1618=CARTESIAN_POINT('',(16.308207095,-31.130114663,2.503396649));
#1619=CARTESIAN_POINT('',(16.308207095,-31.129389495,4.878234632));
#1620=CARTESIAN_POINT('',(16.400840691,-31.106430669,2.503389417));
#1621=CARTESIAN_POINT('',(16.400840691,-31.105705502,4.8782274));
#1622=CARTESIAN_POINT('',(16.494503364,-31.086706866,2.503383394));
#1623=CARTESIAN_POINT('',(16.494503364,-31.085981699,4.878221377));
#1624=CARTESIAN_POINT('',(16.588640478,-31.068036549,2.503377693));
#1625=CARTESIAN_POINT('',(16.588640478,-31.067311382,4.878215676));
#1626=CARTESIAN_POINT('',(16.683821379,-31.053373855,2.503373216));
#1627=CARTESIAN_POINT('',(16.683821379,-31.052648688,4.878211198));
#1628=CARTESIAN_POINT('',(16.779770394,-31.042866273,2.503370007));
#1629=CARTESIAN_POINT('',(16.779770394,-31.042141106,4.87820799));
#1630=CARTESIAN_POINT('',(16.876203289,-31.033503485,2.503367148));
#1631=CARTESIAN_POINT('',(16.876203289,-31.032778318,4.878205131));
#1632=CARTESIAN_POINT('',(16.973399336,-31.028369384,2.50336558));
#1633=CARTESIAN_POINT('',(16.973399336,-31.027644216,4.878203563));
#1634=CARTESIAN_POINT('',(17.071069461,-31.027623335,2.503365353));
#1635=CARTESIAN_POINT('',(17.071069461,-31.026898168,4.878203335));
#1636=CARTESIAN_POINT('',(17.168743495,-31.02813373,2.503365508));
#1637=CARTESIAN_POINT('',(17.168743495,-31.027408562,4.878203491));
#1638=CARTESIAN_POINT('',(17.265961116,-31.033033798,2.503367005));
#1639=CARTESIAN_POINT('',(17.265961116,-31.032308631,4.878204987));
#1640=CARTESIAN_POINT('',(17.362432469,-31.042167041,2.503369794));
#1641=CARTESIAN_POINT('',(17.362432469,-31.041441874,4.878207776));
#1642=CARTESIAN_POINT('',(17.458427743,-31.052447748,2.503372933));
#1643=CARTESIAN_POINT('',(17.458427743,-31.051722581,4.878210916));
#1644=CARTESIAN_POINT('',(17.55367159,-31.066889078,2.503377343));
#1645=CARTESIAN_POINT('',(17.55367159,-31.066163911,4.878215325));
#1646=CARTESIAN_POINT('',(17.647887351,-31.085346358,2.503382979));
#1647=CARTESIAN_POINT('',(17.647887351,-31.084621191,4.878220961));
#1648=CARTESIAN_POINT('',(17.694328631,-31.095013661,2.50338593));
#1649=CARTESIAN_POINT('',(17.694328631,-31.094288494,4.878223913));
#1650=CARTESIAN_POINT('',(17.740521088,-31.105655065,2.50338918));
#1651=CARTESIAN_POINT('',(17.740521088,-31.104929897,4.878227163));
#1652=CARTESIAN_POINT('',(17.786431854,-31.11725464,2.503392722));
#1653=CARTESIAN_POINT('',(17.786431854,-31.116529473,4.878230705));
#1654=B_SPLINE_SURFACE_WITH_KNOTS('',3,1,((#1610,#1611),(#1612,#1613),(#1614,#1615),(#1616,#1617),(#1618,#1619),(#1620,#1621),(#1622,#1623),(#1624,#1625),(#1626,#1627),(#1628,#1629),(#1630,#1631),(#1632,#1633),(#1634,#1635),(#1636,#1637),(#1638,#1639),(#1640,#1641),(#1642,#1643),(#1644,#1645),(#1646,#1647),(#1648,#1649),(#1650,#1651),(#1652,#1653)),.UNSPECIFIED.,.F.,.F.,.U.,(4,3,3,3,3,3,3,4),(2,2),(0.004817438,0.004835693,0.004943153,0.005050613,0.005158072,0.005265532,0.005372992,0.005426226),(0.74780771,1.945500984),.UNSPECIFIED.);
#1655=CARTESIAN_POINT('',(16.17059201,-31.172267655,2.50340952));
#1656=VERTEX_POINT('',#1655);
#1657=CARTESIAN_POINT('',(16.17059201,-31.171542488,4.878247503));
#1658=VERTEX_POINT('',#1657);
#1659=CARTESIAN_POINT('',(16.17059201,-31.172267655,2.50340952));
#1660=DIRECTION('',(0.,0.000305354,0.999999953));
#1661=VECTOR('',#1660,2.374838094);
#1662=LINE('',#1659,#1661);
#1663=EDGE_CURVE('',#1656,#1658,#1662,.T.);
#1664=ORIENTED_EDGE('',*,*,#1663,.T.);
#1665=CARTESIAN_POINT('',(16.788685172,-31.041233699,4.878207713));
#1666=VERTEX_POINT('',#1665);
#1667=CARTESIAN_POINT('',(16.17059201,-31.171542488,4.878247503));
#1668=CARTESIAN_POINT('',(16.271148396,-31.138825624,4.878237513));
#1669=CARTESIAN_POINT('',(16.37424496,-31.111263438,4.878229097));
#1670=CARTESIAN_POINT('',(16.477380679,-31.089535963,4.878222462));
#1671=CARTESIAN_POINT('',(16.580516398,-31.067808487,4.878215828));
#1672=CARTESIAN_POINT('',(16.684283389,-31.051697296,4.878210908));
#1673=CARTESIAN_POINT('',(16.788685172,-31.041233699,4.878207713));
#1674=B_SPLINE_CURVE_WITH_KNOTS('',3,(#1667,#1668,#1669,#1670,#1671,#1672,#1673),.UNSPECIFIED.,.F.,.F.,(4,3,4),(0.002427649,0.00274222,0.00305679),.UNSPECIFIED.);
#1675=EDGE_CURVE('',#1658,#1666,#1674,.T.);
#1676=ORIENTED_EDGE('',*,*,#1675,.T.);
#1677=CARTESIAN_POINT('',(17.786533653,-31.116431251,3.880382147));
#1678=VERTEX_POINT('',#1677);
#1679=CARTESIAN_POINT('',(17.786533653,-31.116431251,3.880382147));
#1680=CARTESIAN_POINT('',(17.622618744,-31.074971246,4.044284404));
#1681=CARTESIAN_POINT('',(17.455915937,-31.047693651,4.210978889));
#1682=CARTESIAN_POINT('',(17.288308414,-31.035074988,4.378582567));
#1683=CARTESIAN_POINT('',(17.120700891,-31.022456326,4.546186244));
#1684=CARTESIAN_POINT('',(16.95417356,-31.024698394,4.712714267));
#1685=CARTESIAN_POINT('',(16.788685172,-31.041233699,4.878207713));
#1686=B_SPLINE_CURVE_WITH_KNOTS('',3,(#1679,#1680,#1681,#1682,#1683,#1684,#1685),.UNSPECIFIED.,.F.,.F.,(4,3,4),(0.007751351,0.008453483,0.009155615),.UNSPECIFIED.);
#1687=EDGE_CURVE('',#1678,#1666,#1686,.T.);
#1688=ORIENTED_EDGE('',*,*,#1687,.F.);
#1689=CARTESIAN_POINT('',(17.786533653,-31.116834799,2.558808533));
#1690=VERTEX_POINT('',#1689);
#1691=CARTESIAN_POINT('',(17.786533653,-31.116834799,2.558808533));
#1692=DIRECTION('',(0.,0.000305354,0.999999953));
#1693=VECTOR('',#1692,1.321573676);
#1694=LINE('',#1691,#1693);
#1695=EDGE_CURVE('',#1690,#1678,#1694,.T.);
#1696=ORIENTED_EDGE('',*,*,#1695,.F.);
#1697=CARTESIAN_POINT('',(16.17059201,-31.172267655,2.50340952));
#1698=CARTESIAN_POINT('',(16.296169995,-31.131397319,2.544254905));
#1699=CARTESIAN_POINT('',(16.425826889,-31.098342979,2.577289063));
#1700=CARTESIAN_POINT('',(16.560053346,-31.074044829,2.601572379));
#1701=CARTESIAN_POINT('',(16.694279803,-31.049746678,2.625855695));
#1702=CARTESIAN_POINT('',(16.833380987,-31.034471739,2.641121309));
#1703=CARTESIAN_POINT('',(16.970977632,-31.029463014,2.646126976));
#1704=CARTESIAN_POINT('',(17.108574276,-31.024454289,2.651132643));
#1705=CARTESIAN_POINT('',(17.246211295,-31.0294381,2.646151875));
#1706=CARTESIAN_POINT('',(17.383888524,-31.044374282,2.631224811));
#1707=CARTESIAN_POINT('',(17.521565753,-31.059310465,2.616297748));
#1708=CARTESIAN_POINT('',(17.656604541,-31.084000552,2.591622734));
#1709=CARTESIAN_POINT('',(17.786533653,-31.116834799,2.558808533));
#1710=B_SPLINE_CURVE_WITH_KNOTS('',3,(#1697,#1698,#1699,#1700,#1701,#1702,#1703,#1704,#1705,#1706,#1707,#1708,#1709),.UNSPECIFIED.,.F.,.F.,(4,3,3,3,4),(0.004192088,0.004602072,0.005012056,0.00542204,0.005832023),.UNSPECIFIED.);
#1711=EDGE_CURVE('',#1656,#1690,#1710,.T.);
#1712=ORIENTED_EDGE('',*,*,#1711,.F.);
#1713=EDGE_LOOP('',(#1664,#1676,#1688,#1696,#1712));
#1714=FACE_BOUND('',#1713,.T.);
#1715=ADVANCED_FACE('',(#1714),#1654,.F.);
#1716=CARTESIAN_POINT('',(14.089365516,-32.239446768,0.679794638));
#1717=DIRECTION('',(0.999999995,-0.000101113,0.000000031));
#1718=DIRECTION('',(-0.000101113,-0.999999948,0.000305354));
#1719=AXIS2_PLACEMENT_3D('',#1716,#1717,#1718);
#1720=PLANE('',#1719);
#1721=CARTESIAN_POINT('',(14.08901685,-35.687637306,0.933463816));
#1722=VERTEX_POINT('',#1721);
#1723=CARTESIAN_POINT('',(14.089314484,-32.744071812,0.932564985));
#1724=VERTEX_POINT('',#1723);
#1725=CARTESIAN_POINT('',(14.08901685,-35.687637306,0.933463816));
#1726=DIRECTION('',(0.000101113,0.999999948,-0.000305354));
#1727=VECTOR('',#1726,2.943565647);
#1728=LINE('',#1725,#1727);
#1729=EDGE_CURVE('',#1722,#1724,#1728,.T.);
#1730=ORIENTED_EDGE('',*,*,#1729,.F.);
#1731=CARTESIAN_POINT('',(14.08901685,-35.686432328,4.879626145));
#1732=VERTEX_POINT('',#1731);
#1733=CARTESIAN_POINT('',(14.08901685,-35.686432328,4.879626145));
#1734=DIRECTION('',(0.,-0.000305354,-0.999999953));
#1735=VECTOR('',#1734,3.946162513);
#1736=LINE('',#1733,#1735);
#1737=EDGE_CURVE('',#1732,#1722,#1736,.T.);
#1738=ORIENTED_EDGE('',*,*,#1737,.F.);
#1739=CARTESIAN_POINT('',(14.089365516,-32.238164652,4.878573201));
#1740=VERTEX_POINT('',#1739);
#1741=CARTESIAN_POINT('',(14.089365516,-32.238164652,4.878573201));
#1742=DIRECTION('',(-0.000101113,-0.999999948,0.000305354));
#1743=VECTOR('',#1742,3.448267854);
#1744=LINE('',#1741,#1743);
#1745=EDGE_CURVE('',#1740,#1732,#1744,.T.);
#1746=ORIENTED_EDGE('',*,*,#1745,.F.);
#1747=CARTESIAN_POINT('',(14.089580616,-31.171122986,4.878247375));
#1748=VERTEX_POINT('',#1747);
#1749=CARTESIAN_POINT('',(14.089365516,-32.238164652,4.878573201));
#1750=DIRECTION('',(0.000101113,0.999999948,-0.000305354));
#1751=VECTOR('',#1750,1.067041732);
#1752=LINE('',#1749,#1751);
#1753=EDGE_CURVE('',#1740,#1748,#1752,.T.);
#1754=ORIENTED_EDGE('',*,*,#1753,.T.);
#1755=CARTESIAN_POINT('',(14.089473408,-31.171848004,2.503828916));
#1756=VERTEX_POINT('',#1755);
#1757=CARTESIAN_POINT('',(14.089473408,-31.171848004,2.503828916));
#1758=DIRECTION('',(0.,0.000305354,0.999999953));
#1759=VECTOR('',#1758,2.37441857);
#1760=LINE('',#1757,#1759);
#1761=EDGE_CURVE('',#1756,#1748,#1760,.T.);
#1762=ORIENTED_EDGE('',*,*,#1761,.F.);
#1763=CARTESIAN_POINT('',(14.089473408,-31.171848004,2.503828916));
#1764=DIRECTION('',(-0.000071498,-0.707322665,-0.706890828));
#1765=VECTOR('',#1764,2.222781606);
#1766=LINE('',#1763,#1765);
#1767=EDGE_CURVE('',#1756,#1724,#1766,.T.);
#1768=ORIENTED_EDGE('',*,*,#1767,.T.);
#1769=EDGE_LOOP('',(#1730,#1738,#1746,#1754,#1762,#1768));
#1770=FACE_BOUND('',#1769,.T.);
#1771=ADVANCED_FACE('',(#1770),#1720,.F.);
#1772=CARTESIAN_POINT('',(16.359113735,-31.172862606,0.679468952));
#1773=DIRECTION('',(-0.000201585,-0.999999933,0.000305354));
#1774=DIRECTION('',(-0.99999998,0.000201585,-0.000000062));
#1775=AXIS2_PLACEMENT_3D('',#1772,#1773,#1774);
#1776=PLANE('',#1775);
#1777=CARTESIAN_POINT('',(16.17059201,-31.172267655,2.50340952));
#1778=DIRECTION('',(-0.999999959,0.000201647,0.000201524));
#1779=VECTOR('',#1778,2.081118687);
#1780=LINE('',#1777,#1779);
#1781=EDGE_CURVE('',#1656,#1756,#1780,.T.);
#1782=ORIENTED_EDGE('',*,*,#1781,.T.);
#1783=ORIENTED_EDGE('',*,*,#1761,.T.);
#1784=CARTESIAN_POINT('',(16.17059201,-31.171542488,4.878247503));
#1785=DIRECTION('',(-0.99999998,0.000201585,-0.000000062));
#1786=VECTOR('',#1785,2.081011437);
#1787=LINE('',#1784,#1786);
#1788=EDGE_CURVE('',#1658,#1748,#1787,.T.);
#1789=ORIENTED_EDGE('',*,*,#1788,.F.);
#1790=ORIENTED_EDGE('',*,*,#1663,.F.);
#1791=EDGE_LOOP('',(#1782,#1783,#1789,#1790));
#1792=FACE_BOUND('',#1791,.T.);
#1793=ADVANCED_FACE('',(#1792),#1776,.F.);
#1794=CARTESIAN_POINT('',(17.0326705,-15.919045552,1.015966299));
#1795=DIRECTION('',(-0.,0.000305354,0.999999953));
#1796=DIRECTION('',(1.,0.,0.));
#1797=AXIS2_PLACEMENT_3D('',#1794,#1795,#1796);
#1798=CYLINDRICAL_SURFACE('',#1797,2.912323952);
#1799=CARTESIAN_POINT('',(17.980888457,-18.672219861,2.529730829));
#1800=VERTEX_POINT('',#1799);
#1801=CARTESIAN_POINT('',(17.980888457,-18.672231264,2.492386916));
#1802=VERTEX_POINT('',#1801);
#1803=CARTESIAN_POINT('',(17.980888457,-18.672219861,2.529730829));
#1804=DIRECTION('',(-0.,-0.000305354,-0.999999953));
#1805=VECTOR('',#1804,0.037343915);
#1806=LINE('',#1803,#1805);
#1807=EDGE_CURVE('',#1800,#1802,#1806,.T.);
#1808=ORIENTED_EDGE('',*,*,#1807,.F.);
#1809=CARTESIAN_POINT('',(17.0326705,-15.918583574,2.528889994));
#1810=DIRECTION('',(0.,-0.000305354,-0.999999953));
#1811=DIRECTION('',(1.,0.,0.));
#1812=AXIS2_PLACEMENT_3D('',#1809,#1810,#1811);
#1813=CIRCLE('',#1812,2.912323952);
#1814=EDGE_CURVE('',#1800,#1584,#1813,.T.);
#1815=ORIENTED_EDGE('',*,*,#1814,.T.);
#1816=CARTESIAN_POINT('',(17.0326705,-15.919445239,-0.292963193));
#1817=DIRECTION('',(-0.,0.711252254,0.702936862));
#1818=DIRECTION('',(0.,-0.702936862,0.711252254));
#1819=AXIS2_PLACEMENT_3D('',#1816,#1817,#1818);
#1820=ELLIPSE('',#1819,4.14180094,2.912323952);
#1821=EDGE_CURVE('',#1584,#1802,#1820,.T.);
#1822=ORIENTED_EDGE('',*,*,#1821,.T.);
#1823=EDGE_LOOP('',(#1808,#1815,#1822));
#1824=FACE_BOUND('',#1823,.T.);
#1825=ADVANCED_FACE('',(#1824),#1798,.T.);
#1826=CARTESIAN_POINT('',(18.887029973,-35.687722562,0.654261935));
#1827=DIRECTION('',(-1.,0.,-0.));
#1828=DIRECTION('',(0.,0.999999953,-0.000305354));
#1829=AXIS2_PLACEMENT_3D('',#1826,#1827,#1828);
#1830=PLANE('',#1829);
#1831=ORIENTED_EDGE('',*,*,#1287,.T.);
#1832=CARTESIAN_POINT('',(18.887029973,-21.82031406,4.875392064));
#1833=VERTEX_POINT('',#1832);
#1834=CARTESIAN_POINT('',(18.887029973,-21.81770189,13.429942799));
#1835=DIRECTION('',(0.,-0.000305354,-0.999999953));
#1836=VECTOR('',#1835,8.554551134);
#1837=LINE('',#1834,#1836);
#1838=EDGE_CURVE('',#1274,#1833,#1837,.T.);
#1839=ORIENTED_EDGE('',*,*,#1838,.T.);
#1840=CARTESIAN_POINT('',(18.887029973,-36.545407769,4.879888437));
#1841=VERTEX_POINT('',#1840);
#1842=CARTESIAN_POINT('',(18.887029973,-36.545407769,4.879888437));
#1843=DIRECTION('',(0.,0.999999953,-0.000305354));
#1844=VECTOR('',#1843,14.725094395);
#1845=LINE('',#1842,#1844);
#1846=EDGE_CURVE('',#1841,#1833,#1845,.T.);
#1847=ORIENTED_EDGE('',*,*,#1846,.F.);
#1848=CARTESIAN_POINT('',(18.887029973,-36.546612747,0.933726108));
#1849=VERTEX_POINT('',#1848);
#1850=CARTESIAN_POINT('',(18.887029973,-36.546612747,0.933726108));
#1851=DIRECTION('',(0.,0.000305354,0.999999953));
#1852=VECTOR('',#1851,3.946162513);
#1853=LINE('',#1850,#1852);
#1854=EDGE_CURVE('',#1849,#1841,#1853,.T.);
#1855=ORIENTED_EDGE('',*,*,#1854,.F.);
#1856=CARTESIAN_POINT('',(18.887029973,-32.744071812,0.932564985));
#1857=VERTEX_POINT('',#1856);
#1858=CARTESIAN_POINT('',(18.887029973,-32.744071812,0.932564985));
#1859=DIRECTION('',(-0.,-0.999999953,0.000305354));
#1860=VECTOR('',#1859,3.802541112);
#1861=LINE('',#1858,#1860);
#1862=EDGE_CURVE('',#1857,#1849,#1861,.T.);
#1863=ORIENTED_EDGE('',*,*,#1862,.F.);
#1864=CARTESIAN_POINT('',(18.887029973,-31.145121426,2.530539176));
#1865=VERTEX_POINT('',#1864);
#1866=CARTESIAN_POINT('',(18.887029973,-31.145121426,2.530539176));
#1867=DIRECTION('',(-0.,-0.707322666,-0.70689083));
#1868=VECTOR('',#1867,2.260567152);
#1869=LINE('',#1866,#1868);
#1870=EDGE_CURVE('',#1865,#1857,#1869,.T.);
#1871=ORIENTED_EDGE('',*,*,#1870,.F.);
#1872=CARTESIAN_POINT('',(18.887029973,-31.14512051,2.533539485));
#1873=VERTEX_POINT('',#1872);
#1874=CARTESIAN_POINT('',(18.887029973,-31.14512051,2.533539485));
#1875=DIRECTION('',(0.,-0.000305354,-0.999999953));
#1876=VECTOR('',#1875,0.003000309);
#1877=LINE('',#1874,#1876);
#1878=EDGE_CURVE('',#1873,#1865,#1877,.T.);
#1879=ORIENTED_EDGE('',*,*,#1878,.F.);
#1880=CARTESIAN_POINT('',(18.887029973,-18.672219861,2.529730829));
#1881=VERTEX_POINT('',#1880);
#1882=CARTESIAN_POINT('',(18.887029973,-18.672219861,2.529730829));
#1883=DIRECTION('',(-0.,-0.999999953,0.000305354));
#1884=VECTOR('',#1883,12.472901231);
#1885=LINE('',#1882,#1884);
#1886=EDGE_CURVE('',#1881,#1873,#1885,.T.);
#1887=ORIENTED_EDGE('',*,*,#1886,.F.);
#1888=CARTESIAN_POINT('',(18.887029973,-18.672231264,2.492386916));
#1889=VERTEX_POINT('',#1888);
#1890=CARTESIAN_POINT('',(18.887029973,-18.672219861,2.529730829));
#1891=DIRECTION('',(0.,-0.000305354,-0.999999953));
#1892=VECTOR('',#1891,0.037343915);
#1893=LINE('',#1890,#1892);
#1894=EDGE_CURVE('',#1881,#1889,#1893,.T.);
#1895=ORIENTED_EDGE('',*,*,#1894,.T.);
#1896=CARTESIAN_POINT('',(18.887029973,-18.294801325,2.11049217));
#1897=VERTEX_POINT('',#1896);
#1898=CARTESIAN_POINT('',(18.887029973,-18.294801325,2.11049217));
#1899=DIRECTION('',(-0.,-0.702936862,0.711252254));
#1900=VECTOR('',#1899,0.536932915);
#1901=LINE('',#1898,#1900);
#1902=EDGE_CURVE('',#1897,#1889,#1901,.T.);
#1903=ORIENTED_EDGE('',*,*,#1902,.F.);
#1904=CARTESIAN_POINT('',(18.887029973,-17.112823135,0.927791914));
#1905=VERTEX_POINT('',#1904);
#1906=CARTESIAN_POINT('',(18.887029973,-18.294801325,2.11049217));
#1907=DIRECTION('',(0.,0.70689083,-0.707322666));
#1908=VECTOR('',#1907,1.672080242);
#1909=LINE('',#1906,#1908);
#1910=EDGE_CURVE('',#1897,#1905,#1909,.T.);
#1911=ORIENTED_EDGE('',*,*,#1910,.T.);
#1912=CARTESIAN_POINT('',(18.887029973,-12.16412602,0.926280808));
#1913=VERTEX_POINT('',#1912);
#1914=CARTESIAN_POINT('',(18.887029973,-12.16412602,0.926280808));
#1915=DIRECTION('',(-0.,-0.999999953,0.000305354));
#1916=VECTOR('',#1915,4.948697345);
#1917=LINE('',#1914,#1916);
#1918=EDGE_CURVE('',#1913,#1905,#1917,.T.);
#1919=ORIENTED_EDGE('',*,*,#1918,.F.);
#1920=CARTESIAN_POINT('',(18.887029973,-12.16412602,0.926280808));
#1921=DIRECTION('',(0.,0.000305354,0.999999953));
#1922=VECTOR('',#1921,12.471101193);
#1923=LINE('',#1920,#1922);
#1924=EDGE_CURVE('',#1913,#1282,#1923,.T.);
#1925=ORIENTED_EDGE('',*,*,#1924,.T.);
#1926=EDGE_LOOP('',(#1831,#1839,#1847,#1855,#1863,#1871,#1879,#1887,#1895,#1903,#1911,#1919,#1925));
#1927=FACE_BOUND('',#1926,.T.);
#1928=ADVANCED_FACE('',(#1927),#1830,.F.);
#1929=CARTESIAN_POINT('',(17.786533653,-18.672219861,2.529730829));
#1930=DIRECTION('',(0.,-0.999999953,0.000305354));
#1931=DIRECTION('',(0.,0.000305354,0.999999953));
#1932=AXIS2_PLACEMENT_3D('',#1929,#1930,#1931);
#1933=PLANE('',#1932);
#1934=CARTESIAN_POINT('',(17.980888457,-18.672231264,2.492386916));
#1935=DIRECTION('',(1.,0.,0.));
#1936=VECTOR('',#1935,0.906141515);
#1937=LINE('',#1934,#1936);
#1938=EDGE_CURVE('',#1802,#1889,#1937,.T.);
#1939=ORIENTED_EDGE('',*,*,#1938,.T.);
#1940=ORIENTED_EDGE('',*,*,#1894,.F.);
#1941=CARTESIAN_POINT('',(17.980888457,-18.672219861,2.529730829));
#1942=DIRECTION('',(1.,0.,-0.));
#1943=VECTOR('',#1942,0.906141515);
#1944=LINE('',#1941,#1943);
#1945=EDGE_CURVE('',#1800,#1881,#1944,.T.);
#1946=ORIENTED_EDGE('',*,*,#1945,.F.);
#1947=ORIENTED_EDGE('',*,*,#1807,.T.);
#1948=EDGE_LOOP('',(#1939,#1940,#1946,#1947));
#1949=FACE_BOUND('',#1948,.T.);
#1950=ADVANCED_FACE('',(#1949),#1933,.T.);
#1951=CARTESIAN_POINT('',(-10.429163773,-24.943118884,3.00156524));
#1952=DIRECTION('',(0.,0.000305354,0.999999953));
#1953=DIRECTION('',(1.,0.,0.));
#1954=AXIS2_PLACEMENT_3D('',#1951,#1952,#1953);
#1955=PLANE('',#1954);
#1956=CARTESIAN_POINT('',(-35.787330199,-30.555876674,3.00327912));
#1957=VERTEX_POINT('',#1956);
#1958=CARTESIAN_POINT('',(-40.380763225,-30.555876674,3.00327912));
#1959=VERTEX_POINT('',#1958);
#1960=CARTESIAN_POINT('',(-35.787330199,-30.555876674,3.00327912));
#1961=DIRECTION('',(-1.,-0.,0.));
#1962=VECTOR('',#1961,4.593433027);
#1963=LINE('',#1960,#1962);
#1964=EDGE_CURVE('',#1957,#1959,#1963,.T.);
#1965=ORIENTED_EDGE('',*,*,#1964,.T.);
#1966=CARTESIAN_POINT('',(-40.380763225,-30.555876674,3.00327912));
#1967=DIRECTION('',(0.,0.999999953,-0.000305354));
#1968=VECTOR('',#1967,11.106996799);
#1969=LINE('',#1966,#1968);
#1970=EDGE_CURVE('',#1959,#1372,#1969,.T.);
#1971=ORIENTED_EDGE('',*,*,#1970,.T.);
#1972=ORIENTED_EDGE('',*,*,#1392,.F.);
#1973=CARTESIAN_POINT('',(-35.787330198,-30.555876674,3.00327912));
#1974=DIRECTION('',(0.,0.999999953,-0.000305354));
#1975=VECTOR('',#1974,11.10699678);
#1976=LINE('',#1973,#1975);
#1977=EDGE_CURVE('',#1957,#1381,#1976,.T.);
#1978=ORIENTED_EDGE('',*,*,#1977,.F.);
#1979=EDGE_LOOP('',(#1965,#1971,#1972,#1978));
#1980=FACE_BOUND('',#1979,.T.);
#1981=ADVANCED_FACE('',(#1980),#1955,.F.);
#1982=CARTESIAN_POINT('',(-48.577495709,-12.162270263,7.003669549));
#1983=DIRECTION('',(-0.,-0.999999953,0.000305354));
#1984=DIRECTION('',(-1.,0.,-0.));
#1985=AXIS2_PLACEMENT_3D('',#1982,#1983,#1984);
#1986=PLANE('',#1985);
#1987=ORIENTED_EDGE('',*,*,#1184,.T.);
#1988=CARTESIAN_POINT('',(-33.824974567,-12.163564713,2.76449517));
#1989=DIRECTION('',(0.,0.000305354,0.999999953));
#1990=VECTOR('',#1989,10.632886745);
#1991=LINE('',#1988,#1990);
#1992=EDGE_CURVE('',#1403,#1171,#1991,.T.);
#1993=ORIENTED_EDGE('',*,*,#1992,.F.);
#1994=ORIENTED_EDGE('',*,*,#1408,.F.);
#1995=ORIENTED_EDGE('',*,*,#437,.F.);
#1996=CARTESIAN_POINT('',(-40.380763225,-12.16412602,0.926280808));
#1997=DIRECTION('',(0.,0.000305354,0.999999953));
#1998=VECTOR('',#1997,12.471101193);
#1999=LINE('',#1996,#1998);
#2000=EDGE_CURVE('',#424,#1179,#1999,.T.);
#2001=ORIENTED_EDGE('',*,*,#2000,.T.);
#2002=EDGE_LOOP('',(#1987,#1993,#1994,#1995,#2001));
#2003=FACE_BOUND('',#2002,.T.);
#2004=ADVANCED_FACE('',(#2003),#1986,.F.);
#2005=CARTESIAN_POINT('',(-48.577495709,-12.44844566,6.524327155));
#2006=DIRECTION('',(0.,-0.000305354,-0.999999953));
#2007=DIRECTION('',(-1.,0.,0.));
#2008=AXIS2_PLACEMENT_3D('',#2005,#2006,#2007);
#2009=PLANE('',#2008);
#2010=CARTESIAN_POINT('',(14.091243936,-22.919430132,6.527524516));
#2011=VERTEX_POINT('',#2010);
#2012=CARTESIAN_POINT('',(4.68359732,-22.919429968,6.527524516));
#2013=VERTEX_POINT('',#2012);
#2014=CARTESIAN_POINT('',(14.091243936,-22.919429968,6.527524516));
#2015=DIRECTION('',(-1.,0.,0.));
#2016=VECTOR('',#2015,9.407646616);
#2017=LINE('',#2014,#2016);
#2018=EDGE_CURVE('',#2011,#2013,#2017,.T.);
#2019=ORIENTED_EDGE('',*,*,#2018,.T.);
#2020=CARTESIAN_POINT('',(5.253025665,-22.497739258,6.527395751));
#2021=VERTEX_POINT('',#2020);
#2022=CARTESIAN_POINT('',(4.68359732,-22.919429968,6.527524516));
#2023=CARTESIAN_POINT('',(4.876883334,-22.783009752,6.527482859));
#2024=CARTESIAN_POINT('',(5.066232201,-22.641897265,6.52743977));
#2025=CARTESIAN_POINT('',(5.253025665,-22.497739258,6.527395751));
#2026=B_SPLINE_CURVE_WITH_KNOTS('',3,(#2022,#2023,#2024,#2025),.UNSPECIFIED.,.F.,.F.,(4,4),(0.,0.000707266),.UNSPECIFIED.);
#2027=EDGE_CURVE('',#2013,#2021,#2026,.T.);
#2028=ORIENTED_EDGE('',*,*,#2027,.T.);
#2029=CARTESIAN_POINT('',(8.386960825,-22.497739258,6.527395751));
#2030=VERTEX_POINT('',#2029);
#2031=CARTESIAN_POINT('',(8.386960825,-22.497739258,6.527395751));
#2032=DIRECTION('',(-1.,0.,0.));
#2033=VECTOR('',#2032,3.13393516);
#2034=LINE('',#2031,#2033);
#2035=EDGE_CURVE('',#2030,#2021,#2034,.T.);
#2036=ORIENTED_EDGE('',*,*,#2035,.F.);
#2037=CARTESIAN_POINT('',(14.034758929,-16.849941418,6.525671171));
#2038=VERTEX_POINT('',#2037);
#2039=CARTESIAN_POINT('',(14.034758929,-16.849941418,6.525671171));
#2040=DIRECTION('',(-0.707106781,-0.707106748,0.000215918));
#2041=VECTOR('',#2040,7.987192676);
#2042=LINE('',#2039,#2041);
#2043=EDGE_CURVE('',#2038,#2030,#2042,.T.);
#2044=ORIENTED_EDGE('',*,*,#2043,.F.);
#2045=CARTESIAN_POINT('',(14.034758929,-12.162416659,6.524239814));
#2046=VERTEX_POINT('',#2045);
#2047=CARTESIAN_POINT('',(14.034758929,-12.162416659,6.524239814));
#2048=DIRECTION('',(0.,-0.999999953,0.000305354));
#2049=VECTOR('',#2048,4.687524977);
#2050=LINE('',#2047,#2049);
#2051=EDGE_CURVE('',#2046,#2038,#2050,.T.);
#2052=ORIENTED_EDGE('',*,*,#2051,.F.);
#2053=CARTESIAN_POINT('',(14.092655549,-12.162416659,6.524239814));
#2054=VERTEX_POINT('',#2053);
#2055=CARTESIAN_POINT('',(14.092655549,-12.162416659,6.524239814));
#2056=DIRECTION('',(-1.,0.,-0.));
#2057=VECTOR('',#2056,0.05789662);
#2058=LINE('',#2055,#2057);
#2059=EDGE_CURVE('',#2054,#2046,#2058,.T.);
#2060=ORIENTED_EDGE('',*,*,#2059,.F.);
#2061=CARTESIAN_POINT('',(14.092655549,-15.916875389,6.525386255));
#2062=VERTEX_POINT('',#2061);
#2063=CARTESIAN_POINT('',(14.092655549,-15.916875389,6.525386255));
#2064=DIRECTION('',(0.,0.999999953,-0.000305354));
#2065=VECTOR('',#2064,3.754458905);
#2066=LINE('',#2063,#2065);
#2067=EDGE_CURVE('',#2062,#2054,#2066,.T.);
#2068=ORIENTED_EDGE('',*,*,#2067,.F.);
#2069=CARTESIAN_POINT('',(14.092655549,-15.916875389,6.525386255));
#2070=DIRECTION('',(-0.000201585,-0.999999933,0.000305354));
#2071=VECTOR('',#2070,7.002555212);
#2072=LINE('',#2069,#2071);
#2073=EDGE_CURVE('',#2062,#2011,#2072,.T.);
#2074=ORIENTED_EDGE('',*,*,#2073,.T.);
#2075=EDGE_LOOP('',(#2019,#2028,#2036,#2044,#2052,#2060,#2068,#2074));
#2076=FACE_BOUND('',#2075,.T.);
#2077=ADVANCED_FACE('',(#2076),#2009,.T.);
#2078=CARTESIAN_POINT('',(-20.195540041,-59.620211277,9.159336403));
#2079=DIRECTION('',(0.,0.999999953,-0.000305354));
#2080=DIRECTION('',(0.,-0.000305354,-0.999999953));
#2081=AXIS2_PLACEMENT_3D('',#2078,#2079,#2080);
#2082=CYLINDRICAL_SURFACE('',#2081,2.069283202);
#2083=CARTESIAN_POINT('',(-20.195540041,-24.549221425,7.079344023));
#2084=VERTEX_POINT('',#2083);
#2085=CARTESIAN_POINT('',(-20.195540041,-36.544735037,7.083006906));
#2086=VERTEX_POINT('',#2085);
#2087=CARTESIAN_POINT('',(-20.195540041,-24.549221425,7.079344023));
#2088=DIRECTION('',(-0.,-0.999999953,0.000305354));
#2089=VECTOR('',#2088,11.995514171);
#2090=LINE('',#2087,#2089);
#2091=EDGE_CURVE('',#2084,#2086,#2090,.T.);
#2092=ORIENTED_EDGE('',*,*,#2091,.F.);
#2093=CARTESIAN_POINT('',(-20.195540041,-24.547957696,11.217910234));
#2094=VERTEX_POINT('',#2093);
#2095=CARTESIAN_POINT('',(-20.195540041,-24.54858956,9.148627128));
#2096=DIRECTION('',(0.,0.999999953,-0.000305354));
#2097=DIRECTION('',(0.,0.000305354,0.999999953));
#2098=AXIS2_PLACEMENT_3D('',#2095,#2096,#2097);
#2099=CIRCLE('',#2098,2.069283202);
#2100=EDGE_CURVE('',#2084,#2094,#2099,.T.);
#2101=ORIENTED_EDGE('',*,*,#2100,.T.);
#2102=CARTESIAN_POINT('',(-20.195540041,-24.54858956,9.148627128));
#2103=DIRECTION('',(0.,0.999999953,-0.000305354));
#2104=DIRECTION('',(0.,0.000305354,0.999999953));
#2105=AXIS2_PLACEMENT_3D('',#2102,#2103,#2104);
#2106=CIRCLE('',#2105,2.069283202);
#2107=EDGE_CURVE('',#2094,#2084,#2106,.T.);
#2108=ORIENTED_EDGE('',*,*,#2107,.T.);
#2109=ORIENTED_EDGE('',*,*,#2091,.T.);
#2110=CARTESIAN_POINT('',(-20.195540041,-36.543471307,11.221573117));
#2111=VERTEX_POINT('',#2110);
#2112=CARTESIAN_POINT('',(-20.195540041,-36.544103172,9.152290011));
#2113=DIRECTION('',(-0.,-0.999999953,0.000305354));
#2114=DIRECTION('',(0.,0.000305354,0.999999953));
#2115=AXIS2_PLACEMENT_3D('',#2112,#2113,#2114);
#2116=CIRCLE('',#2115,2.069283202);
#2117=EDGE_CURVE('',#2086,#2111,#2116,.T.);
#2118=ORIENTED_EDGE('',*,*,#2117,.T.);
#2119=CARTESIAN_POINT('',(-20.195540041,-36.544103172,9.152290011));
#2120=DIRECTION('',(-0.,-0.999999953,0.000305354));
#2121=DIRECTION('',(0.,0.000305354,0.999999953));
#2122=AXIS2_PLACEMENT_3D('',#2119,#2120,#2121);
#2123=CIRCLE('',#2122,2.069283202);
#2124=EDGE_CURVE('',#2111,#2086,#2123,.T.);
#2125=ORIENTED_EDGE('',*,*,#2124,.T.);
#2126=EDGE_LOOP('',(#2092,#2101,#2108,#2109,#2118,#2125));
#2127=FACE_BOUND('',#2126,.T.);
#2128=ADVANCED_FACE('',(#2127),#2082,.F.);
#2129=CARTESIAN_POINT('',(17.786533653,-24.941939028,4.876345266));
#2130=DIRECTION('',(0.,-0.000305354,-0.999999953));
#2131=DIRECTION('',(-1.,0.,0.));
#2132=AXIS2_PLACEMENT_3D('',#2129,#2130,#2131);
#2133=PLANE('',#2132);
#2134=ORIENTED_EDGE('',*,*,#95,.F.);
#2135=CARTESIAN_POINT('',(21.813353714,-22.398278497,4.875568548));
#2136=CARTESIAN_POINT('',(22.113819092,-22.537037454,4.875610919));
#2137=CARTESIAN_POINT('',(22.420461801,-22.653080838,4.875646353));
#2138=CARTESIAN_POINT('',(22.736430466,-22.73483037,4.875671316));
#2139=CARTESIAN_POINT('',(22.894414799,-22.775705136,4.875683797));
#2140=CARTESIAN_POINT('',(23.054746727,-22.807947214,4.875693642));
#2141=CARTESIAN_POINT('',(23.217869172,-22.82992787,4.875700354));
#2142=CARTESIAN_POINT('',(23.380991617,-22.851908526,4.875707066));
#2143=CARTESIAN_POINT('',(23.548407561,-22.863483477,4.875710601));
#2144=CARTESIAN_POINT('',(23.713400996,-22.863534427,4.875710616));
#2145=CARTESIAN_POINT('',(24.043387865,-22.863636326,4.875710647));
#2146=CARTESIAN_POINT('',(24.366476588,-22.818483299,4.87569686));
#2147=CARTESIAN_POINT('',(24.684024411,-22.736979486,4.875671972));
#2148=CARTESIAN_POINT('',(25.001572233,-22.655475673,4.875647085));
#2149=CARTESIAN_POINT('',(25.314187675,-22.53740128,4.87561103));
#2150=CARTESIAN_POINT('',(25.615440874,-22.398278497,4.875568548));
#2151=B_SPLINE_CURVE_WITH_KNOTS('',3,(#2135,#2136,#2137,#2138,#2139,#2140,#2141,#2142,#2143,#2144,#2145,#2146,#2147,#2148,#2149,#2150),.UNSPECIFIED.,.F.,.F.,(4,3,3,3,3,4),(0.,0.000979044,0.001468566,0.001958087,0.002937131,0.003916175),.UNSPECIFIED.);
#2152=EDGE_CURVE('',#88,#148,#2151,.T.);
#2153=ORIENTED_EDGE('',*,*,#2152,.T.);
#2154=ORIENTED_EDGE('',*,*,#153,.F.);
#2155=CARTESIAN_POINT('',(27.754389913,-36.545407769,4.879888437));
#2156=VERTEX_POINT('',#2155);
#2157=CARTESIAN_POINT('',(27.754389913,-36.545407769,4.879888437));
#2158=DIRECTION('',(0.,0.999999953,-0.000305354));
#2159=VECTOR('',#2158,14.147129931);
#2160=LINE('',#2157,#2159);
#2161=EDGE_CURVE('',#2156,#146,#2160,.T.);
#2162=ORIENTED_EDGE('',*,*,#2161,.F.);
#2163=CARTESIAN_POINT('',(18.887029973,-36.545407769,4.879888437));
#2164=DIRECTION('',(1.,-0.,0.));
#2165=VECTOR('',#2164,8.867359941);
#2166=LINE('',#2163,#2165);
#2167=EDGE_CURVE('',#1841,#2156,#2166,.T.);
#2168=ORIENTED_EDGE('',*,*,#2167,.F.);
#2169=ORIENTED_EDGE('',*,*,#1846,.T.);
#2170=CARTESIAN_POINT('',(18.887029973,-21.82031406,4.875392064));
#2171=DIRECTION('',(0.707106781,-0.707106748,0.000215918));
#2172=VECTOR('',#2171,0.817365183);
#2173=LINE('',#2170,#2172);
#2174=EDGE_CURVE('',#1833,#90,#2173,.T.);
#2175=ORIENTED_EDGE('',*,*,#2174,.T.);
#2176=EDGE_LOOP('',(#2134,#2153,#2154,#2162,#2168,#2169,#2175));
#2177=FACE_BOUND('',#2176,.T.);
#2178=ADVANCED_FACE('',(#2177),#2133,.T.);
#2179=CARTESIAN_POINT('',(27.754389913,-24.90080889,12.92697914));
#2180=DIRECTION('',(1.,0.,0.));
#2181=DIRECTION('',(0.,-0.000305354,-0.999999953));
#2182=AXIS2_PLACEMENT_3D('',#2179,#2180,#2181);
#2183=PLANE('',#2182);
#2184=ORIENTED_EDGE('',*,*,#168,.F.);
#2185=CARTESIAN_POINT('',(27.754389913,-22.397404758,7.736961481));
#2186=CARTESIAN_POINT('',(27.754389913,-22.447508886,7.998529648));
#2187=CARTESIAN_POINT('',(27.754389913,-22.473606153,8.261153936));
#2188=CARTESIAN_POINT('',(27.754389913,-22.473645915,8.52492456));
#2189=CARTESIAN_POINT('',(27.754389913,-22.473685678,8.788695183));
#2190=CARTESIAN_POINT('',(27.754389913,-22.447212409,9.054939196));
#2191=CARTESIAN_POINT('',(27.754389913,-22.396922404,9.316612747));
#2192=B_SPLINE_CURVE_WITH_KNOTS('',3,(#2185,#2186,#2187,#2188,#2189,#2190,#2191),.UNSPECIFIED.,.F.,.F.,(4,3,4),(0.,0.000790552,0.001581105),.UNSPECIFIED.);
#2193=EDGE_CURVE('',#156,#114,#2192,.T.);
#2194=ORIENTED_EDGE('',*,*,#2193,.T.);
#2195=ORIENTED_EDGE('',*,*,#119,.F.);
#2196=ORIENTED_EDGE('',*,*,#1270,.F.);
#2197=CARTESIAN_POINT('',(27.754389913,-36.545407769,4.879888437));
#2198=DIRECTION('',(0.,0.000305354,0.999999953));
#2199=VECTOR('',#2198,8.599702673);
#2200=LINE('',#2197,#2199);
#2201=EDGE_CURVE('',#2156,#1259,#2200,.T.);
#2202=ORIENTED_EDGE('',*,*,#2201,.F.);
#2203=ORIENTED_EDGE('',*,*,#2161,.T.);
#2204=EDGE_LOOP('',(#2184,#2194,#2195,#2196,#2202,#2203));
#2205=FACE_BOUND('',#2204,.T.);
#2206=ADVANCED_FACE('',(#2205),#2183,.T.);
#2207=CARTESIAN_POINT('',(23.714397294,-59.620771009,8.538153507));
#2208=DIRECTION('',(0.,0.999999953,-0.000305354));
#2209=DIRECTION('',(0.,-0.000305354,-0.999999953));
#2210=AXIS2_PLACEMENT_3D('',#2207,#2208,#2209);
#2211=CYLINDRICAL_SURFACE('',#2210,2.06482421);
#2212=CARTESIAN_POINT('',(23.714397294,-24.4494446,6.462589481));
#2213=VERTEX_POINT('',#2212);
#2214=CARTESIAN_POINT('',(23.714397294,-36.544923356,6.466282889));
#2215=VERTEX_POINT('',#2214);
#2216=CARTESIAN_POINT('',(23.714397294,-24.4494446,6.462589481));
#2217=DIRECTION('',(-0.,-0.999999953,0.000305354));
#2218=VECTOR('',#2217,12.09547932);
#2219=LINE('',#2216,#2218);
#2220=EDGE_CURVE('',#2213,#2215,#2219,.T.);
#2221=ORIENTED_EDGE('',*,*,#2220,.F.);
#2222=CARTESIAN_POINT('',(23.714397294,-24.448183594,10.592237708));
#2223=VERTEX_POINT('',#2222);
#2224=CARTESIAN_POINT('',(23.714397294,-24.448814097,8.527413595));
#2225=DIRECTION('',(0.,0.999999953,-0.000305354));
#2226=DIRECTION('',(0.,0.000305354,0.999999953));
#2227=AXIS2_PLACEMENT_3D('',#2224,#2225,#2226);
#2228=CIRCLE('',#2227,2.06482421);
#2229=EDGE_CURVE('',#2213,#2223,#2228,.T.);
#2230=ORIENTED_EDGE('',*,*,#2229,.T.);
#2231=CARTESIAN_POINT('',(23.714397294,-24.448814097,8.527413595));
#2232=DIRECTION('',(0.,0.999999953,-0.000305354));
#2233=DIRECTION('',(0.,0.000305354,0.999999953));
#2234=AXIS2_PLACEMENT_3D('',#2231,#2232,#2233);
#2235=CIRCLE('',#2234,2.06482421);
#2236=EDGE_CURVE('',#2223,#2213,#2235,.T.);
#2237=ORIENTED_EDGE('',*,*,#2236,.T.);
#2238=ORIENTED_EDGE('',*,*,#2220,.T.);
#2239=CARTESIAN_POINT('',(23.714397294,-36.54366235,10.595931116));
#2240=VERTEX_POINT('',#2239);
#2241=CARTESIAN_POINT('',(23.714397294,-36.544292853,8.531107003));
#2242=DIRECTION('',(-0.,-0.999999953,0.000305354));
#2243=DIRECTION('',(0.,0.000305354,0.999999953));
#2244=AXIS2_PLACEMENT_3D('',#2241,#2242,#2243);
#2245=CIRCLE('',#2244,2.06482421);
#2246=EDGE_CURVE('',#2215,#2240,#2245,.T.);
#2247=ORIENTED_EDGE('',*,*,#2246,.T.);
#2248=CARTESIAN_POINT('',(23.714397294,-36.544292853,8.531107003));
#2249=DIRECTION('',(-0.,-0.999999953,0.000305354));
#2250=DIRECTION('',(0.,0.000305354,0.999999953));
#2251=AXIS2_PLACEMENT_3D('',#2248,#2249,#2250);
#2252=CIRCLE('',#2251,2.06482421);
#2253=EDGE_CURVE('',#2240,#2215,#2252,.T.);
#2254=ORIENTED_EDGE('',*,*,#2253,.T.);
#2255=EDGE_LOOP('',(#2221,#2230,#2237,#2238,#2247,#2254));
#2256=FACE_BOUND('',#2255,.T.);
#2257=ADVANCED_FACE('',(#2256),#2211,.F.);
#2258=CARTESIAN_POINT('',(17.786533653,-24.941939028,4.876345266));
#2259=DIRECTION('',(0.,-0.000305354,-0.999999953));
#2260=DIRECTION('',(-1.,0.,0.));
#2261=AXIS2_PLACEMENT_3D('',#2258,#2259,#2260);
#2262=PLANE('',#2261);
#2263=ORIENTED_EDGE('',*,*,#1745,.T.);
#2264=CARTESIAN_POINT('',(14.089016801,-33.968267674,4.879101496));
#2265=VERTEX_POINT('',#2264);
#2266=CARTESIAN_POINT('',(14.08901685,-33.968267674,4.879101496));
#2267=DIRECTION('',(-0.,-0.999999953,0.000305354));
#2268=VECTOR('',#2267,1.718164734);
#2269=LINE('',#2266,#2268);
#2270=EDGE_CURVE('',#2265,#1732,#2269,.T.);
#2271=ORIENTED_EDGE('',*,*,#2270,.F.);
#2272=CARTESIAN_POINT('',(14.08901685,-33.967779837,4.879101347));
#2273=VERTEX_POINT('',#2272);
#2274=CARTESIAN_POINT('',(14.089016801,-33.968267674,4.879101496));
#2275=CARTESIAN_POINT('',(14.089016801,-33.96810506,4.879101446));
#2276=CARTESIAN_POINT('',(14.089016817,-33.967942448,4.879101396));
#2277=CARTESIAN_POINT('',(14.08901685,-33.967779837,4.879101347));
#2278=(BOUNDED_CURVE()
B_SPLINE_CURVE(3,(#2274,#2275,#2276,#2277),.UNSPECIFIED.,.F.,.F.)
B_SPLINE_CURVE_WITH_KNOTS((4,4),(0.657559219,0.657592749),.UNSPECIFIED.)
CURVE()
GEOMETRIC_REPRESENTATION_ITEM()
RATIONAL_B_SPLINE_CURVE((0.652530795,0.652544096,0.6525574,0.652570706))
REPRESENTATION_ITEM(''));
#2279=EDGE_CURVE('',#2265,#2273,#2278,.T.);
#2280=ORIENTED_EDGE('',*,*,#2279,.T.);
#2281=CARTESIAN_POINT('',(14.089365516,-32.238164652,4.878573201));
#2282=DIRECTION('',(-0.000201585,-0.999999933,0.000305354));
#2283=VECTOR('',#2282,1.7296153);
#2284=LINE('',#2281,#2283);
#2285=EDGE_CURVE('',#1740,#2273,#2284,.T.);
#2286=ORIENTED_EDGE('',*,*,#2285,.F.);
#2287=EDGE_LOOP('',(#2263,#2271,#2280,#2286));
#2288=FACE_BOUND('',#2287,.T.);
#2289=ADVANCED_FACE('',(#2288),#2262,.T.);
#2290=CARTESIAN_POINT('',(17.786533653,-24.941939028,4.876345266));
#2291=DIRECTION('',(0.,-0.000305354,-0.999999953));
#2292=DIRECTION('',(-1.,0.,0.));
#2293=AXIS2_PLACEMENT_3D('',#2290,#2291,#2292);
#2294=PLANE('',#2293);
#2295=ORIENTED_EDGE('',*,*,#1558,.F.);
#2296=CARTESIAN_POINT('',(16.788685172,-31.041233699,4.878207713));
#2297=DIRECTION('',(0.,0.999999953,-0.000305354));
#2298=VECTOR('',#2297,12.221280999);
#2299=LINE('',#2296,#2298);
#2300=EDGE_CURVE('',#1666,#1543,#2299,.T.);
#2301=ORIENTED_EDGE('',*,*,#2300,.F.);
#2302=ORIENTED_EDGE('',*,*,#1675,.F.);
#2303=ORIENTED_EDGE('',*,*,#1788,.T.);
#2304=CARTESIAN_POINT('',(14.092304052,-17.661041972,4.874122012));
#2305=VERTEX_POINT('',#2304);
#2306=CARTESIAN_POINT('',(14.092304052,-17.661041972,4.874122012));
#2307=DIRECTION('',(-0.000201585,-0.999999933,0.000305354));
#2308=VECTOR('',#2307,13.510081919);
#2309=LINE('',#2306,#2308);
#2310=EDGE_CURVE('',#2305,#1748,#2309,.T.);
#2311=ORIENTED_EDGE('',*,*,#2310,.F.);
#2312=CARTESIAN_POINT('',(14.092197928,-18.703365875,4.87444029));
#2313=VERTEX_POINT('',#2312);
#2314=CARTESIAN_POINT('',(14.092197928,-18.703365875,4.87444029));
#2315=DIRECTION('',(0.000101815,0.999999948,-0.000305354));
#2316=VECTOR('',#2315,1.042323957);
#2317=LINE('',#2314,#2316);
#2318=EDGE_CURVE('',#2313,#2305,#2317,.T.);
#2319=ORIENTED_EDGE('',*,*,#2318,.F.);
#2320=CARTESIAN_POINT('',(16.183977343,-18.703787566,4.874440419));
#2321=DIRECTION('',(-0.99999998,0.000201594,-0.000000062));
#2322=VECTOR('',#2321,2.091779458);
#2323=LINE('',#2320,#2322);
#2324=EDGE_CURVE('',#1552,#2313,#2323,.T.);
#2325=ORIENTED_EDGE('',*,*,#2324,.F.);
#2326=EDGE_LOOP('',(#2295,#2301,#2302,#2303,#2311,#2319,#2325));
#2327=FACE_BOUND('',#2326,.T.);
#2328=ADVANCED_FACE('',(#2327),#2294,.T.);
#2329=CARTESIAN_POINT('',(-48.577495709,-12.162270263,7.003669549));
#2330=DIRECTION('',(-0.,-0.999999953,0.000305354));
#2331=DIRECTION('',(-1.,0.,-0.));
#2332=AXIS2_PLACEMENT_3D('',#2329,#2330,#2331);
#2333=PLANE('',#2332);
#2334=CARTESIAN_POINT('',(14.092863845,-12.16412602,0.926280808));
#2335=VERTEX_POINT('',#2334);
#2336=CARTESIAN_POINT('',(14.092863845,-12.162921042,4.872443137));
#2337=VERTEX_POINT('',#2336);
#2338=CARTESIAN_POINT('',(14.092863845,-12.16412602,0.926280808));
#2339=DIRECTION('',(0.,0.000305354,0.999999953));
#2340=VECTOR('',#2339,3.946162513);
#2341=LINE('',#2338,#2340);
#2342=EDGE_CURVE('',#2335,#2337,#2341,.T.);
#2343=ORIENTED_EDGE('',*,*,#2342,.T.);
#2344=CARTESIAN_POINT('',(14.092655549,-12.162416659,6.524239814));
#2345=DIRECTION('',(0.,-0.000305354,-0.999999953));
#2346=VECTOR('',#2345,1.651796755);
#2347=LINE('',#2344,#2346);
#2348=EDGE_CURVE('',#2054,#2337,#2347,.T.);
#2349=ORIENTED_EDGE('',*,*,#2348,.F.);
#2350=ORIENTED_EDGE('',*,*,#2059,.T.);
#2351=CARTESIAN_POINT('',(14.034758929,-12.160317915,13.397381419));
#2352=DIRECTION('',(0.,-0.000305354,-0.999999953));
#2353=VECTOR('',#2352,6.873141925);
#2354=LINE('',#2351,#2353);
#2355=EDGE_CURVE('',#1290,#2046,#2354,.T.);
#2356=ORIENTED_EDGE('',*,*,#2355,.F.);
#2357=ORIENTED_EDGE('',*,*,#1295,.T.);
#2358=ORIENTED_EDGE('',*,*,#1924,.F.);
#2359=CARTESIAN_POINT('',(14.092863845,-12.16412602,0.926280808));
#2360=DIRECTION('',(1.,-0.,0.));
#2361=VECTOR('',#2360,4.794166128);
#2362=LINE('',#2359,#2361);
#2363=EDGE_CURVE('',#2335,#1913,#2362,.T.);
#2364=ORIENTED_EDGE('',*,*,#2363,.F.);
#2365=EDGE_LOOP('',(#2343,#2349,#2350,#2356,#2357,#2358,#2364));
#2366=FACE_BOUND('',#2365,.T.);
#2367=ADVANCED_FACE('',(#2366),#2333,.F.);
#2368=CARTESIAN_POINT('',(41.905376824,-36.544756989,7.011114849));
#2369=DIRECTION('',(0.,0.999999953,-0.000305354));
#2370=DIRECTION('',(1.,-0.,0.));
#2371=AXIS2_PLACEMENT_3D('',#2368,#2369,#2370);
#2372=PLANE('',#2371);
#2373=CARTESIAN_POINT('',(2.07269159,-36.543471307,11.221573117));
#2374=VERTEX_POINT('',#2373);
#2375=CARTESIAN_POINT('',(2.07269159,-36.544103172,9.152290011));
#2376=DIRECTION('',(0.,0.999999953,-0.000305354));
#2377=DIRECTION('',(0.,0.000305354,0.999999953));
#2378=AXIS2_PLACEMENT_3D('',#2375,#2376,#2377);
#2379=CIRCLE('',#2378,2.069283202);
#2380=EDGE_CURVE('',#2374,#2374,#2379,.T.);
#2381=ORIENTED_EDGE('',*,*,#2380,.T.);
#2382=EDGE_LOOP('',(#2381));
#2383=FACE_BOUND('',#2382,.T.);
#2384=CARTESIAN_POINT('',(14.08901685,-36.546612747,0.933726108));
#2385=VERTEX_POINT('',#2384);
#2386=CARTESIAN_POINT('',(18.887029973,-36.546612747,0.933726108));
#2387=DIRECTION('',(-1.,0.,-0.));
#2388=VECTOR('',#2387,4.798013122);
#2389=LINE('',#2386,#2388);
#2390=EDGE_CURVE('',#1849,#2385,#2389,.T.);
#2391=ORIENTED_EDGE('',*,*,#2390,.F.);
#2392=ORIENTED_EDGE('',*,*,#1854,.T.);
#2393=ORIENTED_EDGE('',*,*,#2167,.T.);
#2394=ORIENTED_EDGE('',*,*,#2201,.T.);
#2395=ORIENTED_EDGE('',*,*,#1264,.F.);
#2396=CARTESIAN_POINT('',(19.253317616,-36.543432019,11.350238705));
#2397=VERTEX_POINT('',#2396);
#2398=CARTESIAN_POINT('',(19.253317616,-36.543432019,11.350238705));
#2399=DIRECTION('',(0.,0.000305354,0.999999953));
#2400=VECTOR('',#2399,2.129352103);
#2401=LINE('',#2398,#2400);
#2402=EDGE_CURVE('',#2397,#1251,#2401,.T.);
#2403=ORIENTED_EDGE('',*,*,#2402,.F.);
#2404=CARTESIAN_POINT('',(15.090111327,-36.543432019,11.350238705));
#2405=VERTEX_POINT('',#2404);
#2406=CARTESIAN_POINT('',(15.090111327,-36.543432019,11.350238705));
#2407=DIRECTION('',(1.,-0.,0.));
#2408=VECTOR('',#2407,4.163206289);
#2409=LINE('',#2406,#2408);
#2410=EDGE_CURVE('',#2405,#2397,#2409,.T.);
#2411=ORIENTED_EDGE('',*,*,#2410,.F.);
#2412=CARTESIAN_POINT('',(15.090111327,-36.543432019,11.350238705));
#2413=DIRECTION('',(0.,0.000305354,0.999999953));
#2414=VECTOR('',#2413,2.129352103);
#2415=LINE('',#2412,#2414);
#2416=EDGE_CURVE('',#2405,#1227,#2415,.T.);
#2417=ORIENTED_EDGE('',*,*,#2416,.T.);
#2418=ORIENTED_EDGE('',*,*,#1232,.F.);
#2419=CARTESIAN_POINT('',(-34.669864601,-36.543421247,11.385515329));
#2420=VERTEX_POINT('',#2419);
#2421=CARTESIAN_POINT('',(-34.669864601,-36.543421247,11.385515329));
#2422=DIRECTION('',(0.,0.000305354,0.999999953));
#2423=VECTOR('',#2422,2.094075477);
#2424=LINE('',#2421,#2423);
#2425=EDGE_CURVE('',#2420,#1219,#2424,.T.);
#2426=ORIENTED_EDGE('',*,*,#2425,.F.);
#2427=CARTESIAN_POINT('',(-38.712749582,-36.543421247,11.385515329));
#2428=VERTEX_POINT('',#2427);
#2429=CARTESIAN_POINT('',(-38.712749582,-36.543421247,11.385515329));
#2430=DIRECTION('',(1.,-0.,0.));
#2431=VECTOR('',#2430,4.042884981);
#2432=LINE('',#2429,#2431);
#2433=EDGE_CURVE('',#2428,#2420,#2432,.T.);
#2434=ORIENTED_EDGE('',*,*,#2433,.F.);
#2435=CARTESIAN_POINT('',(-38.712749582,-36.543421247,11.385515329));
#2436=DIRECTION('',(0.,0.000305354,0.999999953));
#2437=VECTOR('',#2436,2.094075477);
#2438=LINE('',#2435,#2437);
#2439=EDGE_CURVE('',#2428,#1195,#2438,.T.);
#2440=ORIENTED_EDGE('',*,*,#2439,.T.);
#2441=ORIENTED_EDGE('',*,*,#1200,.F.);
#2442=CARTESIAN_POINT('',(-40.380763225,-36.546612747,0.933726108));
#2443=DIRECTION('',(0.,0.000305354,0.999999953));
#2444=VECTOR('',#2443,12.545865186);
#2445=LINE('',#2442,#2444);
#2446=EDGE_CURVE('',#1115,#1187,#2445,.T.);
#2447=ORIENTED_EDGE('',*,*,#2446,.F.);
#2448=ORIENTED_EDGE('',*,*,#1120,.F.);
#2449=ORIENTED_EDGE('',*,*,#1087,.F.);
#2450=CARTESIAN_POINT('',(-33.864789122,-36.546049228,2.779184431));
#2451=DIRECTION('',(0.,0.000305354,0.999999953));
#2452=VECTOR('',#2451,3.752500858);
#2453=LINE('',#2450,#2452);
#2454=EDGE_CURVE('',#1074,#1470,#2453,.T.);
#2455=ORIENTED_EDGE('',*,*,#2454,.T.);
#2456=ORIENTED_EDGE('',*,*,#1475,.T.);
#2457=CARTESIAN_POINT('',(14.08901685,-36.546612747,0.933726108));
#2458=DIRECTION('',(-0.,0.000305354,0.999999953));
#2459=VECTOR('',#2458,5.597959268);
#2460=LINE('',#2457,#2459);
#2461=EDGE_CURVE('',#2385,#1462,#2460,.T.);
#2462=ORIENTED_EDGE('',*,*,#2461,.F.);
#2463=EDGE_LOOP('',(#2391,#2392,#2393,#2394,#2395,#2403,#2411,#2417,#2418,#2426,#2434,#2440,#2441,#2447,#2448,#2449,#2455,#2456,#2462));
#2464=FACE_BOUND('',#2463,.T.);
#2465=ORIENTED_EDGE('',*,*,#2117,.F.);
#2466=ORIENTED_EDGE('',*,*,#2124,.F.);
#2467=EDGE_LOOP('',(#2465,#2466));
#2468=FACE_BOUND('',#2467,.T.);
#2469=ORIENTED_EDGE('',*,*,#2246,.F.);
#2470=ORIENTED_EDGE('',*,*,#2253,.F.);
#2471=EDGE_LOOP('',(#2469,#2470));
#2472=FACE_BOUND('',#2471,.T.);
#2473=ADVANCED_FACE('',(#2383,#2464,#2468,#2472),#2372,.F.);
#2474=CARTESIAN_POINT('',(-34.948756021,-22.914682676,22.074348722));
#2475=DIRECTION('',(0.,-0.999999953,0.000305354));
#2476=DIRECTION('',(0.,0.000305354,0.999999953));
#2477=AXIS2_PLACEMENT_3D('',#2474,#2475,#2476);
#2478=PLANE('',#2477);
#2479=CARTESIAN_POINT('',(3.451724641,-22.919677911,5.715540573));
#2480=VERTEX_POINT('',#2479);
#2481=CARTESIAN_POINT('',(14.091243936,-22.919678075,5.715540573));
#2482=VERTEX_POINT('',#2481);
#2483=CARTESIAN_POINT('',(3.451724641,-22.919677911,5.715540573));
#2484=DIRECTION('',(1.,0.,-0.));
#2485=VECTOR('',#2484,10.639519294);
#2486=LINE('',#2483,#2485);
#2487=EDGE_CURVE('',#2480,#2482,#2486,.T.);
#2488=ORIENTED_EDGE('',*,*,#2487,.F.);
#2489=CARTESIAN_POINT('',(2.07269159,-22.918629754,9.148129413));
#2490=DIRECTION('',(0.,-0.999999953,0.000305354));
#2491=DIRECTION('',(0.,-0.000305354,-0.999999953));
#2492=AXIS2_PLACEMENT_3D('',#2489,#2490,#2491);
#2493=CIRCLE('',#2492,3.699243084);
#2494=EDGE_CURVE('',#2480,#2013,#2493,.T.);
#2495=ORIENTED_EDGE('',*,*,#2494,.T.);
#2496=ORIENTED_EDGE('',*,*,#2018,.F.);
#2497=CARTESIAN_POINT('',(14.091243936,-22.919430132,6.527524516));
#2498=DIRECTION('',(-0.,-0.000305354,-0.999999953));
#2499=VECTOR('',#2498,0.81198398);
#2500=LINE('',#2497,#2499);
#2501=EDGE_CURVE('',#2011,#2482,#2500,.T.);
#2502=ORIENTED_EDGE('',*,*,#2501,.T.);
#2503=EDGE_LOOP('',(#2488,#2495,#2496,#2502));
#2504=FACE_BOUND('',#2503,.T.);
#2505=ADVANCED_FACE('',(#2504),#2478,.F.);
#2506=CARTESIAN_POINT('',(14.090428476,-30.319471417,22.076609807));
#2507=DIRECTION('',(0.,0.999999953,-0.000305354));
#2508=DIRECTION('',(0.,-0.000305354,-0.999999953));
#2509=AXIS2_PLACEMENT_3D('',#2506,#2507,#2508);
#2510=PLANE('',#2509);
#2511=ORIENTED_EDGE('',*,*,#1520,.T.);
#2512=CARTESIAN_POINT('',(14.089751238,-30.324466651,5.717801658));
#2513=VERTEX_POINT('',#2512);
#2514=CARTESIAN_POINT('',(14.089751238,-30.324466651,5.717801658));
#2515=DIRECTION('',(-1.,0.,0.));
#2516=VECTOR('',#2515,47.963850011);
#2517=LINE('',#2514,#2516);
#2518=EDGE_CURVE('',#2513,#1509,#2517,.T.);
#2519=ORIENTED_EDGE('',*,*,#2518,.F.);
#2520=CARTESIAN_POINT('',(14.089751238,-30.324218709,6.529785601));
#2521=DIRECTION('',(0.,-0.000305354,-0.999999953));
#2522=VECTOR('',#2521,0.81198398);
#2523=LINE('',#2520,#2522);
#2524=EDGE_CURVE('',#1437,#2513,#2523,.T.);
#2525=ORIENTED_EDGE('',*,*,#2524,.F.);
#2526=ORIENTED_EDGE('',*,*,#1442,.F.);
#2527=EDGE_LOOP('',(#2511,#2519,#2525,#2526));
#2528=FACE_BOUND('',#2527,.T.);
#2529=ADVANCED_FACE('',(#2528),#2510,.F.);
#2530=CARTESIAN_POINT('',(14.092655549,-15.917952245,2.998809366));
#2531=DIRECTION('',(0.99999998,-0.000201585,0.000000062));
#2532=DIRECTION('',(-0.000201585,-0.999999933,0.000305354));
#2533=AXIS2_PLACEMENT_3D('',#2530,#2531,#2532);
#2534=PLANE('',#2533);
#2535=ORIENTED_EDGE('',*,*,#2310,.T.);
#2536=ORIENTED_EDGE('',*,*,#1753,.F.);
#2537=ORIENTED_EDGE('',*,*,#2285,.T.);
#2538=CARTESIAN_POINT('',(14.08901685,-33.967779837,4.879101347));
#2539=DIRECTION('',(0.,0.000305354,0.999999953));
#2540=VECTOR('',#2539,1.651796755);
#2541=LINE('',#2538,#2540);
#2542=EDGE_CURVE('',#2273,#1445,#2541,.T.);
#2543=ORIENTED_EDGE('',*,*,#2542,.T.);
#2544=ORIENTED_EDGE('',*,*,#1450,.F.);
#2545=ORIENTED_EDGE('',*,*,#2524,.T.);
#2546=CARTESIAN_POINT('',(14.089751238,-30.324466651,5.717801658));
#2547=DIRECTION('',(0.000201585,0.999999933,-0.000305354));
#2548=VECTOR('',#2547,7.404789072);
#2549=LINE('',#2546,#2548);
#2550=EDGE_CURVE('',#2513,#2482,#2549,.T.);
#2551=ORIENTED_EDGE('',*,*,#2550,.T.);
#2552=ORIENTED_EDGE('',*,*,#2501,.F.);
#2553=ORIENTED_EDGE('',*,*,#2073,.F.);
#2554=CARTESIAN_POINT('',(14.092568566,-15.917379755,4.873589577));
#2555=VERTEX_POINT('',#2554);
#2556=CARTESIAN_POINT('',(14.092655549,-15.917379773,4.873589577));
#2557=DIRECTION('',(0.,0.000305354,0.999999953));
#2558=VECTOR('',#2557,1.651796755);
#2559=LINE('',#2556,#2558);
#2560=EDGE_CURVE('',#2555,#2062,#2559,.T.);
#2561=ORIENTED_EDGE('',*,*,#2560,.F.);
#2562=CARTESIAN_POINT('',(14.092655549,-15.917379772,4.873589577));
#2563=DIRECTION('',(-0.000201585,-0.999999933,0.000305354));
#2564=VECTOR('',#2563,1.743662316);
#2565=LINE('',#2562,#2564);
#2566=EDGE_CURVE('',#2555,#2305,#2565,.T.);
#2567=ORIENTED_EDGE('',*,*,#2566,.T.);
#2568=EDGE_LOOP('',(#2535,#2536,#2537,#2543,#2544,#2545,#2551,#2552,#2553,#2561,#2567));
#2569=FACE_BOUND('',#2568,.T.);
#2570=ADVANCED_FACE('',(#2569),#2534,.F.);
#2571=CARTESIAN_POINT('',(-10.429163773,-24.942289971,5.716158187));
#2572=DIRECTION('',(0.,0.000305354,0.999999953));
#2573=DIRECTION('',(1.,0.,0.));
#2574=AXIS2_PLACEMENT_3D('',#2571,#2572,#2573);
#2575=PLANE('',#2574);
#2576=ORIENTED_EDGE('',*,*,#203,.T.);
#2577=CARTESIAN_POINT('',(-21.574573092,-22.919677911,5.715540573));
#2578=CARTESIAN_POINT('',(-21.130118234,-23.085365295,5.715591167));
#2579=CARTESIAN_POINT('',(-20.672063001,-23.186256235,5.715621974));
#2580=CARTESIAN_POINT('',(-20.19608485,-23.18633194,5.715621997));
#2581=CARTESIAN_POINT('',(-19.958095774,-23.186369792,5.715622009));
#2582=CARTESIAN_POINT('',(-19.724596986,-23.16149395,5.715614413));
#2583=CARTESIAN_POINT('',(-19.494894435,-23.115555246,5.715600385));
#2584=CARTESIAN_POINT('',(-19.265191884,-23.069616542,5.715586358));
#2585=CARTESIAN_POINT('',(-19.038196574,-23.002318294,5.715565808));
#2586=CARTESIAN_POINT('',(-18.816506989,-22.919677911,5.715540573));
#2587=B_SPLINE_CURVE_WITH_KNOTS('',3,(#2577,#2578,#2579,#2580,#2581,#2582,#2583,#2584,#2585,#2586),.UNSPECIFIED.,.F.,.F.,(4,3,3,4),(0.,0.001404055,0.002106082,0.00280811),.UNSPECIFIED.);
#2588=EDGE_CURVE('',#189,#220,#2587,.T.);
#2589=ORIENTED_EDGE('',*,*,#2588,.T.);
#2590=ORIENTED_EDGE('',*,*,#227,.T.);
#2591=CARTESIAN_POINT('',(0.693658538,-22.919677911,5.715540573));
#2592=CARTESIAN_POINT('',(1.138113396,-23.085365295,5.715591167));
#2593=CARTESIAN_POINT('',(1.59616863,-23.186256235,5.715621974));
#2594=CARTESIAN_POINT('',(2.072146781,-23.18633194,5.715621997));
#2595=CARTESIAN_POINT('',(2.310135856,-23.186369792,5.715622009));
#2596=CARTESIAN_POINT('',(2.543634645,-23.16149395,5.715614413));
#2597=CARTESIAN_POINT('',(2.773337196,-23.115555246,5.715600385));
#2598=CARTESIAN_POINT('',(3.003039747,-23.069616542,5.715586358));
#2599=CARTESIAN_POINT('',(3.230035056,-23.002318294,5.715565808));
#2600=CARTESIAN_POINT('',(3.451724642,-22.919677911,5.715540573));
#2601=B_SPLINE_CURVE_WITH_KNOTS('',3,(#2591,#2592,#2593,#2594,#2595,#2596,#2597,#2598,#2599,#2600),.UNSPECIFIED.,.F.,.F.,(4,3,3,4),(0.,0.001404055,0.002106082,0.00280811),.UNSPECIFIED.);
#2602=EDGE_CURVE('',#222,#2480,#2601,.T.);
#2603=ORIENTED_EDGE('',*,*,#2602,.T.);
#2604=ORIENTED_EDGE('',*,*,#2487,.T.);
#2605=ORIENTED_EDGE('',*,*,#2550,.F.);
#2606=ORIENTED_EDGE('',*,*,#2518,.T.);
#2607=ORIENTED_EDGE('',*,*,#1514,.T.);
#2608=EDGE_LOOP('',(#2576,#2589,#2590,#2603,#2604,#2605,#2606,#2607));
#2609=FACE_BOUND('',#2608,.T.);
#2610=ADVANCED_FACE('',(#2609),#2575,.F.);
#2611=CARTESIAN_POINT('',(16.509016801,-33.968840146,3.004321284));
#2612=DIRECTION('',(-0.,0.000305354,0.999999953));
#2613=DIRECTION('',(1.,0.,0.));
#2614=AXIS2_PLACEMENT_3D('',#2611,#2612,#2613);
#2615=CYLINDRICAL_SURFACE('',#2614,2.42);
#2616=ORIENTED_EDGE('',*,*,#1459,.T.);
#2617=ORIENTED_EDGE('',*,*,#2542,.F.);
#2618=ORIENTED_EDGE('',*,*,#2279,.F.);
#2619=CARTESIAN_POINT('',(14.08901685,-33.96776329,6.530898173));
#2620=DIRECTION('',(0.,-0.000305354,-0.999999953));
#2621=VECTOR('',#2620,1.651796755);
#2622=LINE('',#2619,#2621);
#2623=EDGE_CURVE('',#1453,#2265,#2622,.T.);
#2624=ORIENTED_EDGE('',*,*,#2623,.F.);
#2625=EDGE_LOOP('',(#2616,#2617,#2618,#2624));
#2626=FACE_BOUND('',#2625,.T.);
#2627=ADVANCED_FACE('',(#2626),#2615,.T.);
#2628=CARTESIAN_POINT('',(14.08901685,-33.963487968,18.93447137));
#2629=DIRECTION('',(-1.,0.,-0.));
#2630=DIRECTION('',(0.,0.999999953,-0.000305354));
#2631=AXIS2_PLACEMENT_3D('',#2628,#2629,#2630);
#2632=PLANE('',#2631);
#2633=ORIENTED_EDGE('',*,*,#1467,.T.);
#2634=ORIENTED_EDGE('',*,*,#2623,.T.);
#2635=ORIENTED_EDGE('',*,*,#2270,.T.);
#2636=ORIENTED_EDGE('',*,*,#1737,.T.);
#2637=CARTESIAN_POINT('',(14.08901685,-35.687637306,0.933463816));
#2638=DIRECTION('',(-0.,-0.999999953,0.000305354));
#2639=VECTOR('',#2638,0.858975481);
#2640=LINE('',#2637,#2639);
#2641=EDGE_CURVE('',#1722,#2385,#2640,.T.);
#2642=ORIENTED_EDGE('',*,*,#2641,.T.);
#2643=ORIENTED_EDGE('',*,*,#2461,.T.);
#2644=EDGE_LOOP('',(#2633,#2634,#2635,#2636,#2642,#2643));
#2645=FACE_BOUND('',#2644,.T.);
#2646=ADVANCED_FACE('',(#2645),#2632,.T.);
#2647=CARTESIAN_POINT('',(14.092655549,-15.912667721,20.305007518));
#2648=DIRECTION('',(-1.,0.,0.));
#2649=DIRECTION('',(0.,0.000305354,0.999999953));
#2650=AXIS2_PLACEMENT_3D('',#2647,#2648,#2649);
#2651=PLANE('',#2650);
#2652=ORIENTED_EDGE('',*,*,#2067,.T.);
#2653=ORIENTED_EDGE('',*,*,#2348,.T.);
#2654=CARTESIAN_POINT('',(14.092655549,-12.162921042,4.872443137));
#2655=DIRECTION('',(-0.,-0.999999953,0.000305354));
#2656=VECTOR('',#2655,3.754458888);
#2657=LINE('',#2654,#2656);
#2658=EDGE_CURVE('',#2337,#2555,#2657,.T.);
#2659=ORIENTED_EDGE('',*,*,#2658,.T.);
#2660=ORIENTED_EDGE('',*,*,#2560,.T.);
#2661=EDGE_LOOP('',(#2652,#2653,#2659,#2660));
#2662=FACE_BOUND('',#2661,.T.);
#2663=ADVANCED_FACE('',(#2662),#2651,.T.);
#2664=CARTESIAN_POINT('',(-40.380763225,-24.90080889,12.92697914));
#2665=DIRECTION('',(1.,0.,0.));
#2666=DIRECTION('',(0.,-0.000305354,-0.999999953));
#2667=AXIS2_PLACEMENT_3D('',#2664,#2665,#2666);
#2668=PLANE('',#2667);
#2669=ORIENTED_EDGE('',*,*,#2000,.F.);
#2670=ORIENTED_EDGE('',*,*,#429,.F.);
#2671=ORIENTED_EDGE('',*,*,#1377,.T.);
#2672=ORIENTED_EDGE('',*,*,#1970,.F.);
#2673=CARTESIAN_POINT('',(-40.380763225,-30.55650918,0.931897003));
#2674=DIRECTION('',(0.,0.000305354,0.999999953));
#2675=VECTOR('',#2674,2.071382214);
#2676=LINE('',#2673,#2675);
#2677=EDGE_CURVE('',#1123,#1959,#2676,.T.);
#2678=ORIENTED_EDGE('',*,*,#2677,.F.);
#2679=ORIENTED_EDGE('',*,*,#1128,.F.);
#2680=ORIENTED_EDGE('',*,*,#2446,.T.);
#2681=ORIENTED_EDGE('',*,*,#1192,.F.);
#2682=EDGE_LOOP('',(#2669,#2670,#2671,#2672,#2678,#2679,#2680,#2681));
#2683=FACE_BOUND('',#2682,.T.);
#2684=ADVANCED_FACE('',(#2683),#2668,.F.);
#2685=CARTESIAN_POINT('',(16.356700785,-18.705107859,0.664666667));
#2686=DIRECTION('',(-0.000201594,-0.999999933,0.000305354));
#2687=DIRECTION('',(-0.99999998,0.000201594,-0.000000062));
#2688=AXIS2_PLACEMENT_3D('',#2685,#2686,#2687);
#2689=PLANE('',#2688);
#2690=ORIENTED_EDGE('',*,*,#1566,.T.);
#2691=ORIENTED_EDGE('',*,*,#2324,.T.);
#2692=CARTESIAN_POINT('',(14.092197928,-18.704083404,2.524615851));
#2693=VERTEX_POINT('',#2692);
#2694=CARTESIAN_POINT('',(14.092197928,-18.704083404,2.524615851));
#2695=DIRECTION('',(0.,0.000305354,0.999999953));
#2696=VECTOR('',#2695,2.349824549);
#2697=LINE('',#2694,#2696);
#2698=EDGE_CURVE('',#2693,#2313,#2697,.T.);
#2699=ORIENTED_EDGE('',*,*,#2698,.F.);
#2700=CARTESIAN_POINT('',(16.183977343,-18.704504965,2.525042399));
#2701=DIRECTION('',(-0.999999959,0.000201532,-0.000203916));
#2702=VECTOR('',#2701,2.091779501);
#2703=LINE('',#2700,#2702);
#2704=EDGE_CURVE('',#1561,#2693,#2703,.T.);
#2705=ORIENTED_EDGE('',*,*,#2704,.F.);
#2706=EDGE_LOOP('',(#2690,#2691,#2699,#2705));
#2707=FACE_BOUND('',#2706,.T.);
#2708=ADVANCED_FACE('',(#2707),#2689,.T.);
#2709=CARTESIAN_POINT('',(14.092304052,-17.662327445,0.66434825));
#2710=DIRECTION('',(-0.999999995,0.000101815,-0.000000031));
#2711=DIRECTION('',(0.000101815,0.999999948,-0.000305354));
#2712=AXIS2_PLACEMENT_3D('',#2709,#2710,#2711);
#2713=PLANE('',#2712);
#2714=CARTESIAN_POINT('',(14.092359992,-17.112823135,0.927791914));
#2715=VERTEX_POINT('',#2714);
#2716=CARTESIAN_POINT('',(14.092863845,-12.16412602,0.926280808));
#2717=DIRECTION('',(-0.000101815,-0.999999948,0.000305354));
#2718=VECTOR('',#2717,4.948697371);
#2719=LINE('',#2716,#2718);
#2720=EDGE_CURVE('',#2335,#2715,#2719,.T.);
#2721=ORIENTED_EDGE('',*,*,#2720,.T.);
#2722=CARTESIAN_POINT('',(14.092236168,-18.328611611,2.144702415));
#2723=VERTEX_POINT('',#2722);
#2724=CARTESIAN_POINT('',(14.092236149,-18.328801264,2.144512878));
#2725=DIRECTION('',(0.000071994,0.706890828,-0.707322665));
#2726=VECTOR('',#2725,1.72017811);
#2727=LINE('',#2724,#2726);
#2728=EDGE_CURVE('',#2723,#2715,#2727,.T.);
#2729=ORIENTED_EDGE('',*,*,#2728,.F.);
#2730=CARTESIAN_POINT('',(14.092236168,-18.328611611,2.144702415));
#2731=DIRECTION('',(-0.000071592,-0.70293686,0.711252252));
#2732=VECTOR('',#2731,0.534147253);
#2733=LINE('',#2730,#2732);
#2734=EDGE_CURVE('',#2723,#2693,#2733,.T.);
#2735=ORIENTED_EDGE('',*,*,#2734,.T.);
#2736=ORIENTED_EDGE('',*,*,#2698,.T.);
#2737=ORIENTED_EDGE('',*,*,#2318,.T.);
#2738=ORIENTED_EDGE('',*,*,#2566,.F.);
#2739=ORIENTED_EDGE('',*,*,#2658,.F.);
#2740=ORIENTED_EDGE('',*,*,#2342,.F.);
#2741=EDGE_LOOP('',(#2721,#2729,#2735,#2736,#2737,#2738,#2739,#2740));
#2742=FACE_BOUND('',#2741,.T.);
#2743=ADVANCED_FACE('',(#2742),#2713,.T.);
#2744=CARTESIAN_POINT('',(17.786533653,-14.21003077,0.647703627));
#2745=DIRECTION('',(1.,0.,0.));
#2746=DIRECTION('',(0.,-0.000305354,-0.999999953));
#2747=AXIS2_PLACEMENT_3D('',#2744,#2745,#2746);
#2748=PLANE('',#2747);
#2749=ORIENTED_EDGE('',*,*,#1605,.T.);
#2750=CARTESIAN_POINT('',(17.786533653,-31.144933392,2.532226792));
#2751=VERTEX_POINT('',#2750);
#2752=CARTESIAN_POINT('',(17.786533653,-31.144932991,2.533539427));
#2753=DIRECTION('',(0.,0.999999953,-0.000305354));
#2754=VECTOR('',#2753,12.413287535);
#2755=LINE('',#2752,#2754);
#2756=EDGE_CURVE('',#2751,#1593,#2755,.T.);
#2757=ORIENTED_EDGE('',*,*,#2756,.F.);
#2758=CARTESIAN_POINT('',(17.786533653,-31.144183543,2.531476486));
#2759=DIRECTION('',(-0.,0.707322666,0.70689083));
#2760=VECTOR('',#2759,0.03866516);
#2761=LINE('',#2758,#2760);
#2762=EDGE_CURVE('',#2751,#1690,#2761,.T.);
#2763=ORIENTED_EDGE('',*,*,#2762,.T.);
#2764=ORIENTED_EDGE('',*,*,#1695,.T.);
#2765=CARTESIAN_POINT('',(17.786533653,-18.731234768,3.876600273));
#2766=DIRECTION('',(0.,-0.999999953,0.000305354));
#2767=VECTOR('',#2766,12.385197061);
#2768=LINE('',#2765,#2767);
#2769=EDGE_CURVE('',#1533,#1678,#2768,.T.);
#2770=ORIENTED_EDGE('',*,*,#2769,.F.);
#2771=ORIENTED_EDGE('',*,*,#1540,.T.);
#2772=EDGE_LOOP('',(#2749,#2757,#2763,#2764,#2770,#2771));
#2773=FACE_BOUND('',#2772,.T.);
#2774=ADVANCED_FACE('',(#2773),#2748,.F.);
#2775=CARTESIAN_POINT('',(18.688146594,-31.14512051,2.533539485));
#2776=DIRECTION('',(0.,0.999999953,-0.000305354));
#2777=DIRECTION('',(0.,-0.000305354,-0.999999953));
#2778=AXIS2_PLACEMENT_3D('',#2775,#2776,#2777);
#2779=PLANE('',#2778);
#2780=CARTESIAN_POINT('',(18.887029973,-31.14512051,2.533539485));
#2781=DIRECTION('',(-1.,0.,0.));
#2782=VECTOR('',#2781,1.10049632);
#2783=LINE('',#2780,#2782);
#2784=EDGE_CURVE('',#1873,#2751,#2783,.T.);
#2785=ORIENTED_EDGE('',*,*,#2784,.F.);
#2786=ORIENTED_EDGE('',*,*,#1878,.T.);
#2787=CARTESIAN_POINT('',(17.786533653,-31.145121426,2.530539176));
#2788=DIRECTION('',(1.,0.,-0.));
#2789=VECTOR('',#2788,1.10049632);
#2790=LINE('',#2787,#2789);
#2791=EDGE_CURVE('',#2751,#1865,#2790,.T.);
#2792=ORIENTED_EDGE('',*,*,#2791,.F.);
#2793=EDGE_LOOP('',(#2785,#2786,#2792));
#2794=FACE_BOUND('',#2793,.T.);
#2795=ADVANCED_FACE('',(#2794),#2779,.T.);
#2796=CARTESIAN_POINT('',(18.237340123,-24.921029078,2.531638931));
#2797=DIRECTION('',(0.,0.000305354,0.999999953));
#2798=DIRECTION('',(1.,0.,0.));
#2799=AXIS2_PLACEMENT_3D('',#2796,#2797,#2798);
#2800=PLANE('',#2799);
#2801=ORIENTED_EDGE('',*,*,#1886,.T.);
#2802=ORIENTED_EDGE('',*,*,#2784,.T.);
#2803=ORIENTED_EDGE('',*,*,#2756,.T.);
#2804=ORIENTED_EDGE('',*,*,#1599,.F.);
#2805=ORIENTED_EDGE('',*,*,#1814,.F.);
#2806=ORIENTED_EDGE('',*,*,#1945,.T.);
#2807=EDGE_LOOP('',(#2801,#2802,#2803,#2804,#2805,#2806));
#2808=FACE_BOUND('',#2807,.T.);
#2809=ADVANCED_FACE('',(#2808),#2800,.F.);
#2810=CARTESIAN_POINT('',(17.786533653,-14.209045234,3.875219402));
#2811=DIRECTION('',(0.707106781,0.000215918,0.707106748));
#2812=DIRECTION('',(-0.,-0.999999953,0.000305354));
#2813=AXIS2_PLACEMENT_3D('',#2810,#2811,#2812);
#2814=PLANE('',#2813);
#2815=ORIENTED_EDGE('',*,*,#2769,.T.);
#2816=ORIENTED_EDGE('',*,*,#1687,.T.);
#2817=ORIENTED_EDGE('',*,*,#2300,.T.);
#2818=ORIENTED_EDGE('',*,*,#1549,.T.);
#2819=EDGE_LOOP('',(#2815,#2816,#2817,#2818));
#2820=FACE_BOUND('',#2819,.T.);
#2821=ADVANCED_FACE('',(#2820),#2814,.F.);
#2822=CARTESIAN_POINT('',(14.034758929,-18.464349207,13.772756886));
#2823=DIRECTION('',(-1.,0.,0.));
#2824=DIRECTION('',(0.,0.000305354,0.999999953));
#2825=AXIS2_PLACEMENT_3D('',#2822,#2823,#2824);
#2826=PLANE('',#2825);
#2827=ORIENTED_EDGE('',*,*,#1301,.F.);
#2828=ORIENTED_EDGE('',*,*,#2355,.T.);
#2829=ORIENTED_EDGE('',*,*,#2051,.T.);
#2830=CARTESIAN_POINT('',(14.034758929,-16.847838284,13.413186127));
#2831=DIRECTION('',(-0.,-0.000305354,-0.999999953));
#2832=VECTOR('',#2831,6.887515278);
#2833=LINE('',#2830,#2832);
#2834=EDGE_CURVE('',#1147,#2038,#2833,.T.);
#2835=ORIENTED_EDGE('',*,*,#2834,.F.);
#2836=EDGE_LOOP('',(#2827,#2828,#2829,#2835));
#2837=FACE_BOUND('',#2836,.T.);
#2838=ADVANCED_FACE('',(#2837),#2826,.T.);
#2839=CARTESIAN_POINT('',(33.84565562,-22.497128726,8.526817639));
#2840=DIRECTION('',(0.,0.999999953,-0.000305354));
#2841=DIRECTION('',(0.,-0.000305354,-0.999999953));
#2842=AXIS2_PLACEMENT_3D('',#2839,#2840,#2841);
#2843=PLANE('',#2842);
#2844=ORIENTED_EDGE('',*,*,#333,.T.);
#2845=CARTESIAN_POINT('',(-20.195540041,-22.495680699,13.268934269));
#2846=VERTEX_POINT('',#2845);
#2847=CARTESIAN_POINT('',(-20.195540041,-22.496939045,9.148000648));
#2848=DIRECTION('',(-0.,-0.999999953,0.000305354));
#2849=DIRECTION('',(0.,0.000305354,0.999999953));
#2850=AXIS2_PLACEMENT_3D('',#2847,#2848,#2849);
#2851=CIRCLE('',#2850,4.120933814);
#2852=EDGE_CURVE('',#319,#2846,#2851,.T.);
#2853=ORIENTED_EDGE('',*,*,#2852,.T.);
#2854=CARTESIAN_POINT('',(-20.195540041,-22.496939045,9.148000648));
#2855=DIRECTION('',(-0.,-0.999999953,0.000305354));
#2856=DIRECTION('',(0.,0.000305354,0.999999953));
#2857=AXIS2_PLACEMENT_3D('',#2854,#2855,#2856);
#2858=CIRCLE('',#2857,4.120933814);
#2859=EDGE_CURVE('',#2846,#262,#2858,.T.);
#2860=ORIENTED_EDGE('',*,*,#2859,.T.);
#2861=ORIENTED_EDGE('',*,*,#269,.T.);
#2862=CARTESIAN_POINT('',(-27.813345906,-22.497739258,6.527395751));
#2863=DIRECTION('',(-0.,0.000305354,0.999999953));
#2864=VECTOR('',#2863,6.904833114);
#2865=LINE('',#2862,#2864);
#2866=EDGE_CURVE('',#264,#1155,#2865,.T.);
#2867=ORIENTED_EDGE('',*,*,#2866,.T.);
#2868=ORIENTED_EDGE('',*,*,#1160,.T.);
#2869=CARTESIAN_POINT('',(8.386960825,-22.497739258,6.527395751));
#2870=DIRECTION('',(-0.,0.000305354,0.999999953));
#2871=VECTOR('',#2870,6.904833114);
#2872=LINE('',#2869,#2871);
#2873=EDGE_CURVE('',#2030,#1145,#2872,.T.);
#2874=ORIENTED_EDGE('',*,*,#2873,.F.);
#2875=ORIENTED_EDGE('',*,*,#2035,.T.);
#2876=CARTESIAN_POINT('',(2.07269159,-22.495680699,13.268934269));
#2877=VERTEX_POINT('',#2876);
#2878=CARTESIAN_POINT('',(2.07269159,-22.496939045,9.148000648));
#2879=DIRECTION('',(-0.,-0.999999953,0.000305354));
#2880=DIRECTION('',(0.,0.000305354,0.999999953));
#2881=AXIS2_PLACEMENT_3D('',#2878,#2879,#2880);
#2882=CIRCLE('',#2881,4.120933814);
#2883=EDGE_CURVE('',#2021,#2877,#2882,.T.);
#2884=ORIENTED_EDGE('',*,*,#2883,.T.);
#2885=CARTESIAN_POINT('',(2.07269159,-22.496939045,9.148000648));
#2886=DIRECTION('',(-0.,-0.999999953,0.000305354));
#2887=DIRECTION('',(0.,0.000305354,0.999999953));
#2888=AXIS2_PLACEMENT_3D('',#2885,#2886,#2887);
#2889=CIRCLE('',#2888,4.120933814);
#2890=EDGE_CURVE('',#2877,#328,#2889,.T.);
#2891=ORIENTED_EDGE('',*,*,#2890,.T.);
#2892=EDGE_LOOP('',(#2844,#2853,#2860,#2861,#2867,#2868,#2874,#2875,#2884,#2891));
#2893=FACE_BOUND('',#2892,.T.);
#2894=ADVANCED_FACE('',(#2893),#2843,.T.);
#2895=CARTESIAN_POINT('',(13.627625976,-17.254861572,13.772387564));
#2896=DIRECTION('',(-0.707106781,0.707106748,-0.000215918));
#2897=DIRECTION('',(-0.,0.000305354,0.999999953));
#2898=AXIS2_PLACEMENT_3D('',#2895,#2896,#2897);
#2899=PLANE('',#2898);
#2900=ORIENTED_EDGE('',*,*,#2043,.T.);
#2901=ORIENTED_EDGE('',*,*,#2873,.T.);
#2902=ORIENTED_EDGE('',*,*,#1152,.T.);
#2903=ORIENTED_EDGE('',*,*,#2834,.T.);
#2904=EDGE_LOOP('',(#2900,#2901,#2902,#2903));
#2905=FACE_BOUND('',#2904,.T.);
#2906=ADVANCED_FACE('',(#2905),#2899,.T.);
#2907=CARTESIAN_POINT('',(-34.978156342,-19.449557534,0.782402339));
#2908=DIRECTION('',(-0.000000004,-0.999999953,0.000305354));
#2909=DIRECTION('',(-1.,0.000000004,-0.));
#2910=AXIS2_PLACEMENT_3D('',#2907,#2908,#2909);
#2911=PLANE('',#2910);
#2912=CARTESIAN_POINT('',(-33.824974567,-19.448854795,3.083806772));
#2913=VERTEX_POINT('',#2912);
#2914=CARTESIAN_POINT('',(-33.871906237,-19.448854915,3.083412072));
#2915=DIRECTION('',(0.999964637,0.000002564,0.008409791));
#2916=VECTOR('',#2915,0.04693333);
#2917=LINE('',#2914,#2916);
#2918=EDGE_CURVE('',#1493,#2913,#2917,.T.);
#2919=ORIENTED_EDGE('',*,*,#2918,.T.);
#2920=CARTESIAN_POINT('',(-33.824974567,-19.448854795,3.083806772));
#2921=DIRECTION('',(0.,0.000305354,0.999999953));
#2922=VECTOR('',#2921,3.442657828);
#2923=LINE('',#2920,#2922);
#2924=EDGE_CURVE('',#2913,#288,#2923,.T.);
#2925=ORIENTED_EDGE('',*,*,#2924,.T.);
#2926=ORIENTED_EDGE('',*,*,#293,.F.);
#2927=ORIENTED_EDGE('',*,*,#1504,.F.);
#2928=EDGE_LOOP('',(#2919,#2925,#2926,#2927));
#2929=FACE_BOUND('',#2928,.T.);
#2930=ADVANCED_FACE('',(#2929),#2911,.T.);
#2931=CARTESIAN_POINT('',(-33.824974567,-14.209990127,0.780802414));
#2932=DIRECTION('',(1.,0.,0.));
#2933=DIRECTION('',(0.,-0.000305354,-0.999999953));
#2934=AXIS2_PLACEMENT_3D('',#2931,#2932,#2933);
#2935=PLANE('',#2934);
#2936=ORIENTED_EDGE('',*,*,#1176,.T.);
#2937=CARTESIAN_POINT('',(-33.824974567,-16.484008085,13.411959417));
#2938=DIRECTION('',(0.,-0.000305354,-0.999999953));
#2939=VECTOR('',#2938,6.886399664);
#2940=LINE('',#2937,#2939);
#2941=EDGE_CURVE('',#1163,#296,#2940,.T.);
#2942=ORIENTED_EDGE('',*,*,#2941,.T.);
#2943=ORIENTED_EDGE('',*,*,#301,.F.);
#2944=ORIENTED_EDGE('',*,*,#2924,.F.);
#2945=CARTESIAN_POINT('',(-33.824974567,-19.447750112,3.083806435));
#2946=DIRECTION('',(0.,-0.999999953,0.000305354));
#2947=VECTOR('',#2946,0.001104682);
#2948=LINE('',#2945,#2947);
#2949=EDGE_CURVE('',#369,#2913,#2948,.T.);
#2950=ORIENTED_EDGE('',*,*,#2949,.F.);
#2951=ORIENTED_EDGE('',*,*,#374,.T.);
#2952=ORIENTED_EDGE('',*,*,#1414,.F.);
#2953=ORIENTED_EDGE('',*,*,#1992,.T.);
#2954=EDGE_LOOP('',(#2936,#2942,#2943,#2944,#2950,#2951,#2952,#2953));
#2955=FACE_BOUND('',#2954,.T.);
#2956=ADVANCED_FACE('',(#2955),#2935,.T.);
#2957=CARTESIAN_POINT('',(-34.978916722,-30.556450693,1.123432151));
#2958=DIRECTION('',(0.,-0.999999953,0.000305354));
#2959=DIRECTION('',(-1.,-0.,0.));
#2960=AXIS2_PLACEMENT_3D('',#2957,#2958,#2959);
#2961=PLANE('',#2960);
#2962=ORIENTED_EDGE('',*,*,#1964,.F.);
#2963=CARTESIAN_POINT('',(-35.787330199,-30.555876674,3.00327912));
#2964=DIRECTION('',(-0.000000009,-0.000305354,-0.999999953));
#2965=VECTOR('',#2964,2.071382214);
#2966=LINE('',#2963,#2965);
#2967=EDGE_CURVE('',#1957,#1104,#2966,.T.);
#2968=ORIENTED_EDGE('',*,*,#2967,.T.);
#2969=ORIENTED_EDGE('',*,*,#1134,.F.);
#2970=ORIENTED_EDGE('',*,*,#2677,.T.);
#2971=EDGE_LOOP('',(#2962,#2968,#2969,#2970));
#2972=FACE_BOUND('',#2971,.T.);
#2973=ADVANCED_FACE('',(#2972),#2961,.F.);
#2974=CARTESIAN_POINT('',(-33.864789122,-35.68757882,1.124998964));
#2975=DIRECTION('',(-1.,0.,0.));
#2976=DIRECTION('',(0.,0.000305354,0.999999953));
#2977=AXIS2_PLACEMENT_3D('',#2974,#2975,#2976);
#2978=PLANE('',#2977);
#2979=CARTESIAN_POINT('',(-33.864789122,-33.343628391,3.071546026));
#2980=VERTEX_POINT('',#2979);
#2981=CARTESIAN_POINT('',(-33.864789122,-33.343628391,3.071546026));
#2982=DIRECTION('',(0.,-0.000305354,-0.999999953));
#2983=VECTOR('',#2982,0.293339455);
#2984=LINE('',#2981,#2983);
#2985=EDGE_CURVE('',#2980,#1066,#2984,.T.);
#2986=ORIENTED_EDGE('',*,*,#2985,.F.);
#2987=CARTESIAN_POINT('',(-33.864789122,-33.343628391,3.071546026));
#2988=DIRECTION('',(0.,0.999999953,-0.000305354));
#2989=VECTOR('',#2988,2.787772432);
#2990=LINE('',#2987,#2989);
#2991=EDGE_CURVE('',#2980,#516,#2990,.T.);
#2992=ORIENTED_EDGE('',*,*,#2991,.T.);
#2993=ORIENTED_EDGE('',*,*,#551,.T.);
#2994=ORIENTED_EDGE('',*,*,#1481,.T.);
#2995=ORIENTED_EDGE('',*,*,#2454,.F.);
#2996=ORIENTED_EDGE('',*,*,#1079,.F.);
#2997=EDGE_LOOP('',(#2986,#2992,#2993,#2994,#2995,#2996));
#2998=FACE_BOUND('',#2997,.T.);
#2999=ADVANCED_FACE('',(#2998),#2978,.F.);
#3000=CARTESIAN_POINT('',(18.237340123,-24.920055457,5.720133919));
#3001=DIRECTION('',(0.,0.000305354,0.999999953));
#3002=DIRECTION('',(1.,0.,0.));
#3003=AXIS2_PLACEMENT_3D('',#3000,#3001,#3002);
#3004=PLANE('',#3003);
#3005=CARTESIAN_POINT('',(15.400103436,-15.917609953,5.717384983));
#3006=VERTEX_POINT('',#3005);
#3007=CARTESIAN_POINT('',(18.665237564,-15.917609953,5.717384983));
#3008=VERTEX_POINT('',#3007);
#3009=CARTESIAN_POINT('',(17.0326705,-15.917609953,5.717384983));
#3010=DIRECTION('',(-0.,0.000305354,0.999999953));
#3011=DIRECTION('',(1.,0.,0.));
#3012=AXIS2_PLACEMENT_3D('',#3009,#3010,#3011);
#3013=CIRCLE('',#3012,1.632567064);
#3014=EDGE_CURVE('',#3006,#3008,#3013,.T.);
#3015=ORIENTED_EDGE('',*,*,#3014,.F.);
#3016=CARTESIAN_POINT('',(17.0326705,-15.917609953,5.717384983));
#3017=DIRECTION('',(-0.,0.000305354,0.999999953));
#3018=DIRECTION('',(1.,0.,0.));
#3019=AXIS2_PLACEMENT_3D('',#3016,#3017,#3018);
#3020=CIRCLE('',#3019,1.632567064);
#3021=EDGE_CURVE('',#3008,#3006,#3020,.T.);
#3022=ORIENTED_EDGE('',*,*,#3021,.F.);
#3023=EDGE_LOOP('',(#3015,#3022));
#3024=FACE_BOUND('',#3023,.T.);
#3025=CARTESIAN_POINT('',(18.1326705,-15.917609953,5.717384983));
#3026=VERTEX_POINT('',#3025);
#3027=CARTESIAN_POINT('',(17.0326705,-15.917609953,5.717384983));
#3028=DIRECTION('',(-0.,0.000305354,0.999999953));
#3029=DIRECTION('',(1.,0.,0.));
#3030=AXIS2_PLACEMENT_3D('',#3027,#3028,#3029);
#3031=CIRCLE('',#3030,1.1);
#3032=EDGE_CURVE('',#3026,#3026,#3031,.T.);
#3033=ORIENTED_EDGE('',*,*,#3032,.T.);
#3034=EDGE_LOOP('',(#3033));
#3035=FACE_BOUND('',#3034,.T.);
#3036=ADVANCED_FACE('',(#3024,#3035),#3004,.F.);
#3037=CARTESIAN_POINT('',(17.0326705,-15.917609953,5.717384983));
#3038=DIRECTION('',(-0.,-0.000305354,-0.999999953));
#3039=DIRECTION('',(-1.,0.,0.));
#3040=AXIS2_PLACEMENT_3D('',#3037,#3038,#3039);
#3041=CYLINDRICAL_SURFACE('',#3040,1.632567064);
#3042=CARTESIAN_POINT('',(15.400103436,-15.919072588,0.927427397));
#3043=VERTEX_POINT('',#3042);
#3044=CARTESIAN_POINT('',(15.400103436,-15.919072588,0.927427397));
#3045=DIRECTION('',(-0.,0.000305354,0.999999953));
#3046=VECTOR('',#3045,4.789957809);
#3047=LINE('',#3044,#3046);
#3048=EDGE_CURVE('',#3043,#3006,#3047,.T.);
#3049=ORIENTED_EDGE('',*,*,#3048,.F.);
#3050=CARTESIAN_POINT('',(18.146328758,-17.112823135,0.927791914));
#3051=VERTEX_POINT('',#3050);
#3052=CARTESIAN_POINT('',(17.0326705,-15.919072588,0.927427397));
#3053=DIRECTION('',(-0.,0.000305354,0.999999953));
#3054=DIRECTION('',(1.,0.,0.));
#3055=AXIS2_PLACEMENT_3D('',#3052,#3053,#3054);
#3056=CIRCLE('',#3055,1.632567064);
#3057=EDGE_CURVE('',#3051,#3043,#3056,.T.);
#3058=ORIENTED_EDGE('',*,*,#3057,.F.);
#3059=CARTESIAN_POINT('',(15.919012242,-17.112823135,0.927791914));
#3060=VERTEX_POINT('',#3059);
#3061=CARTESIAN_POINT('',(17.0326705,-15.919437105,-0.26632315));
#3062=DIRECTION('',(-0.,0.707322666,0.70689083));
#3063=DIRECTION('',(-0.,0.70689083,-0.707322666));
#3064=AXIS2_PLACEMENT_3D('',#3061,#3062,#3063);
#3065=ELLIPSE('',#3064,2.308798483,1.632567064);
#3066=EDGE_CURVE('',#3060,#3051,#3065,.T.);
#3067=ORIENTED_EDGE('',*,*,#3066,.F.);
#3068=CARTESIAN_POINT('',(17.0326705,-15.919072588,0.927427397));
#3069=DIRECTION('',(-0.,0.000305354,0.999999953));
#3070=DIRECTION('',(1.,0.,0.));
#3071=AXIS2_PLACEMENT_3D('',#3068,#3069,#3070);
#3072=CIRCLE('',#3071,1.632567064);
#3073=EDGE_CURVE('',#3043,#3060,#3072,.T.);
#3074=ORIENTED_EDGE('',*,*,#3073,.F.);
#3075=ORIENTED_EDGE('',*,*,#3048,.T.);
#3076=ORIENTED_EDGE('',*,*,#3014,.T.);
#3077=ORIENTED_EDGE('',*,*,#3021,.T.);
#3078=EDGE_LOOP('',(#3049,#3058,#3067,#3074,#3075,#3076,#3077));
#3079=FACE_BOUND('',#3078,.T.);
#3080=ADVANCED_FACE('',(#3079),#3041,.F.);
#3081=CARTESIAN_POINT('',(15.224607482,-15.934267849,7.662716846));
#3082=DIRECTION('',(0.,0.000305354,0.999999953));
#3083=DIRECTION('',(1.,0.,0.));
#3084=AXIS2_PLACEMENT_3D('',#3081,#3082,#3083);
#3085=PLANE('',#3084);
#3086=CARTESIAN_POINT('',(18.1326705,-15.917015939,7.662711578));
#3087=VERTEX_POINT('',#3086);
#3088=CARTESIAN_POINT('',(17.0326705,-15.917015939,7.662711578));
#3089=DIRECTION('',(-0.,0.000305354,0.999999953));
#3090=DIRECTION('',(1.,0.,0.));
#3091=AXIS2_PLACEMENT_3D('',#3088,#3089,#3090);
#3092=CIRCLE('',#3091,1.1);
#3093=EDGE_CURVE('',#3087,#3087,#3092,.T.);
#3094=ORIENTED_EDGE('',*,*,#3093,.F.);
#3095=EDGE_LOOP('',(#3094));
#3096=FACE_BOUND('',#3095,.T.);
#3097=ADVANCED_FACE('',(#3096),#3085,.F.);
#3098=CARTESIAN_POINT('',(17.0326705,-15.919045552,1.015966299));
#3099=DIRECTION('',(-0.,0.000305354,0.999999953));
#3100=DIRECTION('',(1.,0.,0.));
#3101=AXIS2_PLACEMENT_3D('',#3098,#3099,#3100);
#3102=CYLINDRICAL_SURFACE('',#3101,1.1);
#3103=CARTESIAN_POINT('',(18.1326705,-15.917015939,7.662711578));
#3104=DIRECTION('',(-0.,-0.000305354,-0.999999953));
#3105=VECTOR('',#3104,1.945326686);
#3106=LINE('',#3103,#3105);
#3107=EDGE_CURVE('',#3087,#3026,#3106,.T.);
#3108=ORIENTED_EDGE('',*,*,#3107,.F.);
#3109=ORIENTED_EDGE('',*,*,#3093,.T.);
#3110=ORIENTED_EDGE('',*,*,#3107,.T.);
#3111=ORIENTED_EDGE('',*,*,#3032,.F.);
#3112=EDGE_LOOP('',(#3108,#3109,#3110,#3111));
#3113=FACE_BOUND('',#3112,.T.);
#3114=ADVANCED_FACE('',(#3113),#3102,.F.);
#3115=CARTESIAN_POINT('',(16.35678309,-18.296395462,2.111630622));
#3116=DIRECTION('',(-0.000142549,-0.707322652,-0.70689083));
#3117=DIRECTION('',(0.99999998,-0.000201594,0.000000062));
#3118=AXIS2_PLACEMENT_3D('',#3115,#3116,#3117);
#3119=PLANE('',#3118);
#3120=CARTESIAN_POINT('',(14.607466309,-17.112875057,0.927791931));
#3121=VERTEX_POINT('',#3120);
#3122=CARTESIAN_POINT('',(14.092359992,-17.112823135,0.927791914));
#3123=DIRECTION('',(0.99999998,-0.000201594,0.000000062));
#3124=VECTOR('',#3123,0.515145829);
#3125=LINE('',#3122,#3124);
#3126=EDGE_CURVE('',#2715,#3121,#3125,.T.);
#3127=ORIENTED_EDGE('',*,*,#3126,.T.);
#3128=CARTESIAN_POINT('',(16.180019935,-18.295149337,2.110419381));
#3129=VERTEX_POINT('',#3128);
#3130=CARTESIAN_POINT('',(14.607468945,-17.11289927,0.927764221));
#3131=CARTESIAN_POINT('',(16.180019935,-18.295149337,2.110419381));
#3132=B_SPLINE_CURVE_WITH_KNOTS('',1,(#3130,#3131),.UNSPECIFIED.,.F.,.F.,(2,2),(0.,0.837574854),.UNSPECIFIED.);
#3133=EDGE_CURVE('',#3121,#3129,#3132,.T.);
#3134=ORIENTED_EDGE('',*,*,#3133,.T.);
#3135=CARTESIAN_POINT('',(16.180019935,-18.295149337,2.110419381));
#3136=CARTESIAN_POINT('',(14.092245147,-18.329076819,2.144788601));
#3137=B_SPLINE_CURVE_WITH_KNOTS('',1,(#3135,#3136),.UNSPECIFIED.,.F.,.F.,(2,2),(0.904594044,1.),.UNSPECIFIED.);
#3138=EDGE_CURVE('',#3129,#2723,#3137,.T.);
#3139=ORIENTED_EDGE('',*,*,#3138,.T.);
#3140=ORIENTED_EDGE('',*,*,#2728,.T.);
#3141=EDGE_LOOP('',(#3127,#3134,#3139,#3140));
#3142=FACE_BOUND('',#3141,.T.);
#3143=ADVANCED_FACE('',(#3142),#3119,.T.);
#3144=CARTESIAN_POINT('',(21.223099218,-17.520968998,1.336187112));
#3145=DIRECTION('',(0.,-0.707322666,-0.70689083));
#3146=DIRECTION('',(0.,-0.70689083,0.707322666));
#3147=AXIS2_PLACEMENT_3D('',#3144,#3145,#3146);
#3148=PLANE('',#3147);
#3149=CARTESIAN_POINT('',(14.607426812,-17.112823135,0.927791914));
#3150=DIRECTION('',(1.,0.,-0.));
#3151=VECTOR('',#3150,1.31158543);
#3152=LINE('',#3149,#3151);
#3153=EDGE_CURVE('',#3121,#3060,#3152,.T.);
#3154=ORIENTED_EDGE('',*,*,#3153,.T.);
#3155=ORIENTED_EDGE('',*,*,#3066,.T.);
#3156=CARTESIAN_POINT('',(18.146328758,-17.112823135,0.927791914));
#3157=DIRECTION('',(1.,0.,-0.));
#3158=VECTOR('',#3157,0.740701215);
#3159=LINE('',#3156,#3158);
#3160=EDGE_CURVE('',#3051,#1905,#3159,.T.);
#3161=ORIENTED_EDGE('',*,*,#3160,.T.);
#3162=ORIENTED_EDGE('',*,*,#1910,.F.);
#3163=CARTESIAN_POINT('',(18.887029973,-18.294801325,2.11049217));
#3164=DIRECTION('',(-1.,-0.,0.));
#3165=VECTOR('',#3164,2.707010038);
#3166=LINE('',#3163,#3165);
#3167=EDGE_CURVE('',#1897,#3129,#3166,.T.);
#3168=ORIENTED_EDGE('',*,*,#3167,.T.);
#3169=ORIENTED_EDGE('',*,*,#3133,.F.);
#3170=EDGE_LOOP('',(#3154,#3155,#3161,#3162,#3168,#3169));
#3171=FACE_BOUND('',#3170,.T.);
#3172=ADVANCED_FACE('',(#3171),#3148,.T.);
#3173=CARTESIAN_POINT('',(21.223099218,-18.293670071,2.109347533));
#3174=DIRECTION('',(-0.,0.711252254,0.702936862));
#3175=DIRECTION('',(0.,0.702936862,-0.711252254));
#3176=AXIS2_PLACEMENT_3D('',#3173,#3174,#3175);
#3177=PLANE('',#3176);
#3178=ORIENTED_EDGE('',*,*,#3167,.F.);
#3179=ORIENTED_EDGE('',*,*,#1902,.T.);
#3180=ORIENTED_EDGE('',*,*,#1938,.F.);
#3181=ORIENTED_EDGE('',*,*,#1821,.F.);
#3182=ORIENTED_EDGE('',*,*,#1590,.F.);
#3183=ORIENTED_EDGE('',*,*,#1573,.F.);
#3184=ORIENTED_EDGE('',*,*,#2704,.T.);
#3185=ORIENTED_EDGE('',*,*,#2734,.F.);
#3186=ORIENTED_EDGE('',*,*,#3138,.F.);
#3187=EDGE_LOOP('',(#3178,#3179,#3180,#3181,#3182,#3183,#3184,#3185,#3186));
#3188=FACE_BOUND('',#3187,.T.);
#3189=ADVANCED_FACE('',(#3188),#3177,.F.);
#3190=CARTESIAN_POINT('',(18.688146594,-31.689916695,1.986076517));
#3191=DIRECTION('',(0.,0.70689083,-0.707322666));
#3192=DIRECTION('',(-1.,0.,0.));
#3193=AXIS2_PLACEMENT_3D('',#3190,#3191,#3192);
#3194=PLANE('',#3193);
#3195=CARTESIAN_POINT('',(18.887029973,-32.744071812,0.932564985));
#3196=DIRECTION('',(-1.,0.,0.));
#3197=VECTOR('',#3196,0.625756622);
#3198=LINE('',#3195,#3197);
#3199=EDGE_CURVE('',#1857,#1331,#3198,.T.);
#3200=ORIENTED_EDGE('',*,*,#3199,.T.);
#3201=ORIENTED_EDGE('',*,*,#1337,.T.);
#3202=CARTESIAN_POINT('',(16.044153975,-32.744071812,0.932564985));
#3203=DIRECTION('',(-1.,0.,0.));
#3204=VECTOR('',#3203,1.954839492);
#3205=LINE('',#3202,#3204);
#3206=EDGE_CURVE('',#1322,#1724,#3205,.T.);
#3207=ORIENTED_EDGE('',*,*,#3206,.T.);
#3208=ORIENTED_EDGE('',*,*,#1767,.F.);
#3209=ORIENTED_EDGE('',*,*,#1781,.F.);
#3210=ORIENTED_EDGE('',*,*,#1711,.T.);
#3211=ORIENTED_EDGE('',*,*,#2762,.F.);
#3212=ORIENTED_EDGE('',*,*,#2791,.T.);
#3213=ORIENTED_EDGE('',*,*,#1870,.T.);
#3214=EDGE_LOOP('',(#3200,#3201,#3207,#3208,#3209,#3210,#3211,#3212,#3213));
#3215=FACE_BOUND('',#3214,.T.);
#3216=ADVANCED_FACE('',(#3215),#3194,.T.);
#3217=CARTESIAN_POINT('',(-36.843922674,-15.917605393,5.732319602));
#3218=DIRECTION('',(-0.,-0.000305354,-0.999999953));
#3219=DIRECTION('',(-1.,0.,0.));
#3220=AXIS2_PLACEMENT_3D('',#3217,#3218,#3219);
#3221=CYLINDRICAL_SURFACE('',#3220,1.524357638);
#3222=CARTESIAN_POINT('',(-38.368280312,-15.917618088,5.690743481));
#3223=VERTEX_POINT('',#3222);
#3224=CARTESIAN_POINT('',(-38.368280312,-15.917605393,5.732319602));
#3225=VERTEX_POINT('',#3224);
#3226=CARTESIAN_POINT('',(-38.368280312,-15.917618088,5.690743481));
#3227=DIRECTION('',(-0.,0.000305354,0.999999953));
#3228=VECTOR('',#3227,0.041576123);
#3229=LINE('',#3226,#3228);
#3230=EDGE_CURVE('',#3223,#3225,#3229,.T.);
#3231=ORIENTED_EDGE('',*,*,#3230,.T.);
#3232=CARTESIAN_POINT('',(-38.289774209,-15.434718734,5.73217215));
#3233=VERTEX_POINT('',#3232);
#3234=CARTESIAN_POINT('',(-36.843922674,-15.917605393,5.732319602));
#3235=DIRECTION('',(0.,0.000305354,0.999999953));
#3236=DIRECTION('',(-0.948498895,0.316780424,-0.00009673));
#3237=AXIS2_PLACEMENT_3D('',#3234,#3235,#3236);
#3238=CIRCLE('',#3237,1.524357638);
#3239=EDGE_CURVE('',#3233,#3225,#3238,.T.);
#3240=ORIENTED_EDGE('',*,*,#3239,.F.);
#3241=CARTESIAN_POINT('',(-36.843922674,-15.917605393,5.732319602));
#3242=DIRECTION('',(0.,0.000305354,0.999999953));
#3243=DIRECTION('',(-0.948498895,0.316780424,-0.00009673));
#3244=AXIS2_PLACEMENT_3D('',#3241,#3242,#3243);
#3245=CIRCLE('',#3244,1.524357638);
#3246=EDGE_CURVE('',#3225,#3233,#3245,.T.);
#3247=ORIENTED_EDGE('',*,*,#3246,.F.);
#3248=ORIENTED_EDGE('',*,*,#3230,.F.);
#3249=CARTESIAN_POINT('',(-36.843922674,-15.917618088,5.690743481));
#3250=DIRECTION('',(0.,0.000305354,0.999999953));
#3251=DIRECTION('',(-1.,0.,0.));
#3252=AXIS2_PLACEMENT_3D('',#3249,#3250,#3251);
#3253=CIRCLE('',#3252,1.524357638);
#3254=EDGE_CURVE('',#3223,#3223,#3253,.T.);
#3255=ORIENTED_EDGE('',*,*,#3254,.T.);
#3256=EDGE_LOOP('',(#3231,#3240,#3247,#3248,#3255));
#3257=FACE_BOUND('',#3256,.T.);
#3258=ADVANCED_FACE('',(#3257),#3221,.T.);
#3259=CARTESIAN_POINT('',(-36.843922674,-15.917605393,5.732319602));
#3260=DIRECTION('',(0.,-0.000305354,-0.999999953));
#3261=DIRECTION('',(-1.,0.,0.));
#3262=AXIS2_PLACEMENT_3D('',#3259,#3260,#3261);
#3263=PLANE('',#3262);
#3264=ORIENTED_EDGE('',*,*,#3239,.T.);
#3265=ORIENTED_EDGE('',*,*,#3246,.T.);
#3266=EDGE_LOOP('',(#3264,#3265));
#3267=FACE_BOUND('',#3266,.T.);
#3268=ORIENTED_EDGE('',*,*,#496,.F.);
#3269=ORIENTED_EDGE('',*,*,#503,.F.);
#3270=EDGE_LOOP('',(#3268,#3269));
#3271=FACE_BOUND('',#3270,.T.);
#3272=ADVANCED_FACE('',(#3267,#3271),#3263,.T.);
#3273=CARTESIAN_POINT('',(-48.577495709,-12.448299264,7.003756889));
#3274=DIRECTION('',(0.,-0.000305354,-0.999999953));
#3275=DIRECTION('',(-1.,0.,0.));
#3276=AXIS2_PLACEMENT_3D('',#3273,#3274,#3275);
#3277=PLANE('',#3276);
#3278=CARTESIAN_POINT('',(-37.943922674,-15.91721683,7.004816138));
#3279=VERTEX_POINT('',#3278);
#3280=CARTESIAN_POINT('',(-35.743922674,-15.91721683,7.004816138));
#3281=VERTEX_POINT('',#3280);
#3282=CARTESIAN_POINT('',(-36.843922674,-15.91721683,7.004816138));
#3283=DIRECTION('',(-0.,-0.000305354,-0.999999953));
#3284=DIRECTION('',(-1.,0.,0.));
#3285=AXIS2_PLACEMENT_3D('',#3282,#3283,#3284);
#3286=CIRCLE('',#3285,1.1);
#3287=EDGE_CURVE('',#3279,#3281,#3286,.T.);
#3288=ORIENTED_EDGE('',*,*,#3287,.T.);
#3289=CARTESIAN_POINT('',(-36.843922674,-15.91721683,7.004816138));
#3290=DIRECTION('',(-0.,-0.000305354,-0.999999953));
#3291=DIRECTION('',(-1.,0.,0.));
#3292=AXIS2_PLACEMENT_3D('',#3289,#3290,#3291);
#3293=CIRCLE('',#3292,1.1);
#3294=EDGE_CURVE('',#3281,#3279,#3293,.T.);
#3295=ORIENTED_EDGE('',*,*,#3294,.T.);
#3296=EDGE_LOOP('',(#3288,#3295));
#3297=FACE_BOUND('',#3296,.T.);
#3298=ADVANCED_FACE('',(#3297),#3277,.T.);
#3299=CARTESIAN_POINT('',(-36.843922674,-15.919045552,1.015966299));
#3300=DIRECTION('',(-0.,0.000305354,0.999999953));
#3301=DIRECTION('',(1.,0.,0.));
#3302=AXIS2_PLACEMENT_3D('',#3299,#3300,#3301);
#3303=CYLINDRICAL_SURFACE('',#3302,1.1);
#3304=CARTESIAN_POINT('',(-35.743922674,-15.917618088,5.690743481));
#3305=VERTEX_POINT('',#3304);
#3306=CARTESIAN_POINT('',(-35.743922674,-15.91721683,7.004816138));
#3307=DIRECTION('',(-0.,-0.000305354,-0.999999953));
#3308=VECTOR('',#3307,1.314072719);
#3309=LINE('',#3306,#3308);
#3310=EDGE_CURVE('',#3281,#3305,#3309,.T.);
#3311=ORIENTED_EDGE('',*,*,#3310,.F.);
#3312=ORIENTED_EDGE('',*,*,#3287,.F.);
#3313=ORIENTED_EDGE('',*,*,#3294,.F.);
#3314=ORIENTED_EDGE('',*,*,#3310,.T.);
#3315=CARTESIAN_POINT('',(-37.943922674,-15.917618088,5.690743481));
#3316=VERTEX_POINT('',#3315);
#3317=CARTESIAN_POINT('',(-36.843922674,-15.917618088,5.690743481));
#3318=DIRECTION('',(-0.,-0.000305354,-0.999999953));
#3319=DIRECTION('',(-1.,0.,0.));
#3320=AXIS2_PLACEMENT_3D('',#3317,#3318,#3319);
#3321=CIRCLE('',#3320,1.1);
#3322=EDGE_CURVE('',#3305,#3316,#3321,.T.);
#3323=ORIENTED_EDGE('',*,*,#3322,.T.);
#3324=CARTESIAN_POINT('',(-36.843922674,-15.917618088,5.690743481));
#3325=DIRECTION('',(-0.,-0.000305354,-0.999999953));
#3326=DIRECTION('',(-1.,0.,0.));
#3327=AXIS2_PLACEMENT_3D('',#3324,#3325,#3326);
#3328=CIRCLE('',#3327,1.1);
#3329=EDGE_CURVE('',#3316,#3305,#3328,.T.);
#3330=ORIENTED_EDGE('',*,*,#3329,.T.);
#3331=EDGE_LOOP('',(#3311,#3312,#3313,#3314,#3323,#3330));
#3332=FACE_BOUND('',#3331,.T.);
#3333=ADVANCED_FACE('',(#3332),#3303,.F.);
#3334=CARTESIAN_POINT('',(-36.843922674,-15.917618088,5.690743481));
#3335=DIRECTION('',(0.,-0.000305354,-0.999999953));
#3336=DIRECTION('',(-1.,0.,0.));
#3337=AXIS2_PLACEMENT_3D('',#3334,#3335,#3336);
#3338=PLANE('',#3337);
#3339=ORIENTED_EDGE('',*,*,#3254,.F.);
#3340=EDGE_LOOP('',(#3339));
#3341=FACE_BOUND('',#3340,.T.);
#3342=ORIENTED_EDGE('',*,*,#3322,.F.);
#3343=ORIENTED_EDGE('',*,*,#3329,.F.);
#3344=EDGE_LOOP('',(#3342,#3343));
#3345=FACE_BOUND('',#3344,.T.);
#3346=ADVANCED_FACE('',(#3341,#3345),#3338,.T.);
#3347=CARTESIAN_POINT('',(-35.315006824,-17.485200719,3.070675857));
#3348=DIRECTION('',(-0.008409792,0.000305344,0.99996459));
#3349=DIRECTION('',(0.999964637,0.000002568,0.008409791));
#3350=AXIS2_PLACEMENT_3D('',#3347,#3348,#3349);
#3351=PLANE('',#3350);
#3352=CARTESIAN_POINT('',(-35.787330198,-19.447755143,3.06730285));
#3353=DIRECTION('',(0.,-0.999999953,0.000305354));
#3354=VECTOR('',#3353,11.108101463);
#3355=LINE('',#3352,#3354);
#3356=EDGE_CURVE('',#377,#514,#3355,.T.);
#3357=ORIENTED_EDGE('',*,*,#3356,.F.);
#3358=ORIENTED_EDGE('',*,*,#382,.T.);
#3359=ORIENTED_EDGE('',*,*,#2949,.T.);
#3360=ORIENTED_EDGE('',*,*,#2918,.F.);
#3361=ORIENTED_EDGE('',*,*,#1498,.F.);
#3362=ORIENTED_EDGE('',*,*,#529,.F.);
#3363=EDGE_LOOP('',(#3357,#3358,#3359,#3360,#3361,#3362));
#3364=FACE_BOUND('',#3363,.T.);
#3365=ADVANCED_FACE('',(#3364),#3351,.F.);
#3366=CARTESIAN_POINT('',(-35.787330198,-17.485711096,1.399250017));
#3367=DIRECTION('',(-1.,0.,0.));
#3368=DIRECTION('',(0.,0.000305354,0.999999953));
#3369=AXIS2_PLACEMENT_3D('',#3366,#3367,#3368);
#3370=PLANE('',#3369);
#3371=ORIENTED_EDGE('',*,*,#413,.F.);
#3372=ORIENTED_EDGE('',*,*,#388,.T.);
#3373=ORIENTED_EDGE('',*,*,#3356,.T.);
#3374=CARTESIAN_POINT('',(-35.787330198,-32.622183656,3.071325719));
#3375=DIRECTION('',(0.,0.999999953,-0.000305354));
#3376=VECTOR('',#3375,2.066327664);
#3377=LINE('',#3374,#3376);
#3378=EDGE_CURVE('',#767,#514,#3377,.T.);
#3379=ORIENTED_EDGE('',*,*,#3378,.F.);
#3380=ORIENTED_EDGE('',*,*,#773,.F.);
#3381=ORIENTED_EDGE('',*,*,#1109,.T.);
#3382=ORIENTED_EDGE('',*,*,#2967,.F.);
#3383=ORIENTED_EDGE('',*,*,#1977,.T.);
#3384=ORIENTED_EDGE('',*,*,#1386,.F.);
#3385=EDGE_LOOP('',(#3371,#3372,#3373,#3379,#3380,#3381,#3382,#3383,#3384));
#3386=FACE_BOUND('',#3385,.T.);
#3387=ADVANCED_FACE('',(#3386),#3370,.F.);
#3388=CARTESIAN_POINT('',(-38.712749582,-31.906147477,11.826170492));
#3389=DIRECTION('',(1.,0.,0.));
#3390=DIRECTION('',(0.,-0.000305354,-0.999999953));
#3391=AXIS2_PLACEMENT_3D('',#3388,#3389,#3390);
#3392=PLANE('',#3391);
#3393=ORIENTED_EDGE('',*,*,#1208,.F.);
#3394=ORIENTED_EDGE('',*,*,#2439,.F.);
#3395=CARTESIAN_POINT('',(-38.712749582,-31.906282465,11.384099359));
#3396=VERTEX_POINT('',#3395);
#3397=CARTESIAN_POINT('',(-38.712749582,-31.906282465,11.384099359));
#3398=DIRECTION('',(0.,-0.999999953,0.000305354));
#3399=VECTOR('',#3398,4.637138998);
#3400=LINE('',#3397,#3399);
#3401=EDGE_CURVE('',#3396,#2428,#3400,.T.);
#3402=ORIENTED_EDGE('',*,*,#3401,.F.);
#3403=CARTESIAN_POINT('',(-38.712749582,-31.906282465,11.384099359));
#3404=DIRECTION('',(0.,0.000305354,0.999999953));
#3405=VECTOR('',#3404,2.079856623);
#3406=LINE('',#3403,#3405);
#3407=EDGE_CURVE('',#3396,#1203,#3406,.T.);
#3408=ORIENTED_EDGE('',*,*,#3407,.T.);
#3409=EDGE_LOOP('',(#3393,#3394,#3402,#3408));
#3410=FACE_BOUND('',#3409,.T.);
#3411=ADVANCED_FACE('',(#3410),#3392,.T.);
#3412=CARTESIAN_POINT('',(-34.669864601,-35.412202021,11.827241082));
#3413=DIRECTION('',(-1.,0.,0.));
#3414=DIRECTION('',(0.,0.000305354,0.999999953));
#3415=AXIS2_PLACEMENT_3D('',#3412,#3413,#3414);
#3416=PLANE('',#3415);
#3417=ORIENTED_EDGE('',*,*,#1224,.F.);
#3418=CARTESIAN_POINT('',(-34.669864601,-31.906282465,11.384099359));
#3419=VERTEX_POINT('',#3418);
#3420=CARTESIAN_POINT('',(-34.669864601,-31.906282465,11.384099359));
#3421=DIRECTION('',(0.,0.000305354,0.999999953));
#3422=VECTOR('',#3421,2.079856623);
#3423=LINE('',#3420,#3422);
#3424=EDGE_CURVE('',#3419,#1211,#3423,.T.);
#3425=ORIENTED_EDGE('',*,*,#3424,.F.);
#3426=CARTESIAN_POINT('',(-34.669864601,-36.543421247,11.385515329));
#3427=DIRECTION('',(0.,0.999999953,-0.000305354));
#3428=VECTOR('',#3427,4.637138998);
#3429=LINE('',#3426,#3428);
#3430=EDGE_CURVE('',#2420,#3419,#3429,.T.);
#3431=ORIENTED_EDGE('',*,*,#3430,.F.);
#3432=ORIENTED_EDGE('',*,*,#2425,.T.);
#3433=EDGE_LOOP('',(#3417,#3425,#3431,#3432));
#3434=FACE_BOUND('',#3433,.T.);
#3435=ADVANCED_FACE('',(#3434),#3416,.T.);
#3436=CARTESIAN_POINT('',(-34.669864601,-31.906147477,11.826170492));
#3437=DIRECTION('',(0.,-0.999999953,0.000305354));
#3438=DIRECTION('',(0.,0.000305354,0.999999953));
#3439=AXIS2_PLACEMENT_3D('',#3436,#3437,#3438);
#3440=PLANE('',#3439);
#3441=ORIENTED_EDGE('',*,*,#1216,.F.);
#3442=ORIENTED_EDGE('',*,*,#3407,.F.);
#3443=CARTESIAN_POINT('',(-34.669864601,-31.906282465,11.384099359));
#3444=DIRECTION('',(-1.,0.,0.));
#3445=VECTOR('',#3444,4.042884981);
#3446=LINE('',#3443,#3445);
#3447=EDGE_CURVE('',#3419,#3396,#3446,.T.);
#3448=ORIENTED_EDGE('',*,*,#3447,.F.);
#3449=ORIENTED_EDGE('',*,*,#3424,.T.);
#3450=EDGE_LOOP('',(#3441,#3442,#3448,#3449));
#3451=FACE_BOUND('',#3450,.T.);
#3452=ADVANCED_FACE('',(#3451),#3440,.T.);
#3453=CARTESIAN_POINT('',(-36.691307091,-33.659309737,11.384634653));
#3454=DIRECTION('',(0.,-0.000305354,-0.999999953));
#3455=DIRECTION('',(-1.,0.,0.));
#3456=AXIS2_PLACEMENT_3D('',#3453,#3454,#3455);
#3457=PLANE('',#3456);
#3458=ORIENTED_EDGE('',*,*,#3401,.T.);
#3459=ORIENTED_EDGE('',*,*,#2433,.T.);
#3460=ORIENTED_EDGE('',*,*,#3430,.T.);
#3461=ORIENTED_EDGE('',*,*,#3447,.T.);
#3462=EDGE_LOOP('',(#3458,#3459,#3460,#3461));
#3463=FACE_BOUND('',#3462,.T.);
#3464=ORIENTED_EDGE('',*,*,#972,.F.);
#3465=ORIENTED_EDGE('',*,*,#1054,.F.);
#3466=EDGE_LOOP('',(#3464,#3465));
#3467=FACE_BOUND('',#3466,.T.);
#3468=ADVANCED_FACE('',(#3463,#3467),#3457,.F.);
#3469=CARTESIAN_POINT('',(-36.691307091,-31.964045664,11.841817373));
#3470=DIRECTION('',(0.,-0.999999953,0.000305354));
#3471=DIRECTION('',(0.,0.000305354,0.999999953));
#3472=AXIS2_PLACEMENT_3D('',#3469,#3470,#3471);
#3473=PLANE('',#3472);
#3474=ORIENTED_EDGE('',*,*,#1248,.F.);
#3475=CARTESIAN_POINT('',(15.090111327,-31.964196196,11.348840415));
#3476=VERTEX_POINT('',#3475);
#3477=CARTESIAN_POINT('',(15.090111327,-31.964196196,11.348840415));
#3478=DIRECTION('',(0.,0.000305354,0.999999953));
#3479=VECTOR('',#3478,2.115310797);
#3480=LINE('',#3477,#3479);
#3481=EDGE_CURVE('',#3476,#1235,#3480,.T.);
#3482=ORIENTED_EDGE('',*,*,#3481,.F.);
#3483=CARTESIAN_POINT('',(19.209248945,-31.964196196,11.348840415));
#3484=VERTEX_POINT('',#3483);
#3485=CARTESIAN_POINT('',(19.209248945,-31.964196196,11.348840415));
#3486=DIRECTION('',(-1.,0.,0.));
#3487=VECTOR('',#3486,4.119137618);
#3488=LINE('',#3485,#3487);
#3489=EDGE_CURVE('',#3484,#3476,#3488,.T.);
#3490=ORIENTED_EDGE('',*,*,#3489,.F.);
#3491=CARTESIAN_POINT('',(19.209248945,-31.964196196,11.348840415));
#3492=DIRECTION('',(0.,0.000305354,0.999999953));
#3493=VECTOR('',#3492,2.115310797);
#3494=LINE('',#3491,#3493);
#3495=EDGE_CURVE('',#3484,#1243,#3494,.T.);
#3496=ORIENTED_EDGE('',*,*,#3495,.T.);
#3497=EDGE_LOOP('',(#3474,#3482,#3490,#3496));
#3498=FACE_BOUND('',#3497,.T.);
#3499=ADVANCED_FACE('',(#3498),#3473,.T.);
#3500=CARTESIAN_POINT('',(15.090111327,-33.659169976,11.842334987));
#3501=DIRECTION('',(1.,0.,0.));
#3502=DIRECTION('',(0.,-0.000305354,-0.999999953));
#3503=AXIS2_PLACEMENT_3D('',#3500,#3501,#3502);
#3504=PLANE('',#3503);
#3505=ORIENTED_EDGE('',*,*,#1240,.F.);
#3506=ORIENTED_EDGE('',*,*,#2416,.F.);
#3507=CARTESIAN_POINT('',(15.090111327,-31.964196196,11.348840415));
#3508=DIRECTION('',(0.,-0.999999953,0.000305354));
#3509=VECTOR('',#3508,4.579236036);
#3510=LINE('',#3507,#3509);
#3511=EDGE_CURVE('',#3476,#2405,#3510,.T.);
#3512=ORIENTED_EDGE('',*,*,#3511,.F.);
#3513=ORIENTED_EDGE('',*,*,#3481,.T.);
#3514=EDGE_LOOP('',(#3505,#3506,#3512,#3513));
#3515=FACE_BOUND('',#3514,.T.);
#3516=ADVANCED_FACE('',(#3515),#3504,.T.);
#3517=CARTESIAN_POINT('',(-36.691307091,-33.659320509,11.349358029));
#3518=DIRECTION('',(0.,-0.000305354,-0.999999953));
#3519=DIRECTION('',(-1.,0.,0.));
#3520=AXIS2_PLACEMENT_3D('',#3517,#3518,#3519);
#3521=PLANE('',#3520);
#3522=ORIENTED_EDGE('',*,*,#1354,.T.);
#3523=ORIENTED_EDGE('',*,*,#1361,.T.);
#3524=EDGE_LOOP('',(#3522,#3523));
#3525=FACE_BOUND('',#3524,.T.);
#3526=ORIENTED_EDGE('',*,*,#3511,.T.);
#3527=ORIENTED_EDGE('',*,*,#2410,.T.);
#3528=CARTESIAN_POINT('',(19.253317616,-36.543432019,11.350238705));
#3529=DIRECTION('',(-0.00962314,0.99995365,-0.00030534));
#3530=VECTOR('',#3529,4.57944808);
#3531=LINE('',#3528,#3530);
#3532=EDGE_CURVE('',#2397,#3484,#3531,.T.);
#3533=ORIENTED_EDGE('',*,*,#3532,.T.);
#3534=ORIENTED_EDGE('',*,*,#3489,.T.);
#3535=EDGE_LOOP('',(#3526,#3527,#3533,#3534));
#3536=FACE_BOUND('',#3535,.T.);
#3537=ADVANCED_FACE('',(#3525,#3536),#3521,.F.);
#3538=CARTESIAN_POINT('',(19.242432529,-35.412197248,11.842870282));
#3539=DIRECTION('',(-0.999953697,-0.00962314,0.000002938));
#3540=DIRECTION('',(-0.00962314,0.99995365,-0.00030534));
#3541=AXIS2_PLACEMENT_3D('',#3538,#3539,#3540);
#3542=PLANE('',#3541);
#3543=ORIENTED_EDGE('',*,*,#1256,.T.);
#3544=ORIENTED_EDGE('',*,*,#3495,.F.);
#3545=ORIENTED_EDGE('',*,*,#3532,.F.);
#3546=ORIENTED_EDGE('',*,*,#2402,.T.);
#3547=EDGE_LOOP('',(#3543,#3544,#3545,#3546));
#3548=FACE_BOUND('',#3547,.T.);
#3549=ADVANCED_FACE('',(#3548),#3542,.T.);
#3550=CARTESIAN_POINT('',(0.,-47.623989008,0.937108633));
#3551=DIRECTION('',(0.,0.000305354,0.999999953));
#3552=DIRECTION('',(1.,0.,0.));
#3553=AXIS2_PLACEMENT_3D('',#3550,#3551,#3552);
#3554=PLANE('',#3553);
#3555=ORIENTED_EDGE('',*,*,#3206,.F.);
#3556=ORIENTED_EDGE('',*,*,#1328,.T.);
#3557=ORIENTED_EDGE('',*,*,#1344,.T.);
#3558=ORIENTED_EDGE('',*,*,#3199,.F.);
#3559=ORIENTED_EDGE('',*,*,#1862,.T.);
#3560=ORIENTED_EDGE('',*,*,#2390,.T.);
#3561=ORIENTED_EDGE('',*,*,#2641,.F.);
#3562=ORIENTED_EDGE('',*,*,#1729,.T.);
#3563=EDGE_LOOP('',(#3555,#3556,#3557,#3558,#3559,#3560,#3561,#3562));
#3564=FACE_BOUND('',#3563,.T.);
#3565=ADVANCED_FACE('',(#3564),#3554,.F.);
#3566=CARTESIAN_POINT('',(0.,-47.623989008,0.937108633));
#3567=DIRECTION('',(0.,0.000305354,0.999999953));
#3568=DIRECTION('',(1.,0.,0.));
#3569=AXIS2_PLACEMENT_3D('',#3566,#3567,#3568);
#3570=PLANE('',#3569);
#3571=ORIENTED_EDGE('',*,*,#2720,.F.);
#3572=ORIENTED_EDGE('',*,*,#2363,.T.);
#3573=ORIENTED_EDGE('',*,*,#1918,.T.);
#3574=ORIENTED_EDGE('',*,*,#3160,.F.);
#3575=ORIENTED_EDGE('',*,*,#3057,.T.);
#3576=ORIENTED_EDGE('',*,*,#3073,.T.);
#3577=ORIENTED_EDGE('',*,*,#3153,.F.);
#3578=ORIENTED_EDGE('',*,*,#3126,.F.);
#3579=EDGE_LOOP('',(#3571,#3572,#3573,#3574,#3575,#3576,#3577,#3578));
#3580=FACE_BOUND('',#3579,.T.);
#3581=ADVANCED_FACE('',(#3580),#3570,.F.);
#3582=CARTESIAN_POINT('',(-35.787330198,-33.343628391,3.071546016));
#3583=DIRECTION('',(-0.000000005,0.000305354,0.999999953));
#3584=DIRECTION('',(0.,-0.999999953,0.000305354));
#3585=AXIS2_PLACEMENT_3D('',#3582,#3583,#3584);
#3586=PLANE('',#3585);
#3587=ORIENTED_EDGE('',*,*,#788,.T.);
#3588=ORIENTED_EDGE('',*,*,#3378,.T.);
#3589=ORIENTED_EDGE('',*,*,#521,.T.);
#3590=ORIENTED_EDGE('',*,*,#2991,.F.);
#3591=CARTESIAN_POINT('',(-35.255097348,-33.343628391,3.071546019));
#3592=DIRECTION('',(1.,0.,0.000000005));
#3593=VECTOR('',#3592,1.390308226);
#3594=LINE('',#3591,#3593);
#3595=EDGE_CURVE('',#776,#2980,#3594,.T.);
#3596=ORIENTED_EDGE('',*,*,#3595,.F.);
#3597=EDGE_LOOP('',(#3587,#3588,#3589,#3590,#3596));
#3598=FACE_BOUND('',#3597,.T.);
#3599=ADVANCED_FACE('',(#3598),#3586,.F.);
#3600=CARTESIAN_POINT('',(-34.82605967,-33.343954936,2.002147139));
#3601=DIRECTION('',(0.,-0.999999953,0.000305354));
#3602=DIRECTION('',(0.,-0.000305354,-0.999999953));
#3603=AXIS2_PLACEMENT_3D('',#3600,#3601,#3602);
#3604=PLANE('',#3603);
#3605=ORIENTED_EDGE('',*,*,#796,.T.);
#3606=ORIENTED_EDGE('',*,*,#3595,.T.);
#3607=ORIENTED_EDGE('',*,*,#2985,.T.);
#3608=ORIENTED_EDGE('',*,*,#1071,.F.);
#3609=EDGE_LOOP('',(#3605,#3606,#3607,#3608));
#3610=FACE_BOUND('',#3609,.T.);
#3611=ADVANCED_FACE('',(#3610),#3604,.F.);
#3612=CARTESIAN_POINT('',(2.07269159,-79.831604292,9.165508041));
#3613=DIRECTION('',(0.,0.999999953,-0.000305354));
#3614=DIRECTION('',(0.,0.000305354,0.999999953));
#3615=AXIS2_PLACEMENT_3D('',#3612,#3613,#3614);
#3616=CYLINDRICAL_SURFACE('',#3615,2.069283202);
#3617=CARTESIAN_POINT('',(2.07269159,-24.547957696,11.217910234));
#3618=VERTEX_POINT('',#3617);
#3619=CARTESIAN_POINT('',(2.07269159,-24.547957696,11.217910234));
#3620=DIRECTION('',(-0.,-0.999999953,0.000305354));
#3621=VECTOR('',#3620,11.995514171);
#3622=LINE('',#3619,#3621);
#3623=EDGE_CURVE('',#3618,#2374,#3622,.T.);
#3624=ORIENTED_EDGE('',*,*,#3623,.F.);
#3625=CARTESIAN_POINT('',(2.07269159,-24.54858956,9.148627128));
#3626=DIRECTION('',(0.,0.999999953,-0.000305354));
#3627=DIRECTION('',(0.,0.000305354,0.999999953));
#3628=AXIS2_PLACEMENT_3D('',#3625,#3626,#3627);
#3629=CIRCLE('',#3628,2.069283202);
#3630=EDGE_CURVE('',#3618,#3618,#3629,.T.);
#3631=ORIENTED_EDGE('',*,*,#3630,.T.);
#3632=ORIENTED_EDGE('',*,*,#3623,.T.);
#3633=ORIENTED_EDGE('',*,*,#2380,.F.);
#3634=EDGE_LOOP('',(#3624,#3631,#3632,#3633));
#3635=FACE_BOUND('',#3634,.T.);
#3636=ADVANCED_FACE('',(#3635),#3616,.F.);
#3637=CARTESIAN_POINT('',(-31.921716651,-18.388758172,8.52556313));
#3638=DIRECTION('',(0.707106781,0.707106748,-0.000215918));
#3639=DIRECTION('',(-0.,-0.000305354,-0.999999953));
#3640=AXIS2_PLACEMENT_3D('',#3637,#3638,#3639);
#3641=PLANE('',#3640);
#3642=ORIENTED_EDGE('',*,*,#307,.F.);
#3643=ORIENTED_EDGE('',*,*,#2941,.F.);
#3644=ORIENTED_EDGE('',*,*,#1168,.F.);
#3645=ORIENTED_EDGE('',*,*,#2866,.F.);
#3646=EDGE_LOOP('',(#3642,#3643,#3644,#3645));
#3647=FACE_BOUND('',#3646,.T.);
#3648=ADVANCED_FACE('',(#3647),#3641,.T.);
#3649=CARTESIAN_POINT('',(-20.195540041,-24.54858956,9.148627128));
#3650=DIRECTION('',(0.,0.999999953,-0.000305354));
#3651=DIRECTION('',(0.,0.000305354,0.999999953));
#3652=AXIS2_PLACEMENT_3D('',#3649,#3650,#3651);
#3653=CONICAL_SURFACE('',#3652,2.069283202,45.);
#3654=CARTESIAN_POINT('',(-20.195540041,-22.495680699,13.268934269));
#3655=DIRECTION('',(-0.,-0.707322666,-0.70689083));
#3656=VECTOR('',#3655,2.90147212);
#3657=LINE('',#3654,#3656);
#3658=EDGE_CURVE('',#2846,#2094,#3657,.T.);
#3659=ORIENTED_EDGE('',*,*,#3658,.F.);
#3660=ORIENTED_EDGE('',*,*,#2852,.F.);
#3661=ORIENTED_EDGE('',*,*,#325,.F.);
#3662=ORIENTED_EDGE('',*,*,#236,.F.);
#3663=ORIENTED_EDGE('',*,*,#2588,.F.);
#3664=ORIENTED_EDGE('',*,*,#195,.F.);
#3665=ORIENTED_EDGE('',*,*,#276,.F.);
#3666=ORIENTED_EDGE('',*,*,#2859,.F.);
#3667=ORIENTED_EDGE('',*,*,#3658,.T.);
#3668=ORIENTED_EDGE('',*,*,#2100,.F.);
#3669=ORIENTED_EDGE('',*,*,#2107,.F.);
#3670=EDGE_LOOP('',(#3659,#3660,#3661,#3662,#3663,#3664,#3665,#3666,#3667,#3668,#3669));
#3671=FACE_BOUND('',#3670,.T.);
#3672=ADVANCED_FACE('',(#3671),#3653,.F.);
#3673=CARTESIAN_POINT('',(2.07269159,-24.54858956,9.148627128));
#3674=DIRECTION('',(0.,0.999999953,-0.000305354));
#3675=DIRECTION('',(0.,0.000305354,0.999999953));
#3676=AXIS2_PLACEMENT_3D('',#3673,#3674,#3675);
#3677=CONICAL_SURFACE('',#3676,2.069283202,45.);
#3678=CARTESIAN_POINT('',(2.07269159,-22.495680699,13.268934269));
#3679=DIRECTION('',(-0.,-0.707322666,-0.70689083));
#3680=VECTOR('',#3679,2.90147212);
#3681=LINE('',#3678,#3680);
#3682=EDGE_CURVE('',#2877,#3618,#3681,.T.);
#3683=ORIENTED_EDGE('',*,*,#3682,.F.);
#3684=ORIENTED_EDGE('',*,*,#2883,.F.);
#3685=ORIENTED_EDGE('',*,*,#2027,.F.);
#3686=ORIENTED_EDGE('',*,*,#2494,.F.);
#3687=ORIENTED_EDGE('',*,*,#2602,.F.);
#3688=ORIENTED_EDGE('',*,*,#251,.F.);
#3689=ORIENTED_EDGE('',*,*,#340,.F.);
#3690=ORIENTED_EDGE('',*,*,#2890,.F.);
#3691=ORIENTED_EDGE('',*,*,#3682,.T.);
#3692=ORIENTED_EDGE('',*,*,#3630,.F.);
#3693=EDGE_LOOP('',(#3683,#3684,#3685,#3686,#3687,#3688,#3689,#3690,#3691,#3692));
#3694=FACE_BOUND('',#3693,.T.);
#3695=ADVANCED_FACE('',(#3694),#3677,.F.);
#3696=CARTESIAN_POINT('',(23.714397294,-24.448814097,8.527413595));
#3697=DIRECTION('',(0.,0.999999953,-0.000305354));
#3698=DIRECTION('',(0.,0.000305354,0.999999953));
#3699=AXIS2_PLACEMENT_3D('',#3696,#3697,#3698);
#3700=CONICAL_SURFACE('',#3699,2.06482421,45.);
#3701=CARTESIAN_POINT('',(23.714397294,-22.395906597,12.643261743));
#3702=DIRECTION('',(-0.,-0.707322666,-0.70689083));
#3703=VECTOR('',#3702,2.90147212);
#3704=LINE('',#3701,#3703);
#3705=EDGE_CURVE('',#122,#2223,#3704,.T.);
#3706=ORIENTED_EDGE('',*,*,#3705,.F.);
#3707=ORIENTED_EDGE('',*,*,#128,.F.);
#3708=ORIENTED_EDGE('',*,*,#2193,.F.);
#3709=ORIENTED_EDGE('',*,*,#162,.F.);
#3710=ORIENTED_EDGE('',*,*,#2152,.F.);
#3711=ORIENTED_EDGE('',*,*,#135,.F.);
#3712=ORIENTED_EDGE('',*,*,#3705,.T.);
#3713=ORIENTED_EDGE('',*,*,#2229,.F.);
#3714=ORIENTED_EDGE('',*,*,#2236,.F.);
#3715=EDGE_LOOP('',(#3706,#3707,#3708,#3709,#3710,#3711,#3712,#3713,#3714));
#3716=FACE_BOUND('',#3715,.T.);
#3717=ADVANCED_FACE('',(#3716),#3700,.F.);
#3718=CARTESIAN_POINT('',(19.464994436,-22.397163581,8.526787114));
#3719=DIRECTION('',(-0.707106781,-0.707106748,0.000215918));
#3720=DIRECTION('',(-0.,0.000305354,0.999999953));
#3721=AXIS2_PLACEMENT_3D('',#3718,#3719,#3720);
#3722=PLANE('',#3721);
#3723=ORIENTED_EDGE('',*,*,#2174,.F.);
#3724=ORIENTED_EDGE('',*,*,#1838,.F.);
#3725=ORIENTED_EDGE('',*,*,#1279,.F.);
#3726=ORIENTED_EDGE('',*,*,#103,.F.);
#3727=EDGE_LOOP('',(#3723,#3724,#3725,#3726));
#3728=FACE_BOUND('',#3727,.T.);
#3729=ADVANCED_FACE('',(#3728),#3722,.F.);
#3730=CLOSED_SHELL('',(#139,#172,#213,#255,#311,#344,#392,#465,#507,#555,#1058,#1097,#1138,#1305,#1365,#1396,#1422,#1486,#1526,#1577,#1609,#1715,#1771,#1793,#1825,#1928,
#1950,#1981,#2004,#2077,#2128,#2178,#2206,#2257,#2289,#2328,#2367,#2473,#2505,#2529,#2570,#2610,#2627,#2646,#2663,#2684,#2708,#2743,#2774,#2795,#2809,
#2821,#2838,#2894,#2906,#2930,#2956,#2973,#2999,#3036,#3080,#3097,#3114,#3143,#3172,#3189,#3216,#3258,#3272,#3298,#3333,#3346,#3365,#3387,#3411,#3435,
#3452,#3468,#3499,#3516,#3537,#3549,#3565,#3581,#3599,#3611,#3636,#3648,#3672,#3695,#3717,#3729));
#3731=MANIFOLD_SOLID_BREP('Solid.002',#3730);
#81=STYLED_ITEM('',(),#3731);
#62=SHAPE_REPRESENTATION('Case',(#15),#60);
#63=ADVANCED_BREP_SHAPE_REPRESENTATION('Case',(#3731),#60);
#3739=SHAPE_REPRESENTATION_RELATIONSHIP('','',#62,#63);
#3740=APPLICATION_CONTEXT('configuration controlled 3D design of mechanical parts and assemblies');
#3741=APPLICATION_PROTOCOL_DEFINITION('international standard','configuration_control_3d_design_ed2_mim',2004,#3740);
#3742=PRODUCT_CONTEXT('',#3740,'mechanical');
#3743=PRODUCT_DEFINITION_CONTEXT('part definition',#3740,'design');
#70=PRODUCT('0','0','',(#3742));
#3744=PRODUCT_RELATED_PRODUCT_CATEGORY('part','',(#70));
#3745=PRODUCT_DEFINITION_FORMATION_WITH_SPECIFIED_SOURCE('','',#70,.NOT_KNOWN.);
#71=PRODUCT_DEFINITION('design','',#3745,#3743);
#69=PRODUCT_DEFINITION_SHAPE('','',#71);
#3746=SHAPE_DEFINITION_REPRESENTATION(#69,#62);
#61=DRAUGHTING_MODEL('',(),#60);
#16=SHAPE_REPRESENTATION('root',(#15,#75),#10);
#18=GEOMETRICALLY_BOUNDED_WIREFRAME_SHAPE_REPRESENTATION('root',(#51,#52),#10);
#3754=SHAPE_REPRESENTATION_RELATIONSHIP('','',#16,#18);
#24=PRODUCT('root','root','',(#3742));
#3755=PRODUCT_RELATED_PRODUCT_CATEGORY('part','',(#24));
#3756=PRODUCT_DEFINITION_FORMATION_WITH_SPECIFIED_SOURCE('','',#24,.NOT_KNOWN.);
#25=PRODUCT_DEFINITION('design','',#3756,#3743);
#23=PRODUCT_DEFINITION_SHAPE('','',#25);
#3757=SHAPE_DEFINITION_REPRESENTATION(#23,#16);
#11=DRAUGHTING_MODEL('',(),#10);
#1=MECHANICAL_DESIGN_GEOMETRIC_PRESENTATION_REPRESENTATION('',(#81),#10);
ENDSEC;
END-ISO-10303-21;
