ISO-10303-21;
HEADER;

/* File generated by HOOPS Exchange Version 25.8.0 */

FILE_DESCRIPTION(('HOOPS Exchange Step'),'2;1');

FILE_NAME('/home/user/Development/ES8389-Hat/brackets/hat-trik-amp-bracket.stp',
'2026-07-26T16:48:34-07:00',
('user'),
('Unknown organisation'),
'HOOPS Exchange 2025.8',
'HOOPS Exchange',
'Unknown authorisation');

FILE_SCHEMA( ('AP203_CONFIGURATION_CONTROLLED_3D_DESIGN_OF_MECHANICAL_PARTS_AND_ASSEMBLIES_MIM_LF') );

ENDSEC;

DATA;
#3=(NAMED_UNIT(*)PLANE_ANGLE_UNIT()SI_UNIT($,.RADIAN.));
#4=PLANE_ANGLE_MEASURE_WITH_UNIT(PLANE_ANGLE_MEASURE(0.0174532925),#3);
#5=(CONVERSION_BASED_UNIT('DEGREE',#4)NAMED_UNIT(#6)PLANE_ANGLE_UNIT());
#6=DIMENSIONAL_EXPONENTS(0.,0.,0.,0.,0.,0.,0.);
#7=(NAMED_UNIT(*)SI_UNIT($,.STERADIAN.)SOLID_ANGLE_UNIT());
#8=(LENGTH_UNIT()NAMED_UNIT(*)SI_UNIT(.MILLI.,.METRE.));
#9=UNCERTAINTY_MEASURE_WITH_UNIT(LENGTH_MEASURE(1.000000E-03),#8,'DISTANCE_ACCURACY_VALUE','Maximum Tolerance applied to model');
#10=(GEOMETRIC_REPRESENTATION_CONTEXT(3)GLOBAL_UNCERTAINTY_ASSIGNED_CONTEXT((#9))GLOBAL_UNIT_ASSIGNED_CONTEXT((#8,#5,#7))REPRESENTATION_CONTEXT('','root'));
#12=CARTESIAN_POINT('',(0.,0.,0.));
#13=DIRECTION('',(0.,0.,1.));
#14=DIRECTION('',(1.,0.,0.));
#15=AXIS2_PLACEMENT_3D('TS3D_PRODUCT_CSYS',#12,#13,#14);
#26=CARTESIAN_POINT('',(39.248434487,-9.153678669,-20.210332029));
#27=DIRECTION('',(0.,-1.,0.));
#28=VECTOR('',#27,27.199054568);
#29=LINE('',#26,#28);
#30=TRIMMED_CURVE('Rectangle.015',#29,(PARAMETER_VALUE(0.)),(PARAMETER_VALUE(1.)),.T.,.PARAMETER.);
#31=CARTESIAN_POINT('',(39.248434487,-9.153678669,4.02975936));
#32=DIRECTION('',(-0.,0.,-1.));
#33=VECTOR('',#32,24.24009139);
#34=LINE('',#31,#33);
#35=TRIMMED_CURVE('Rectangle.015',#34,(PARAMETER_VALUE(0.)),(PARAMETER_VALUE(1.)),.T.,.PARAMETER.);
#36=CARTESIAN_POINT('',(39.248434487,-36.352733237,4.02975936));
#37=DIRECTION('',(0.,1.,0.));
#38=VECTOR('',#37,27.199054568);
#39=LINE('',#36,#38);
#40=TRIMMED_CURVE('Rectangle.015',#39,(PARAMETER_VALUE(0.)),(PARAMETER_VALUE(1.)),.T.,.PARAMETER.);
#41=CARTESIAN_POINT('',(39.248434487,-36.352733237,-20.210332029));
#42=DIRECTION('',(0.,0.,1.));
#43=VECTOR('',#42,24.24009139);
#44=LINE('',#41,#43);
#45=TRIMMED_CURVE('Rectangle.015',#44,(PARAMETER_VALUE(0.)),(PARAMETER_VALUE(1.)),.T.,.PARAMETER.);
#46=GEOMETRIC_CURVE_SET('',(#30,#35,#40,#45));
#47=CARTESIAN_POINT('',(39.248434487,-14.479132255,-14.228340674));
#48=DIRECTION('',(0.,-1.,0.));
#49=VECTOR('',#48,16.548147397);
#50=LINE('',#47,#49);
#51=TRIMMED_CURVE('Rectangle.014',#50,(PARAMETER_VALUE(0.)),(PARAMETER_VALUE(1.)),.T.,.PARAMETER.);
#52=CARTESIAN_POINT('',(39.248434487,-14.479132255,-1.952231994));
#53=DIRECTION('',(-0.,0.,-1.));
#54=VECTOR('',#53,12.27610868);
#55=LINE('',#52,#54);
#56=TRIMMED_CURVE('Rectangle.014',#55,(PARAMETER_VALUE(0.)),(PARAMETER_VALUE(1.)),.T.,.PARAMETER.);
#57=CARTESIAN_POINT('',(39.248434487,-31.027279651,-1.952231994));
#58=DIRECTION('',(0.,1.,0.));
#59=VECTOR('',#58,16.548147397);
#60=LINE('',#57,#59);
#61=TRIMMED_CURVE('Rectangle.014',#60,(PARAMETER_VALUE(0.)),(PARAMETER_VALUE(1.)),.T.,.PARAMETER.);
#62=CARTESIAN_POINT('',(39.248434487,-31.027279651,-14.228340674));
#63=DIRECTION('',(0.,0.,1.));
#64=VECTOR('',#63,12.27610868);
#65=LINE('',#62,#64);
#66=TRIMMED_CURVE('Rectangle.014',#65,(PARAMETER_VALUE(0.)),(PARAMETER_VALUE(1.)),.T.,.PARAMETER.);
#67=GEOMETRIC_CURVE_SET('',(#51,#56,#61,#66));
#68=CARTESIAN_POINT('',(13.579834724,-8.88682456,-0.268151167));
#69=DIRECTION('',(0.,-1.,0.));
#70=VECTOR('',#69,1.497686827);
#71=LINE('',#68,#70);
#72=TRIMMED_CURVE('Rectangle.013',#71,(PARAMETER_VALUE(0.)),(PARAMETER_VALUE(1.)),.T.,.PARAMETER.);
#73=CARTESIAN_POINT('',(18.874005254,-8.88682456,-0.268151167));
#74=DIRECTION('',(-1.,0.,0.));
#75=VECTOR('',#74,5.294170529);
#76=LINE('',#73,#75);
#77=TRIMMED_CURVE('Rectangle.013',#76,(PARAMETER_VALUE(0.)),(PARAMETER_VALUE(1.)),.T.,.PARAMETER.);
#78=CARTESIAN_POINT('',(18.874005254,-10.384511387,-0.268151167));
#79=DIRECTION('',(0.,1.,0.));
#80=VECTOR('',#79,1.497686827);
#81=LINE('',#78,#80);
#82=TRIMMED_CURVE('Rectangle.013',#81,(PARAMETER_VALUE(0.)),(PARAMETER_VALUE(1.)),.T.,.PARAMETER.);
#83=CARTESIAN_POINT('',(13.579834724,-10.384511387,-0.268151167));
#84=DIRECTION('',(1.,0.,-0.));
#85=VECTOR('',#84,5.294170529);
#86=LINE('',#83,#85);
#87=TRIMMED_CURVE('Rectangle.013',#86,(PARAMETER_VALUE(0.)),(PARAMETER_VALUE(1.)),.T.,.PARAMETER.);
#88=GEOMETRIC_CURVE_SET('',(#72,#77,#82,#87));
#89=(NAMED_UNIT(*)PLANE_ANGLE_UNIT()SI_UNIT($,.RADIAN.));
#90=PLANE_ANGLE_MEASURE_WITH_UNIT(PLANE_ANGLE_MEASURE(0.0174532925),#89);
#91=(CONVERSION_BASED_UNIT('DEGREE',#90)NAMED_UNIT(#92)PLANE_ANGLE_UNIT());
#92=DIMENSIONAL_EXPONENTS(0.,0.,0.,0.,0.,0.,0.);
#93=(NAMED_UNIT(*)SI_UNIT($,.STERADIAN.)SOLID_ANGLE_UNIT());
#94=(LENGTH_UNIT()NAMED_UNIT(*)SI_UNIT(.MILLI.,.METRE.));
#95=UNCERTAINTY_MEASURE_WITH_UNIT(LENGTH_MEASURE(1.000000E-03),#94,'DISTANCE_ACCURACY_VALUE','Maximum Tolerance applied to model');
#96=(GEOMETRIC_REPRESENTATION_CONTEXT(3)GLOBAL_UNCERTAINTY_ASSIGNED_CONTEXT((#95))GLOBAL_UNIT_ASSIGNED_CONTEXT((#94,#91,#93))REPRESENTATION_CONTEXT('','0'));
#108=CARTESIAN_POINT('',(0.,0.,0.));
#109=DIRECTION('',(0.,0.,1.));
#110=DIRECTION('',(1.,0.,-0.));
#111=AXIS2_PLACEMENT_3D('',#108,#109,#110);
#112=ITEM_DEFINED_TRANSFORMATION('','',#111,#15);
#113=(REPRESENTATION_RELATIONSHIP('','',#98,#16)REPRESENTATION_RELATIONSHIP_WITH_TRANSFORMATION(#112)SHAPE_REPRESENTATION_RELATIONSHIP());
#114=NEXT_ASSEMBLY_USAGE_OCCURRENCE('hat-trik-guitar-bracket.stp_1','hat-trik-guitar-bracket.stp','hat-trik-guitar-bracket.stp',#25,#107,$);
#115=PRODUCT_DEFINITION_SHAPE('','',#114);
#116=CONTEXT_DEPENDENT_SHAPE_REPRESENTATION(#113,#115);
#117=(NAMED_UNIT(*)PLANE_ANGLE_UNIT()SI_UNIT($,.RADIAN.));
#118=PLANE_ANGLE_MEASURE_WITH_UNIT(PLANE_ANGLE_MEASURE(0.0174532925),#117);
#119=(CONVERSION_BASED_UNIT('DEGREE',#118)NAMED_UNIT(#120)PLANE_ANGLE_UNIT());
#120=DIMENSIONAL_EXPONENTS(0.,0.,0.,0.,0.,0.,0.);
#121=(NAMED_UNIT(*)SI_UNIT($,.STERADIAN.)SOLID_ANGLE_UNIT());
#122=(LENGTH_UNIT()NAMED_UNIT(*)SI_UNIT(.MILLI.,.METRE.));
#123=UNCERTAINTY_MEASURE_WITH_UNIT(LENGTH_MEASURE(1.000000E-05),#122,'DISTANCE_ACCURACY_VALUE','Maximum Tolerance applied to model');
#124=(GEOMETRIC_REPRESENTATION_CONTEXT(3)GLOBAL_UNCERTAINTY_ASSIGNED_CONTEXT((#123))GLOBAL_UNIT_ASSIGNED_CONTEXT((#122,#119,#121))REPRESENTATION_CONTEXT('','0'));
#136=CARTESIAN_POINT('',(0.,0.,0.));
#137=DIRECTION('',(0.,0.,1.));
#138=DIRECTION('',(1.,0.,-0.));
#139=AXIS2_PLACEMENT_3D('',#136,#137,#138);
#140=ITEM_DEFINED_TRANSFORMATION('','',#139,#15);
#141=(REPRESENTATION_RELATIONSHIP('','',#126,#98)REPRESENTATION_RELATIONSHIP_WITH_TRANSFORMATION(#140)SHAPE_REPRESENTATION_RELATIONSHIP());
#142=NEXT_ASSEMBLY_USAGE_OCCURRENCE('Case_2','Case','Case',#107,#135,$);
#143=PRODUCT_DEFINITION_SHAPE('','',#142);
#144=CONTEXT_DEPENDENT_SHAPE_REPRESENTATION(#141,#143);
#146=CARTESIAN_POINT('',(31.139523251,-22.727689958,-1.626025637));
#147=DIRECTION('',(0.707106781,0.,0.707106781));
#148=DIRECTION('',(0.,1.,0.));
#149=AXIS2_PLACEMENT_3D('',#146,#147,#148);
#150=PLANE('',#149);
#151=CARTESIAN_POINT('',(29.387145182,-10.971799923,0.126352432));
#152=VERTEX_POINT('',#151);
#153=CARTESIAN_POINT('',(25.5673351,-10.971799923,3.946162513));
#154=VERTEX_POINT('',#153);
#155=CARTESIAN_POINT('',(29.387145182,-10.971799923,0.126352432));
#156=DIRECTION('',(-0.707106781,0.,0.707106781));
#157=VECTOR('',#156,5.402027222);
#158=LINE('',#155,#157);
#159=EDGE_CURVE('',#152,#154,#158,.T.);
#160=ORIENTED_EDGE('',*,*,#159,.F.);
#161=CARTESIAN_POINT('',(29.387145182,-12.002893728,0.126352432));
#162=VERTEX_POINT('',#161);
#163=CARTESIAN_POINT('',(29.387145182,-12.002893728,0.126352432));
#164=DIRECTION('',(0.,1.,-0.));
#165=VECTOR('',#164,1.031093805);
#166=LINE('',#163,#165);
#167=EDGE_CURVE('',#162,#152,#166,.T.);
#168=ORIENTED_EDGE('',*,*,#167,.F.);
#169=CARTESIAN_POINT('',(38.535402669,-12.002893728,-9.021905056));
#170=VERTEX_POINT('',#169);
#171=CARTESIAN_POINT('',(38.535402669,-12.002893728,-9.021905056));
#172=DIRECTION('',(-0.707106781,0.,0.707106781));
#173=VECTOR('',#172,12.937589811);
#174=LINE('',#171,#173);
#175=EDGE_CURVE('',#170,#162,#174,.T.);
#176=ORIENTED_EDGE('',*,*,#175,.F.);
#177=CARTESIAN_POINT('',(38.535402669,-10.384511387,-9.021905056));
#178=VERTEX_POINT('',#177);
#179=CARTESIAN_POINT('',(38.535402669,-10.384511387,-9.021905056));
#180=DIRECTION('',(0.,-1.,0.));
#181=VECTOR('',#180,1.618382341);
#182=LINE('',#179,#181);
#183=EDGE_CURVE('',#178,#170,#182,.T.);
#184=ORIENTED_EDGE('',*,*,#183,.F.);
#185=CARTESIAN_POINT('',(35.28069519,-10.384511387,-5.767197577));
#186=VERTEX_POINT('',#185);
#187=CARTESIAN_POINT('',(35.28069519,-10.384511387,-5.767197577));
#188=DIRECTION('',(0.707106781,0.,-0.707106781));
#189=VECTOR('',#188,4.602851458);
#190=LINE('',#187,#189);
#191=EDGE_CURVE('',#186,#178,#190,.T.);
#192=ORIENTED_EDGE('',*,*,#191,.F.);
#193=CARTESIAN_POINT('',(35.28069519,-9.860428745,-5.767197577));
#194=VERTEX_POINT('',#193);
#195=CARTESIAN_POINT('',(35.28069519,-9.860428745,-5.767197577));
#196=DIRECTION('',(0.,-1.,0.));
#197=VECTOR('',#196,0.524082641);
#198=LINE('',#195,#197);
#199=EDGE_CURVE('',#194,#186,#198,.T.);
#200=ORIENTED_EDGE('',*,*,#199,.F.);
#201=CARTESIAN_POINT('',(34.307091005,-8.88682456,-4.793593391));
#202=VERTEX_POINT('',#201);
#203=CARTESIAN_POINT('',(35.28069519,-9.860428745,-5.767197577));
#204=DIRECTION('',(-0.577350269,0.577350269,0.577350269));
#205=VECTOR('',#204,1.686331916);
#206=LINE('',#203,#205);
#207=EDGE_CURVE('',#194,#202,#206,.T.);
#208=ORIENTED_EDGE('',*,*,#207,.T.);
#209=CARTESIAN_POINT('',(23.875642237,-8.88682456,5.637855376));
#210=VERTEX_POINT('',#209);
#211=CARTESIAN_POINT('',(23.875642237,-8.88682456,5.637855376));
#212=DIRECTION('',(0.707106781,0.,-0.707106781));
#213=VECTOR('',#212,14.752296322);
#214=LINE('',#211,#213);
#215=EDGE_CURVE('',#210,#202,#214,.T.);
#216=ORIENTED_EDGE('',*,*,#215,.F.);
#217=CARTESIAN_POINT('',(23.875642237,-12.002893728,5.637855376));
#218=VERTEX_POINT('',#217);
#219=CARTESIAN_POINT('',(23.875642237,-8.88682456,5.637855376));
#220=DIRECTION('',(-0.,-1.,-0.));
#221=VECTOR('',#220,3.116069168);
#222=LINE('',#219,#221);
#223=EDGE_CURVE('',#210,#218,#222,.T.);
#224=ORIENTED_EDGE('',*,*,#223,.T.);
#225=CARTESIAN_POINT('',(25.5673351,-12.002893728,3.946162513));
#226=VERTEX_POINT('',#225);
#227=CARTESIAN_POINT('',(25.5673351,-12.002893728,3.946162513));
#228=DIRECTION('',(-0.707106781,0.,0.707106781));
#229=VECTOR('',#228,2.392414991);
#230=LINE('',#227,#229);
#231=EDGE_CURVE('',#226,#218,#230,.T.);
#232=ORIENTED_EDGE('',*,*,#231,.F.);
#233=CARTESIAN_POINT('',(25.5673351,-12.002893728,3.946162513));
#234=DIRECTION('',(0.,1.,0.));
#235=VECTOR('',#234,1.031093805);
#236=LINE('',#233,#235);
#237=EDGE_CURVE('',#226,#154,#236,.T.);
#238=ORIENTED_EDGE('',*,*,#237,.T.);
#239=EDGE_LOOP('',(#160,#168,#176,#184,#192,#200,#208,#216,#224,#232,#238));
#240=FACE_BOUND('',#239,.T.);
#241=ADVANCED_FACE('',(#240),#150,.T.);
#242=CARTESIAN_POINT('',(18.377847847,-12.002893728,-18.95565772));
#243=DIRECTION('',(0.,-1.,0.));
#244=DIRECTION('',(0.,-0.,-1.));
#245=AXIS2_PLACEMENT_3D('',#242,#243,#244);
#246=PLANE('',#245);
#247=CARTESIAN_POINT('',(24.294139253,-12.002893728,3.946162513));
#248=VERTEX_POINT('',#247);
#249=CARTESIAN_POINT('',(25.5673351,-12.002893728,3.946162513));
#250=DIRECTION('',(-1.,-0.,0.));
#251=VECTOR('',#250,1.273195847);
#252=LINE('',#249,#251);
#253=EDGE_CURVE('',#226,#248,#252,.T.);
#254=ORIENTED_EDGE('',*,*,#253,.F.);
#255=ORIENTED_EDGE('',*,*,#231,.T.);
#256=CARTESIAN_POINT('',(23.875642237,-12.002893728,5.637855376));
#257=DIRECTION('',(0.240144425,-0.,-0.970737171));
#258=VECTOR('',#257,1.74268887);
#259=LINE('',#256,#258);
#260=EDGE_CURVE('',#218,#248,#259,.T.);
#261=ORIENTED_EDGE('',*,*,#260,.T.);
#262=EDGE_LOOP('',(#254,#255,#261));
#263=FACE_BOUND('',#262,.T.);
#264=ADVANCED_FACE('',(#263),#246,.T.);
#265=CARTESIAN_POINT('',(18.377177713,-33.405125265,-18.95101727));
#266=DIRECTION('',(-0.001154817,-0.999999333,0.));
#267=DIRECTION('',(0.999999333,-0.001154817,0.));
#268=AXIS2_PLACEMENT_3D('',#265,#266,#267);
#269=PLANE('',#268);
#270=CARTESIAN_POINT('',(23.875642237,-33.411474988,5.637855376));
#271=VERTEX_POINT('',#270);
#272=CARTESIAN_POINT('',(25.5673351,-33.413428584,3.946162513));
#273=VERTEX_POINT('',#272);
#274=CARTESIAN_POINT('',(23.875642237,-33.411474988,5.637855376));
#275=DIRECTION('',(0.707106545,-0.000816579,-0.707106545));
#276=VECTOR('',#275,2.392415789);
#277=LINE('',#274,#276);
#278=EDGE_CURVE('',#271,#273,#277,.T.);
#279=ORIENTED_EDGE('',*,*,#278,.T.);
#280=CARTESIAN_POINT('',(24.294139253,-33.411958276,3.946162513));
#281=VERTEX_POINT('',#280);
#282=CARTESIAN_POINT('',(25.5673351,-33.413428584,3.946162513));
#283=DIRECTION('',(-0.999999333,0.001154817,-0.));
#284=VECTOR('',#283,1.273196696);
#285=LINE('',#282,#284);
#286=EDGE_CURVE('',#273,#281,#285,.T.);
#287=ORIENTED_EDGE('',*,*,#286,.T.);
#288=CARTESIAN_POINT('',(23.875642237,-33.411474988,5.637855376));
#289=DIRECTION('',(0.240144416,-0.000277323,-0.970737134));
#290=VECTOR('',#289,1.742688937);
#291=LINE('',#288,#290);
#292=EDGE_CURVE('',#271,#281,#291,.T.);
#293=ORIENTED_EDGE('',*,*,#292,.F.);
#294=EDGE_LOOP('',(#279,#287,#293));
#295=FACE_BOUND('',#294,.T.);
#296=ADVANCED_FACE('',(#295),#269,.F.);
#297=CARTESIAN_POINT('',(20.445711111,-60.275326961,11.613390032));
#298=CARTESIAN_POINT('',(22.28484093,-60.275326961,12.068360528));
#299=CARTESIAN_POINT('',(20.445711111,-56.283012828,11.613390032));
#300=CARTESIAN_POINT('',(22.28484093,-56.283012828,12.068360528));
#301=CARTESIAN_POINT('',(19.527101426,-56.283012828,15.326691176));
#302=CARTESIAN_POINT('',(21.366231244,-56.283012828,15.781661672));
#303=CARTESIAN_POINT('',(19.527101426,-60.275326961,15.326691176));
#304=CARTESIAN_POINT('',(21.366231244,-60.275326961,15.781661672));
#305=CARTESIAN_POINT('',(19.527101426,-64.267641093,15.326691176));
#306=CARTESIAN_POINT('',(21.366231244,-64.267641093,15.781661672));
#307=CARTESIAN_POINT('',(20.445711111,-64.267641093,11.613390032));
#308=CARTESIAN_POINT('',(22.28484093,-64.267641093,12.068360528));
#309=CARTESIAN_POINT('',(20.445711111,-60.275326961,11.613390032));
#310=CARTESIAN_POINT('',(22.28484093,-60.275326961,12.068360528));
#311=(BOUNDED_SURFACE()
B_SPLINE_SURFACE(3,1,((#297,#298),(#299,#300),(#301,#302),(#303,#304),(#305,#306),(#307,#308),(#309,#310)),.UNSPECIFIED.,.T.,.F.,.U.)
B_SPLINE_SURFACE_WITH_KNOTS((4,3,4),(2,2),(0.,0.5,1.),(0.92780365,1.),.UNSPECIFIED.)
GEOMETRIC_REPRESENTATION_ITEM()
RATIONAL_B_SPLINE_SURFACE(((1.,1.),(0.333333333,0.333333333),(0.333333333,0.333333333),(1.,1.),(0.333333333,0.333333333),(0.333333333,0.333333333),(1.,1.)))
REPRESENTATION_ITEM('')
SURFACE()
);
#312=CARTESIAN_POINT('',(22.284843785,-60.275326963,12.068348986));
#313=VERTEX_POINT('',#312);
#314=CARTESIAN_POINT('',(20.538205717,-60.275326961,11.636271678));
#315=VERTEX_POINT('',#314);
#316=CARTESIAN_POINT('',(22.28484093,-60.275326961,12.068360528));
#317=CARTESIAN_POINT('',(20.538205717,-60.275326961,11.636271678));
#318=B_SPLINE_CURVE_WITH_KNOTS('',1,(#316,#317),.UNSPECIFIED.,.F.,.F.,(2,2),(0.,0.068565408),.UNSPECIFIED.);
#319=EDGE_CURVE('',#313,#315,#318,.T.);
#320=ORIENTED_EDGE('',*,*,#319,.F.);
#321=CARTESIAN_POINT('',(21.366725853,-60.182713695,15.779662312));
#322=VERTEX_POINT('',#321);
#323=CARTESIAN_POINT('',(21.366725853,-60.182713695,15.779662312));
#324=CARTESIAN_POINT('',(21.363970045,-60.440581031,15.790802133));
#325=CARTESIAN_POINT('',(21.372406118,-60.691345851,15.756700946));
#326=CARTESIAN_POINT('',(21.392037333,-60.935006087,15.677345575));
#327=CARTESIAN_POINT('',(21.411668548,-61.178666322,15.597990203));
#328=CARTESIAN_POINT('',(21.441785305,-61.403198466,15.476249063));
#329=CARTESIAN_POINT('',(21.481884836,-61.599726886,15.314154502));
#330=CARTESIAN_POINT('',(21.501934602,-61.697991096,15.233107221));
#331=CARTESIAN_POINT('',(21.523949922,-61.786541486,15.144114568));
#332=CARTESIAN_POINT('',(21.547901112,-61.865524756,15.047296537));
#333=CARTESIAN_POINT('',(21.571852302,-61.944508025,14.950478505));
#334=CARTESIAN_POINT('',(21.598070957,-62.014567572,14.844494685));
#335=CARTESIAN_POINT('',(21.625543129,-62.072317167,14.733443771));
#336=CARTESIAN_POINT('',(21.6530153,-62.130066762,14.622392857));
#337=CARTESIAN_POINT('',(21.681558128,-62.175528849,14.507014023));
#338=CARTESIAN_POINT('',(21.711178653,-62.208622618,14.387278806));
#339=CARTESIAN_POINT('',(21.740799178,-62.241716387,14.267543588));
#340=CARTESIAN_POINT('',(21.771709209,-62.262190385,14.142595794));
#341=CARTESIAN_POINT('',(21.802289168,-62.268925606,14.018982254));
#342=CARTESIAN_POINT('',(21.832869126,-62.275660828,13.895368714));
#343=CARTESIAN_POINT('',(21.863451503,-62.269207706,13.771745401));
#344=CARTESIAN_POINT('',(21.894036371,-62.249159475,13.648112014));
#345=CARTESIAN_POINT('',(21.924621239,-62.229111244,13.524478627));
#346=CARTESIAN_POINT('',(21.954395326,-62.195881508,13.404122666));
#347=CARTESIAN_POINT('',(21.983003559,-62.150505509,13.288479445));
#348=CARTESIAN_POINT('',(22.011611792,-62.10512951,13.172836224));
#349=CARTESIAN_POINT('',(22.039476108,-62.046647786,13.060200141));
#350=CARTESIAN_POINT('',(22.065395442,-61.977668138,12.95542627));
#351=CARTESIAN_POINT('',(22.091314776,-61.908688491,12.850652398));
#352=CARTESIAN_POINT('',(22.115318512,-61.829582911,12.75362196));
#353=CARTESIAN_POINT('',(22.137451835,-61.740590252,12.664152302));
#354=CARTESIAN_POINT('',(22.159585158,-61.651597593,12.574682644));
#355=CARTESIAN_POINT('',(22.179754106,-61.552619312,12.49315359));
#356=CARTESIAN_POINT('',(22.197237305,-61.447945673,12.422481159));
#357=CARTESIAN_POINT('',(22.214720503,-61.343272034,12.351808727));
#358=CARTESIAN_POINT('',(22.229771822,-61.231947084,12.290966697));
#359=CARTESIAN_POINT('',(22.242342589,-61.113935584,12.240151811));
#360=CARTESIAN_POINT('',(22.254913357,-60.995924083,12.189336925));
#361=CARTESIAN_POINT('',(22.264621588,-60.874815853,12.150093286));
#362=CARTESIAN_POINT('',(22.271622223,-60.750778509,12.121794583));
#363=CARTESIAN_POINT('',(22.278622857,-60.626741165,12.09349588));
#364=CARTESIAN_POINT('',(22.28291369,-60.498521686,12.076151021));
#365=CARTESIAN_POINT('',(22.284319467,-60.370419766,12.070468441));
#366=CARTESIAN_POINT('',(22.285725244,-60.242317847,12.064785861));
#367=CARTESIAN_POINT('',(22.284301164,-60.115111207,12.070542426));
#368=CARTESIAN_POINT('',(22.280084258,-59.988788132,12.087588451));
#369=CARTESIAN_POINT('',(22.275867351,-59.862465056,12.104634477));
#370=CARTESIAN_POINT('',(22.268734231,-59.735848705,12.133468727));
#371=CARTESIAN_POINT('',(22.258964092,-59.614770344,12.172962617));
#372=CARTESIAN_POINT('',(22.249193952,-59.493691982,12.212456508));
#373=CARTESIAN_POINT('',(22.236821931,-59.377383516,12.262467998));
#374=CARTESIAN_POINT('',(22.221792899,-59.265946011,12.323219939));
#375=CARTESIAN_POINT('',(22.206763867,-59.154508507,12.38397188));
#376=CARTESIAN_POINT('',(22.188937309,-59.047679846,12.456032278));
#377=CARTESIAN_POINT('',(22.169123772,-58.950615563,12.536124651));
#378=CARTESIAN_POINT('',(22.149310235,-58.853551281,12.616217025));
#379=CARTESIAN_POINT('',(22.12737065,-58.764944302,12.704903536));
#380=CARTESIAN_POINT('',(22.10319832,-58.685219058,12.802615482));
#381=CARTESIAN_POINT('',(22.07902599,-58.605493815,12.900327429));
#382=CARTESIAN_POINT('',(22.052869675,-58.535833261,13.006059246));
#383=CARTESIAN_POINT('',(22.025595383,-58.478476232,13.116310273));
#384=CARTESIAN_POINT('',(21.998321091,-58.421119203,13.2265613));
#385=CARTESIAN_POINT('',(21.969531844,-58.375065066,13.342936237));
#386=CARTESIAN_POINT('',(21.939635789,-58.341743696,13.463785227));
#387=CARTESIAN_POINT('',(21.909739735,-58.308422325,13.584634218));
#388=CARTESIAN_POINT('',(21.879498384,-58.288533216,13.706879002));
#389=CARTESIAN_POINT('',(21.848919906,-58.281758556,13.830486556));
#390=CARTESIAN_POINT('',(21.818341429,-58.274983895,13.954094109));
#391=CARTESIAN_POINT('',(21.787084635,-58.28171785,14.080443624));
#392=CARTESIAN_POINT('',(21.756765925,-58.301671707,14.203001117));
#393=CARTESIAN_POINT('',(21.726447215,-58.321625564,14.325558611));
#394=CARTESIAN_POINT('',(21.696867631,-58.354456979,14.445128332));
#395=CARTESIAN_POINT('',(21.668029708,-58.400210132,14.56170003));
#396=CARTESIAN_POINT('',(21.610353863,-58.491716439,14.794843426));
#397=CARTESIAN_POINT('',(21.557710731,-58.632509219,15.007643056));
#398=CARTESIAN_POINT('',(21.513358422,-58.811117597,15.186928647));
#399=CARTESIAN_POINT('',(21.491182268,-58.900421787,15.276571443));
#400=CARTESIAN_POINT('',(21.471378234,-58.997688327,15.356625399));
#401=CARTESIAN_POINT('',(21.453852544,-59.102602437,15.427469598));
#402=CARTESIAN_POINT('',(21.436326853,-59.207516547,15.498313797));
#403=CARTESIAN_POINT('',(21.421038949,-59.320995092,15.560112178));
#404=CARTESIAN_POINT('',(21.408621522,-59.43773355,15.610307212));
#405=CARTESIAN_POINT('',(21.396204096,-59.554472009,15.660502245));
#406=CARTESIAN_POINT('',(21.38646983,-59.675343514,15.699851121));
#407=CARTESIAN_POINT('',(21.37942293,-59.800354541,15.728336847));
#408=CARTESIAN_POINT('',(21.372376029,-59.925365568,15.756822573));
#409=CARTESIAN_POINT('',(21.36810432,-60.053727435,15.77409013));
#410=CARTESIAN_POINT('',(21.366725853,-60.182713695,15.779662312));
#411=B_SPLINE_CURVE_WITH_KNOTS('',3,(#323,#324,#325,#326,#327,#328,#329,#330,#331,#332,#333,#334,#335,#336,#337,#338,#339,#340,#341,#342,#343,#344,#345,#346,#347,#348,
#349,#350,#351,#352,#353,#354,#355,#356,#357,#358,#359,#360,#361,#362,#363,#364,#365,#366,#367,#368,#369,#370,#371,#372,#373,
#374,#375,#376,#377,#378,#379,#380,#381,#382,#383,#384,#385,#386,#387,#388,#389,#390,#391,#392,#393,#394,#395,#396,#397,#398,
#399,#400,#401,#402,#403,#404,#405,#406,#407,#408,#409,#410),.UNSPECIFIED.,.T.,.F.,(4,3,3,3,3,3,3,3,3,3,3,3,3,3,3,3,3,3,3,3,3,3,3,3,3,3,
3,3,3,4),(0.,0.000759585,0.00151917,0.001898963,0.002278756,0.002658548,0.003038341,0.003418133,0.003797926,0.004177719,0.004557511,0.004937304,0.005317096,0.005696889,0.006076681,0.006456474,0.006836267,0.007216059,0.007595852,0.007975644,0.008355437,0.00873523,0.009115022,0.009494815,0.009874607,0.010634193,
0.011013985,0.011393778,0.01177357,0.012153363),.UNSPECIFIED.);
#412=EDGE_CURVE('',#313,#322,#411,.T.);
#413=ORIENTED_EDGE('',*,*,#412,.T.);
#414=CARTESIAN_POINT('',(21.366725853,-60.182713695,15.779662312));
#415=CARTESIAN_POINT('',(21.363970045,-60.440581031,15.790802133));
#416=CARTESIAN_POINT('',(21.372406118,-60.691345851,15.756700946));
#417=CARTESIAN_POINT('',(21.392037333,-60.935006087,15.677345575));
#418=CARTESIAN_POINT('',(21.411668548,-61.178666322,15.597990203));
#419=CARTESIAN_POINT('',(21.441785305,-61.403198466,15.476249063));
#420=CARTESIAN_POINT('',(21.481884836,-61.599726886,15.314154502));
#421=CARTESIAN_POINT('',(21.501934602,-61.697991096,15.233107221));
#422=CARTESIAN_POINT('',(21.523949922,-61.786541486,15.144114568));
#423=CARTESIAN_POINT('',(21.547901112,-61.865524756,15.047296537));
#424=CARTESIAN_POINT('',(21.571852302,-61.944508025,14.950478505));
#425=CARTESIAN_POINT('',(21.598070957,-62.014567572,14.844494685));
#426=CARTESIAN_POINT('',(21.625543129,-62.072317167,14.733443771));
#427=CARTESIAN_POINT('',(21.6530153,-62.130066762,14.622392857));
#428=CARTESIAN_POINT('',(21.681558128,-62.175528849,14.507014023));
#429=CARTESIAN_POINT('',(21.711178653,-62.208622618,14.387278806));
#430=CARTESIAN_POINT('',(21.740799178,-62.241716387,14.267543588));
#431=CARTESIAN_POINT('',(21.771709209,-62.262190385,14.142595794));
#432=CARTESIAN_POINT('',(21.802289168,-62.268925606,14.018982254));
#433=CARTESIAN_POINT('',(21.832869126,-62.275660828,13.895368714));
#434=CARTESIAN_POINT('',(21.863451503,-62.269207706,13.771745401));
#435=CARTESIAN_POINT('',(21.894036371,-62.249159475,13.648112014));
#436=CARTESIAN_POINT('',(21.924621239,-62.229111244,13.524478627));
#437=CARTESIAN_POINT('',(21.954395326,-62.195881508,13.404122666));
#438=CARTESIAN_POINT('',(21.983003559,-62.150505509,13.288479445));
#439=CARTESIAN_POINT('',(22.011611792,-62.10512951,13.172836224));
#440=CARTESIAN_POINT('',(22.039476108,-62.046647786,13.060200141));
#441=CARTESIAN_POINT('',(22.065395442,-61.977668138,12.95542627));
#442=CARTESIAN_POINT('',(22.091314776,-61.908688491,12.850652398));
#443=CARTESIAN_POINT('',(22.115318512,-61.829582911,12.75362196));
#444=CARTESIAN_POINT('',(22.137451835,-61.740590252,12.664152302));
#445=CARTESIAN_POINT('',(22.159585158,-61.651597593,12.574682644));
#446=CARTESIAN_POINT('',(22.179754106,-61.552619312,12.49315359));
#447=CARTESIAN_POINT('',(22.197237305,-61.447945673,12.422481159));
#448=CARTESIAN_POINT('',(22.214720503,-61.343272034,12.351808727));
#449=CARTESIAN_POINT('',(22.229771822,-61.231947084,12.290966697));
#450=CARTESIAN_POINT('',(22.242342589,-61.113935584,12.240151811));
#451=CARTESIAN_POINT('',(22.254913357,-60.995924083,12.189336925));
#452=CARTESIAN_POINT('',(22.264621588,-60.874815853,12.150093286));
#453=CARTESIAN_POINT('',(22.271622223,-60.750778509,12.121794583));
#454=CARTESIAN_POINT('',(22.278622857,-60.626741165,12.09349588));
#455=CARTESIAN_POINT('',(22.28291369,-60.498521686,12.076151021));
#456=CARTESIAN_POINT('',(22.284319467,-60.370419766,12.070468441));
#457=CARTESIAN_POINT('',(22.285725244,-60.242317847,12.064785861));
#458=CARTESIAN_POINT('',(22.284301164,-60.115111207,12.070542426));
#459=CARTESIAN_POINT('',(22.280084258,-59.988788132,12.087588451));
#460=CARTESIAN_POINT('',(22.275867351,-59.862465056,12.104634477));
#461=CARTESIAN_POINT('',(22.268734231,-59.735848705,12.133468727));
#462=CARTESIAN_POINT('',(22.258964092,-59.614770344,12.172962617));
#463=CARTESIAN_POINT('',(22.249193952,-59.493691982,12.212456508));
#464=CARTESIAN_POINT('',(22.236821931,-59.377383516,12.262467998));
#465=CARTESIAN_POINT('',(22.221792899,-59.265946011,12.323219939));
#466=CARTESIAN_POINT('',(22.206763867,-59.154508507,12.38397188));
#467=CARTESIAN_POINT('',(22.188937309,-59.047679846,12.456032278));
#468=CARTESIAN_POINT('',(22.169123772,-58.950615563,12.536124651));
#469=CARTESIAN_POINT('',(22.149310235,-58.853551281,12.616217025));
#470=CARTESIAN_POINT('',(22.12737065,-58.764944302,12.704903536));
#471=CARTESIAN_POINT('',(22.10319832,-58.685219058,12.802615482));
#472=CARTESIAN_POINT('',(22.07902599,-58.605493815,12.900327429));
#473=CARTESIAN_POINT('',(22.052869675,-58.535833261,13.006059246));
#474=CARTESIAN_POINT('',(22.025595383,-58.478476232,13.116310273));
#475=CARTESIAN_POINT('',(21.998321091,-58.421119203,13.2265613));
#476=CARTESIAN_POINT('',(21.969531844,-58.375065066,13.342936237));
#477=CARTESIAN_POINT('',(21.939635789,-58.341743696,13.463785227));
#478=CARTESIAN_POINT('',(21.909739735,-58.308422325,13.584634218));
#479=CARTESIAN_POINT('',(21.879498384,-58.288533216,13.706879002));
#480=CARTESIAN_POINT('',(21.848919906,-58.281758556,13.830486556));
#481=CARTESIAN_POINT('',(21.818341429,-58.274983895,13.954094109));
#482=CARTESIAN_POINT('',(21.787084635,-58.28171785,14.080443624));
#483=CARTESIAN_POINT('',(21.756765925,-58.301671707,14.203001117));
#484=CARTESIAN_POINT('',(21.726447215,-58.321625564,14.325558611));
#485=CARTESIAN_POINT('',(21.696867631,-58.354456979,14.445128332));
#486=CARTESIAN_POINT('',(21.668029708,-58.400210132,14.56170003));
#487=CARTESIAN_POINT('',(21.610353863,-58.491716439,14.794843426));
#488=CARTESIAN_POINT('',(21.557710731,-58.632509219,15.007643056));
#489=CARTESIAN_POINT('',(21.513358422,-58.811117597,15.186928647));
#490=CARTESIAN_POINT('',(21.491182268,-58.900421787,15.276571443));
#491=CARTESIAN_POINT('',(21.471378234,-58.997688327,15.356625399));
#492=CARTESIAN_POINT('',(21.453852544,-59.102602437,15.427469598));
#493=CARTESIAN_POINT('',(21.436326853,-59.207516547,15.498313797));
#494=CARTESIAN_POINT('',(21.421038949,-59.320995092,15.560112178));
#495=CARTESIAN_POINT('',(21.408621522,-59.43773355,15.610307212));
#496=CARTESIAN_POINT('',(21.396204096,-59.554472009,15.660502245));
#497=CARTESIAN_POINT('',(21.38646983,-59.675343514,15.699851121));
#498=CARTESIAN_POINT('',(21.37942293,-59.800354541,15.728336847));
#499=CARTESIAN_POINT('',(21.372376029,-59.925365568,15.756822573));
#500=CARTESIAN_POINT('',(21.36810432,-60.053727435,15.77409013));
#501=CARTESIAN_POINT('',(21.366725853,-60.182713695,15.779662312));
#502=B_SPLINE_CURVE_WITH_KNOTS('',3,(#414,#415,#416,#417,#418,#419,#420,#421,#422,#423,#424,#425,#426,#427,#428,#429,#430,#431,#432,#433,#434,#435,#436,#437,#438,#439,
#440,#441,#442,#443,#444,#445,#446,#447,#448,#449,#450,#451,#452,#453,#454,#455,#456,#457,#458,#459,#460,#461,#462,#463,#464,
#465,#466,#467,#468,#469,#470,#471,#472,#473,#474,#475,#476,#477,#478,#479,#480,#481,#482,#483,#484,#485,#486,#487,#488,#489,
#490,#491,#492,#493,#494,#495,#496,#497,#498,#499,#500,#501),.UNSPECIFIED.,.T.,.F.,(4,3,3,3,3,3,3,3,3,3,3,3,3,3,3,3,3,3,3,3,3,3,3,3,3,3,
3,3,3,4),(0.,0.000759585,0.00151917,0.001898963,0.002278756,0.002658548,0.003038341,0.003418133,0.003797926,0.004177719,0.004557511,0.004937304,0.005317096,0.005696889,0.006076681,0.006456474,0.006836267,0.007216059,0.007595852,0.007975644,0.008355437,0.00873523,0.009115022,0.009494815,0.009874607,0.010634193,
0.011013985,0.011393778,0.01177357,0.012153363),.UNSPECIFIED.);
#503=EDGE_CURVE('',#322,#313,#502,.T.);
#504=ORIENTED_EDGE('',*,*,#503,.T.);
#505=ORIENTED_EDGE('',*,*,#319,.T.);
#506=CARTESIAN_POINT('',(20.538205717,-60.275326961,11.636271678));
#507=CARTESIAN_POINT('',(20.538205729,-60.017227052,11.636271632));
#508=CARTESIAN_POINT('',(20.525423264,-59.760972817,11.68292624));
#509=CARTESIAN_POINT('',(20.501001434,-59.523734401,11.772063264));
#510=CARTESIAN_POINT('',(20.488790518,-59.405115193,11.816631776));
#511=CARTESIAN_POINT('',(20.473428663,-59.28917329,11.872700876));
#512=CARTESIAN_POINT('',(20.455429074,-59.180782623,11.938397419));
#513=CARTESIAN_POINT('',(20.437429484,-59.072391957,12.004093962));
#514=CARTESIAN_POINT('',(20.416916536,-58.971667913,12.078963991));
#515=CARTESIAN_POINT('',(20.393860113,-58.878702358,12.163117428));
#516=CARTESIAN_POINT('',(20.37080369,-58.785736803,12.247270864));
#517=CARTESIAN_POINT('',(20.344905585,-58.699958661,12.341796129));
#518=CARTESIAN_POINT('',(20.317441059,-58.626023942,12.442038663));
#519=CARTESIAN_POINT('',(20.289976532,-58.552089223,12.542281197));
#520=CARTESIAN_POINT('',(20.260787568,-58.489022998,12.648817742));
#521=CARTESIAN_POINT('',(20.22981111,-58.437222684,12.761878444));
#522=CARTESIAN_POINT('',(20.198834652,-58.385422371,12.874939146));
#523=CARTESIAN_POINT('',(20.16622681,-58.34554528,12.993954221));
#524=CARTESIAN_POINT('',(20.133324078,-58.319146596,13.114045614));
#525=CARTESIAN_POINT('',(20.100421345,-58.292747912,13.234137008));
#526=CARTESIAN_POINT('',(20.066698429,-58.27916707,13.357221983));
#527=CARTESIAN_POINT('',(20.032643098,-58.279169895,13.481520235));
#528=CARTESIAN_POINT('',(19.998587768,-58.27917272,13.605818487));
#529=CARTESIAN_POINT('',(19.965081574,-58.292624445,13.728112449));
#530=CARTESIAN_POINT('',(19.932105079,-58.319049003,13.848473069));
#531=CARTESIAN_POINT('',(19.899128584,-58.345473562,13.96883369));
#532=CARTESIAN_POINT('',(19.866377569,-58.385582203,14.08837133));
#533=CARTESIAN_POINT('',(19.835498211,-58.437219542,14.201077626));
#534=CARTESIAN_POINT('',(19.804618854,-58.488856881,14.313783921));
#535=CARTESIAN_POINT('',(19.775347459,-58.551972753,14.420621329));
#536=CARTESIAN_POINT('',(19.74767873,-58.626529353,14.52160918));
#537=CARTESIAN_POINT('',(19.720010001,-58.701085952,14.622597031));
#538=CARTESIAN_POINT('',(19.694377244,-58.786189819,14.716153804));
#539=CARTESIAN_POINT('',(19.67133814,-58.879142755,14.800244026));
#540=CARTESIAN_POINT('',(19.648299036,-58.972095691,14.884334249));
#541=CARTESIAN_POINT('',(19.627478714,-59.07444316,14.96032616));
#542=CARTESIAN_POINT('',(19.609462328,-59.183292088,15.02608401));
#543=CARTESIAN_POINT('',(19.591445942,-59.292141016,15.091841859));
#544=CARTESIAN_POINT('',(19.576384014,-59.406149099,15.146816256));
#545=CARTESIAN_POINT('',(19.564163624,-59.525119154,15.19141935));
#546=CARTESIAN_POINT('',(19.551943234,-59.644089208,15.236022444));
#547=CARTESIAN_POINT('',(19.542553258,-59.769172707,15.270294836));
#548=CARTESIAN_POINT('',(19.536376142,-59.894726661,15.292840636));
#549=CARTESIAN_POINT('',(19.530199027,-60.020280615,15.315386436));
#550=CARTESIAN_POINT('',(19.527105,-60.1470726,15.326679298));
#551=CARTESIAN_POINT('',(19.527101728,-60.275105694,15.326691239));
#552=CARTESIAN_POINT('',(19.527098457,-60.403138788,15.32670318));
#553=CARTESIAN_POINT('',(19.530267199,-60.532303062,15.315137616));
#554=CARTESIAN_POINT('',(19.536452655,-60.657479405,15.292561373));
#555=CARTESIAN_POINT('',(19.542638112,-60.782655749,15.26998513));
#556=CARTESIAN_POINT('',(19.551814142,-60.905205386,15.236493618));
#557=CARTESIAN_POINT('',(19.564110218,-61.025014598,15.191614277));
#558=CARTESIAN_POINT('',(19.576406294,-61.14482381,15.146734936));
#559=CARTESIAN_POINT('',(19.591677911,-61.259969353,15.090995196));
#560=CARTESIAN_POINT('',(19.609523053,-61.36772863,15.025862369));
#561=CARTESIAN_POINT('',(19.627368196,-61.475487906,14.960729541));
#562=CARTESIAN_POINT('',(19.64792348,-61.576987718,14.88570499));
#563=CARTESIAN_POINT('',(19.671236183,-61.67109969,14.800616159));
#564=CARTESIAN_POINT('',(19.694548886,-61.765211662,14.715527328));
#565=CARTESIAN_POINT('',(19.719905296,-61.849130263,14.622979192));
#566=CARTESIAN_POINT('',(19.74727131,-61.923025578,14.523096217));
#567=CARTESIAN_POINT('',(19.774637325,-61.996920893,14.423213242));
#568=CARTESIAN_POINT('',(19.804386931,-62.061365585,14.314630413));
#569=CARTESIAN_POINT('',(19.835357683,-62.113199285,14.201590539));
#570=CARTESIAN_POINT('',(19.866328434,-62.165032984,14.088550665));
#571=CARTESIAN_POINT('',(19.898315762,-62.204312628,13.971800399));
#572=CARTESIAN_POINT('',(19.931324624,-62.230976999,13.851321646));
#573=CARTESIAN_POINT('',(19.964333485,-62.25764137,13.730842892));
#574=CARTESIAN_POINT('',(19.998576428,-62.271382758,13.605859878));
#575=CARTESIAN_POINT('',(20.032271079,-62.271483455,13.482878067));
#576=CARTESIAN_POINT('',(20.099660381,-62.271684849,13.236914446));
#577=CARTESIAN_POINT('',(20.167591185,-62.217133697,12.988974401));
#578=CARTESIAN_POINT('',(20.22925462,-62.114360278,12.763909571));
#579=CARTESIAN_POINT('',(20.260086338,-62.062973568,12.651377155));
#580=CARTESIAN_POINT('',(20.289936133,-61.998698583,12.542428649));
#581=CARTESIAN_POINT('',(20.317506406,-61.924454034,12.441800152));
#582=CARTESIAN_POINT('',(20.345076679,-61.850209485,12.341171656));
#583=CARTESIAN_POINT('',(20.370430615,-61.766293446,12.248632547));
#584=CARTESIAN_POINT('',(20.393618472,-61.672925225,12.163999392));
#585=CARTESIAN_POINT('',(20.416806329,-61.579557004,12.079366237));
#586=CARTESIAN_POINT('',(20.437715274,-61.476702094,12.003050861));
#587=CARTESIAN_POINT('',(20.455621432,-61.368712059,11.937695334));
#588=CARTESIAN_POINT('',(20.473527589,-61.260722024,11.872339806));
#589=CARTESIAN_POINT('',(20.488691786,-61.146624777,11.816992138));
#590=CARTESIAN_POINT('',(20.501064209,-61.026309369,11.771834142));
#591=CARTESIAN_POINT('',(20.513436631,-60.905993961,11.726676147));
#592=CARTESIAN_POINT('',(20.522637129,-60.783153768,11.69309533));
#593=CARTESIAN_POINT('',(20.52883237,-60.65793292,11.670483375));
#594=CARTESIAN_POINT('',(20.53502761,-60.532712073,11.647871421));
#595=CARTESIAN_POINT('',(20.538205711,-60.404413811,11.6362717));
#596=CARTESIAN_POINT('',(20.538205717,-60.275326961,11.636271678));
#597=B_SPLINE_CURVE_WITH_KNOTS('',3,(#506,#507,#508,#509,#510,#511,#512,#513,#514,#515,#516,#517,#518,#519,#520,#521,#522,#523,#524,#525,#526,#527,#528,#529,#530,#531,
#532,#533,#534,#535,#536,#537,#538,#539,#540,#541,#542,#543,#544,#545,#546,#547,#548,#549,#550,#551,#552,#553,#554,#555,#556,
#557,#558,#559,#560,#561,#562,#563,#564,#565,#566,#567,#568,#569,#570,#571,#572,#573,#574,#575,#576,#577,#578,#579,#580,#581,
#582,#583,#584,#585,#586,#587,#588,#589,#590,#591,#592,#593,#594,#595,#596),.UNSPECIFIED.,.T.,.F.,(4,3,3,3,3,3,3,3,3,3,3,3,3,3,3,3,3,3,3,3,3,3,3,3,3,3,
3,3,3,3,4),(0.,0.00077167,0.001157506,0.001543341,0.001929176,0.002315011,0.002700847,0.003086682,0.003472517,0.003858352,0.004244188,0.004630023,0.005015858,0.005401693,0.005787529,0.006173364,0.006559199,0.006945034,0.00733087,0.007716705,0.00810254,0.008488375,0.008874211,0.009260046,0.010031716,0.010417552,
0.010803387,0.011189222,0.011575057,0.011960893,0.012346728),.UNSPECIFIED.);
#598=EDGE_CURVE('',#315,#315,#597,.T.);
#599=ORIENTED_EDGE('',*,*,#598,.F.);
#600=EDGE_LOOP('',(#320,#413,#504,#505,#599));
#601=FACE_BOUND('',#600,.T.);
#602=ADVANCED_FACE('',(#601),#311,.F.);
#603=CARTESIAN_POINT('',(19.13038371,-50.149849308,8.58265906));
#604=DIRECTION('',(-0.96445628,0.,-0.264242473));
#605=DIRECTION('',(0.264242473,0.,-0.96445628));
#606=AXIS2_PLACEMENT_3D('',#603,#604,#605);
#607=PLANE('',#606);
#608=CARTESIAN_POINT('',(16.430665296,-60.27759619,18.436337569));
#609=VERTEX_POINT('',#608);
#610=CARTESIAN_POINT('',(17.926464591,-60.27759619,12.976832871));
#611=DIRECTION('',(0.96445628,-0.,0.264242473));
#612=DIRECTION('',(-0.264242473,0.,0.96445628));
#613=AXIS2_PLACEMENT_3D('',#610,#611,#612);
#614=CIRCLE('',#613,5.660707295);
#615=EDGE_CURVE('',#609,#609,#614,.T.);
#616=ORIENTED_EDGE('',*,*,#615,.T.);
#617=EDGE_LOOP('',(#616));
#618=FACE_BOUND('',#617,.T.);
#619=CARTESIAN_POINT('',(19.105720223,-36.550247342,8.672678102));
#620=VERTEX_POINT('',#619);
#621=CARTESIAN_POINT('',(19.385351884,-36.550247342,7.652052962));
#622=VERTEX_POINT('',#621);
#623=CARTESIAN_POINT('',(19.105720223,-36.550247342,8.672678102));
#624=DIRECTION('',(0.264242473,-0.,-0.96445628));
#625=VECTOR('',#624,1.058238888);
#626=LINE('',#623,#625);
#627=EDGE_CURVE('',#620,#622,#626,.T.);
#628=ORIENTED_EDGE('',*,*,#627,.T.);
#629=CARTESIAN_POINT('',(19.385351884,-50.834741005,7.652052962));
#630=VERTEX_POINT('',#629);
#631=CARTESIAN_POINT('',(19.385351884,-36.550247342,7.652052962));
#632=DIRECTION('',(0.,-1.,0.));
#633=VECTOR('',#632,14.284493663);
#634=LINE('',#631,#633);
#635=EDGE_CURVE('',#622,#630,#634,.T.);
#636=ORIENTED_EDGE('',*,*,#635,.T.);
#637=CARTESIAN_POINT('',(20.077208163,-53.452192084,5.126852811));
#638=VERTEX_POINT('',#637);
#639=CARTESIAN_POINT('',(20.077208163,-53.452192084,5.126852811));
#640=DIRECTION('',(-0.186876616,0.706997125,0.682079318));
#641=VECTOR('',#640,3.702208943);
#642=LINE('',#639,#641);
#643=EDGE_CURVE('',#638,#630,#642,.T.);
#644=ORIENTED_EDGE('',*,*,#643,.F.);
#645=CARTESIAN_POINT('',(20.077208163,-67.669773717,5.126852811));
#646=VERTEX_POINT('',#645);
#647=CARTESIAN_POINT('',(20.077208163,-67.669773717,5.126852811));
#648=DIRECTION('',(0.,1.,-0.));
#649=VECTOR('',#648,14.217581633);
#650=LINE('',#647,#649);
#651=EDGE_CURVE('',#646,#638,#650,.T.);
#652=ORIENTED_EDGE('',*,*,#651,.F.);
#653=CARTESIAN_POINT('',(16.328679445,-67.669773717,18.808574833));
#654=VERTEX_POINT('',#653);
#655=CARTESIAN_POINT('',(16.328679445,-67.669773717,18.808574833));
#656=DIRECTION('',(0.264242473,0.,-0.96445628));
#657=VECTOR('',#656,14.185943219);
#658=LINE('',#655,#657);
#659=EDGE_CURVE('',#654,#646,#658,.T.);
#660=ORIENTED_EDGE('',*,*,#659,.F.);
#661=CARTESIAN_POINT('',(16.328679445,-35.055821276,18.808574833));
#662=VERTEX_POINT('',#661);
#663=CARTESIAN_POINT('',(16.328679445,-67.669773717,18.808574833));
#664=DIRECTION('',(0.,1.,0.));
#665=VECTOR('',#664,32.613952441);
#666=LINE('',#663,#665);
#667=EDGE_CURVE('',#654,#662,#666,.T.);
#668=ORIENTED_EDGE('',*,*,#667,.T.);
#669=CARTESIAN_POINT('',(19.105720223,-35.055821276,8.672678102));
#670=VERTEX_POINT('',#669);
#671=CARTESIAN_POINT('',(19.105720223,-35.055821276,8.672678102));
#672=DIRECTION('',(-0.264242473,0.,0.96445628));
#673=VECTOR('',#672,10.509441375);
#674=LINE('',#671,#673);
#675=EDGE_CURVE('',#670,#662,#674,.T.);
#676=ORIENTED_EDGE('',*,*,#675,.F.);
#677=CARTESIAN_POINT('',(19.105720223,-35.055821276,8.672678102));
#678=DIRECTION('',(0.,-1.,0.));
#679=VECTOR('',#678,1.494426066);
#680=LINE('',#677,#679);
#681=EDGE_CURVE('',#670,#620,#680,.T.);
#682=ORIENTED_EDGE('',*,*,#681,.T.);
#683=EDGE_LOOP('',(#628,#636,#644,#652,#660,#668,#676,#682));
#684=FACE_BOUND('',#683,.T.);
#685=ADVANCED_FACE('',(#618,#684),#607,.T.);
#686=CARTESIAN_POINT('',(23.147146195,-24.753816955,8.58265906));
#687=DIRECTION('',(0.240144425,0.,-0.970737171));
#688=DIRECTION('',(0.970737171,0.,0.240144425));
#689=AXIS2_PLACEMENT_3D('',#686,#687,#688);
#690=PLANE('',#689);
#691=CARTESIAN_POINT('',(23.147146195,-36.550247342,8.58265906));
#692=VERTEX_POINT('',#691);
#693=CARTESIAN_POINT('',(23.147146195,-50.834741005,8.58265906));
#694=VERTEX_POINT('',#693);
#695=CARTESIAN_POINT('',(23.147146195,-36.550247342,8.58265906));
#696=DIRECTION('',(-0.,-1.,-0.));
#697=VECTOR('',#696,14.284493663);
#698=LINE('',#695,#697);
#699=EDGE_CURVE('',#692,#694,#698,.T.);
#700=ORIENTED_EDGE('',*,*,#699,.T.);
#701=CARTESIAN_POINT('',(23.147146195,-50.834741005,8.58265906));
#702=DIRECTION('',(-0.970737171,0.,-0.240144425));
#703=VECTOR('',#702,3.875193434);
#704=LINE('',#701,#703);
#705=EDGE_CURVE('',#694,#630,#704,.T.);
#706=ORIENTED_EDGE('',*,*,#705,.T.);
#707=ORIENTED_EDGE('',*,*,#635,.F.);
#708=CARTESIAN_POINT('',(19.385351884,-36.550247342,7.652052962));
#709=DIRECTION('',(0.970737171,-0.,0.240144425));
#710=VECTOR('',#709,3.875193434);
#711=LINE('',#708,#710);
#712=EDGE_CURVE('',#622,#692,#711,.T.);
#713=ORIENTED_EDGE('',*,*,#712,.T.);
#714=EDGE_LOOP('',(#700,#706,#707,#713));
#715=FACE_BOUND('',#714,.T.);
#716=ADVANCED_FACE('',(#715),#690,.T.);
#717=CARTESIAN_POINT('',(16.328679445,-50.149849308,18.808574833));
#718=DIRECTION('',(-0.795060524,0.,0.606530101));
#719=DIRECTION('',(0.,-1.,0.));
#720=AXIS2_PLACEMENT_3D('',#717,#718,#719);
#721=PLANE('',#720);
#722=CARTESIAN_POINT('',(17.74527665,-35.055821276,20.665499187));
#723=VERTEX_POINT('',#722);
#724=CARTESIAN_POINT('',(17.74527665,-67.669773717,20.665499187));
#725=VERTEX_POINT('',#724);
#726=CARTESIAN_POINT('',(17.74527665,-35.055821276,20.665499187));
#727=DIRECTION('',(0.,-1.,0.));
#728=VECTOR('',#727,32.613952441);
#729=LINE('',#726,#728);
#730=EDGE_CURVE('',#723,#725,#729,.T.);
#731=ORIENTED_EDGE('',*,*,#730,.F.);
#732=CARTESIAN_POINT('',(17.74527665,-35.055821276,20.665499187));
#733=DIRECTION('',(-0.606530101,0.,-0.795060524));
#734=VECTOR('',#733,2.335576096);
#735=LINE('',#732,#734);
#736=EDGE_CURVE('',#723,#662,#735,.T.);
#737=ORIENTED_EDGE('',*,*,#736,.T.);
#738=ORIENTED_EDGE('',*,*,#667,.F.);
#739=CARTESIAN_POINT('',(17.74527665,-67.669773717,20.665499187));
#740=DIRECTION('',(-0.606530101,0.,-0.795060524));
#741=VECTOR('',#740,2.335576096);
#742=LINE('',#739,#741);
#743=EDGE_CURVE('',#725,#654,#742,.T.);
#744=ORIENTED_EDGE('',*,*,#743,.F.);
#745=EDGE_LOOP('',(#731,#737,#738,#744));
#746=FACE_BOUND('',#745,.T.);
#747=ADVANCED_FACE('',(#746),#721,.T.);
#748=CARTESIAN_POINT('',(39.047910531,40.018799117,-29.993425112));
#749=DIRECTION('',(0.768383923,0.,0.639989177));
#750=DIRECTION('',(0.639989177,0.,-0.768383923));
#751=AXIS2_PLACEMENT_3D('',#748,#749,#750);
#752=PLANE('',#751);
#753=CARTESIAN_POINT('',(18.988570269,-33.405831311,-5.90977632));
#754=VERTEX_POINT('',#753);
#755=CARTESIAN_POINT('',(18.988570269,-35.052560515,-5.90977632));
#756=VERTEX_POINT('',#755);
#757=CARTESIAN_POINT('',(18.988570269,-33.405831311,-5.90977632));
#758=DIRECTION('',(0.,-1.,0.));
#759=VECTOR('',#758,1.646729204);
#760=LINE('',#757,#759);
#761=EDGE_CURVE('',#754,#756,#760,.T.);
#762=ORIENTED_EDGE('',*,*,#761,.F.);
#763=CARTESIAN_POINT('',(29.659187399,-33.418153927,-18.72113462));
#764=VERTEX_POINT('',#763);
#765=CARTESIAN_POINT('',(29.659187399,-33.418153927,-18.72113462));
#766=DIRECTION('',(-0.639989002,0.000739071,0.768383713));
#767=VECTOR('',#766,16.673125779);
#768=LINE('',#765,#767);
#769=EDGE_CURVE('',#764,#754,#768,.T.);
#770=ORIENTED_EDGE('',*,*,#769,.F.);
#771=CARTESIAN_POINT('',(29.659187399,-12.002893728,-18.72113462));
#772=VERTEX_POINT('',#771);
#773=CARTESIAN_POINT('',(29.659187399,-33.418153927,-18.72113462));
#774=DIRECTION('',(0.,1.,0.));
#775=VECTOR('',#774,21.415260199);
#776=LINE('',#773,#775);
#777=EDGE_CURVE('',#764,#772,#776,.T.);
#778=ORIENTED_EDGE('',*,*,#777,.T.);
#779=CARTESIAN_POINT('',(18.874005254,-12.002893728,-5.77222725));
#780=VERTEX_POINT('',#779);
#781=CARTESIAN_POINT('',(29.659187399,-12.002893728,-18.72113462));
#782=DIRECTION('',(-0.639989177,0.,0.768383923));
#783=VECTOR('',#782,16.85213209);
#784=LINE('',#781,#783);
#785=EDGE_CURVE('',#772,#780,#784,.T.);
#786=ORIENTED_EDGE('',*,*,#785,.T.);
#787=CARTESIAN_POINT('',(18.874005254,-10.384511387,-5.77222725));
#788=VERTEX_POINT('',#787);
#789=CARTESIAN_POINT('',(18.874005254,-10.384511387,-5.77222725));
#790=DIRECTION('',(0.,-1.,0.));
#791=VECTOR('',#790,1.618382341);
#792=LINE('',#789,#791);
#793=EDGE_CURVE('',#788,#780,#792,.T.);
#794=ORIENTED_EDGE('',*,*,#793,.F.);
#795=CARTESIAN_POINT('',(18.878741969,-10.384511387,-5.777914247));
#796=VERTEX_POINT('',#795);
#797=CARTESIAN_POINT('',(18.878741969,-10.384511387,-5.777914247));
#798=DIRECTION('',(-0.639989177,0.,0.768383923));
#799=VECTOR('',#798,0.007401244);
#800=LINE('',#797,#799);
#801=EDGE_CURVE('',#796,#788,#800,.T.);
#802=ORIENTED_EDGE('',*,*,#801,.F.);
#803=CARTESIAN_POINT('',(29.819890076,-10.384511387,-18.914077498));
#804=VERTEX_POINT('',#803);
#805=CARTESIAN_POINT('',(29.819890076,-10.384511387,-18.914077498));
#806=DIRECTION('',(-0.639989177,0.,0.768383923));
#807=VECTOR('',#806,17.095833026);
#808=LINE('',#805,#807);
#809=EDGE_CURVE('',#804,#796,#808,.T.);
#810=ORIENTED_EDGE('',*,*,#809,.F.);
#811=CARTESIAN_POINT('',(31.0929697,-11.912996479,-20.44256259));
#812=VERTEX_POINT('',#811);
#813=CARTESIAN_POINT('',(29.819890076,-11.912996479,-18.914077498));
#814=DIRECTION('',(-0.768383923,-0.,-0.639989177));
#815=DIRECTION('',(-0.639989177,0.,0.768383923));
#816=AXIS2_PLACEMENT_3D('',#813,#814,#815);
#817=ELLIPSE('',#816,1.989220552,1.528485092);
#818=EDGE_CURVE('',#804,#812,#817,.T.);
#819=ORIENTED_EDGE('',*,*,#818,.T.);
#820=CARTESIAN_POINT('',(31.0929697,-33.614381218,-20.44256259));
#821=VERTEX_POINT('',#820);
#822=CARTESIAN_POINT('',(31.0929697,-33.614381218,-20.44256259));
#823=DIRECTION('',(0.,1.,0.));
#824=VECTOR('',#823,21.701384739);
#825=LINE('',#822,#824);
#826=EDGE_CURVE('',#821,#812,#825,.T.);
#827=ORIENTED_EDGE('',*,*,#826,.F.);
#828=CARTESIAN_POINT('',(29.876105353,-35.073968832,-18.981570694));
#829=VERTEX_POINT('',#828);
#830=CARTESIAN_POINT('',(29.876105353,-33.612975962,-18.981570694));
#831=DIRECTION('',(-0.768383923,-0.,-0.639989177));
#832=DIRECTION('',(-0.639988135,0.00180443,0.768382672));
#833=AXIS2_PLACEMENT_3D('',#830,#831,#832);
#834=ELLIPSE('',#833,1.901383964,1.460991896);
#835=EDGE_CURVE('',#821,#829,#834,.T.);
#836=ORIENTED_EDGE('',*,*,#835,.T.);
#837=CARTESIAN_POINT('',(19.031098034,-35.061444827,-5.960836013));
#838=VERTEX_POINT('',#837);
#839=CARTESIAN_POINT('',(29.876105353,-35.073968832,-18.981570694));
#840=DIRECTION('',(-0.639989002,0.000739071,0.768383713));
#841=VECTOR('',#840,16.945615132);
#842=LINE('',#839,#841);
#843=EDGE_CURVE('',#829,#838,#842,.T.);
#844=ORIENTED_EDGE('',*,*,#843,.T.);
#845=CARTESIAN_POINT('',(19.031098034,-35.052560515,-5.960836013));
#846=VERTEX_POINT('',#845);
#847=CARTESIAN_POINT('',(19.031098034,-35.052560515,-5.960836013));
#848=DIRECTION('',(0.,-1.,0.));
#849=VECTOR('',#848,0.008884312);
#850=LINE('',#847,#849);
#851=EDGE_CURVE('',#846,#838,#850,.T.);
#852=ORIENTED_EDGE('',*,*,#851,.F.);
#853=CARTESIAN_POINT('',(19.031098034,-35.052560515,-5.960836013));
#854=DIRECTION('',(-0.639989177,0.,0.768383923));
#855=VECTOR('',#854,0.066450756);
#856=LINE('',#853,#855);
#857=EDGE_CURVE('',#846,#756,#856,.T.);
#858=ORIENTED_EDGE('',*,*,#857,.T.);
#859=EDGE_LOOP('',(#762,#770,#778,#786,#794,#802,#810,#819,#827,#836,#844,#852,#858));
#860=FACE_BOUND('',#859,.T.);
#861=ADVANCED_FACE('',(#860),#752,.F.);
#862=CARTESIAN_POINT('',(18.377847847,-12.002893728,-18.95565772));
#863=DIRECTION('',(0.,-1.,0.));
#864=DIRECTION('',(0.,-0.,-1.));
#865=AXIS2_PLACEMENT_3D('',#862,#863,#864);
#866=PLANE('',#865);
#867=CARTESIAN_POINT('',(18.874005254,-12.002893728,-0.279201894));
#868=VERTEX_POINT('',#867);
#869=CARTESIAN_POINT('',(18.874005254,-12.002893728,-5.77222725));
#870=DIRECTION('',(0.,0.,1.));
#871=VECTOR('',#870,5.493025356);
#872=LINE('',#869,#871);
#873=EDGE_CURVE('',#780,#868,#872,.T.);
#874=ORIENTED_EDGE('',*,*,#873,.F.);
#875=ORIENTED_EDGE('',*,*,#785,.F.);
#876=CARTESIAN_POINT('',(38.535402669,-12.002893728,-18.72113462));
#877=VERTEX_POINT('',#876);
#878=CARTESIAN_POINT('',(29.659187399,-12.002893728,-18.72113462));
#879=DIRECTION('',(1.,0.,-0.));
#880=VECTOR('',#879,8.87621527);
#881=LINE('',#878,#880);
#882=EDGE_CURVE('',#772,#877,#881,.T.);
#883=ORIENTED_EDGE('',*,*,#882,.T.);
#884=CARTESIAN_POINT('',(38.535402669,-12.002893728,-18.72113462));
#885=DIRECTION('',(0.,0.,1.));
#886=VECTOR('',#885,9.699229564);
#887=LINE('',#884,#886);
#888=EDGE_CURVE('',#877,#170,#887,.T.);
#889=ORIENTED_EDGE('',*,*,#888,.T.);
#890=ORIENTED_EDGE('',*,*,#175,.T.);
#891=CARTESIAN_POINT('',(18.377847847,-12.002893728,0.126352432));
#892=VERTEX_POINT('',#891);
#893=CARTESIAN_POINT('',(29.387145182,-12.002893728,0.126352432));
#894=DIRECTION('',(-1.,0.,0.));
#895=VECTOR('',#894,11.009297334);
#896=LINE('',#893,#895);
#897=EDGE_CURVE('',#162,#892,#896,.T.);
#898=ORIENTED_EDGE('',*,*,#897,.T.);
#899=CARTESIAN_POINT('',(18.377847847,-12.002893728,-0.279201894));
#900=VERTEX_POINT('',#899);
#901=CARTESIAN_POINT('',(18.377847847,-12.002893728,-0.279201894));
#902=DIRECTION('',(0.,0.,1.));
#903=VECTOR('',#902,0.405554326);
#904=LINE('',#901,#903);
#905=EDGE_CURVE('',#900,#892,#904,.T.);
#906=ORIENTED_EDGE('',*,*,#905,.F.);
#907=CARTESIAN_POINT('',(18.377847847,-12.002893728,-0.279201894));
#908=DIRECTION('',(1.,0.,-0.));
#909=VECTOR('',#908,0.496157406);
#910=LINE('',#907,#909);
#911=EDGE_CURVE('',#900,#868,#910,.T.);
#912=ORIENTED_EDGE('',*,*,#911,.T.);
#913=EDGE_LOOP('',(#874,#875,#883,#889,#890,#898,#906,#912));
#914=FACE_BOUND('',#913,.T.);
#915=ADVANCED_FACE('',(#914),#866,.T.);
#916=CARTESIAN_POINT('',(22.39267859,-36.550247342,2.192682092));
#917=DIRECTION('',(0.,1.,-0.));
#918=DIRECTION('',(-1.,0.,0.));
#919=AXIS2_PLACEMENT_3D('',#916,#917,#918);
#920=PLANE('',#919);
#921=CARTESIAN_POINT('',(13.5862937,-36.550247342,-4.975554406));
#922=VERTEX_POINT('',#921);
#923=CARTESIAN_POINT('',(34.489052019,-36.550247342,-4.975554406));
#924=VERTEX_POINT('',#923);
#925=CARTESIAN_POINT('',(13.5862937,-36.550247342,-4.975554406));
#926=DIRECTION('',(1.,-0.,-0.));
#927=VECTOR('',#926,20.902758319);
#928=LINE('',#925,#927);
#929=EDGE_CURVE('',#922,#924,#928,.T.);
#930=ORIENTED_EDGE('',*,*,#929,.T.);
#931=CARTESIAN_POINT('',(23.875642237,-36.550247342,5.637855376));
#932=VERTEX_POINT('',#931);
#933=CARTESIAN_POINT('',(23.875642237,-36.550247342,5.637855376));
#934=DIRECTION('',(0.707106781,0.,-0.707106781));
#935=VECTOR('',#934,15.009628057);
#936=LINE('',#933,#935);
#937=EDGE_CURVE('',#932,#924,#936,.T.);
#938=ORIENTED_EDGE('',*,*,#937,.F.);
#939=CARTESIAN_POINT('',(23.147146195,-36.550247342,8.58265906));
#940=DIRECTION('',(0.240144425,0.,-0.970737171));
#941=VECTOR('',#940,3.03357466);
#942=LINE('',#939,#941);
#943=EDGE_CURVE('',#692,#932,#942,.T.);
#944=ORIENTED_EDGE('',*,*,#943,.F.);
#945=ORIENTED_EDGE('',*,*,#712,.F.);
#946=ORIENTED_EDGE('',*,*,#627,.F.);
#947=CARTESIAN_POINT('',(13.579834729,-36.550247342,8.67421817));
#948=VERTEX_POINT('',#947);
#949=CARTESIAN_POINT('',(13.579834729,-36.550247342,8.67421817));
#950=DIRECTION('',(0.999999961,-0.,-0.000278701));
#951=VECTOR('',#950,5.525885709);
#952=LINE('',#949,#951);
#953=EDGE_CURVE('',#948,#620,#952,.T.);
#954=ORIENTED_EDGE('',*,*,#953,.F.);
#955=CARTESIAN_POINT('',(13.579834724,-36.550247342,-0.268151167));
#956=VERTEX_POINT('',#955);
#957=CARTESIAN_POINT('',(13.579834724,-36.550247342,-0.268151167));
#958=DIRECTION('',(0.000000001,0.,1.));
#959=VECTOR('',#958,8.942369337);
#960=LINE('',#957,#959);
#961=EDGE_CURVE('',#956,#948,#960,.T.);
#962=ORIENTED_EDGE('',*,*,#961,.F.);
#963=CARTESIAN_POINT('',(13.5862937,-36.550247342,-0.268164649));
#964=VERTEX_POINT('',#963);
#965=CARTESIAN_POINT('',(13.5862937,-36.550247342,-0.268164649));
#966=DIRECTION('',(-0.999997822,0.,0.002087334));
#967=VECTOR('',#966,0.00645899);
#968=LINE('',#965,#967);
#969=EDGE_CURVE('',#964,#956,#968,.T.);
#970=ORIENTED_EDGE('',*,*,#969,.F.);
#971=CARTESIAN_POINT('',(13.5862937,-36.550247342,-4.975554406));
#972=DIRECTION('',(0.,0.,1.));
#973=VECTOR('',#972,4.707389757);
#974=LINE('',#971,#973);
#975=EDGE_CURVE('',#922,#964,#974,.T.);
#976=ORIENTED_EDGE('',*,*,#975,.F.);
#977=EDGE_LOOP('',(#930,#938,#944,#945,#946,#954,#962,#970,#976));
#978=FACE_BOUND('',#977,.T.);
#979=ADVANCED_FACE('',(#978),#920,.F.);
#980=CARTESIAN_POINT('',(13.580558465,-35.052560515,8.674217968));
#981=DIRECTION('',(-0.000278701,0.,-0.999999961));
#982=DIRECTION('',(-0.999999961,0.,0.000278701));
#983=AXIS2_PLACEMENT_3D('',#980,#981,#982);
#984=PLANE('',#983);
#985=ORIENTED_EDGE('',*,*,#681,.F.);
#986=CARTESIAN_POINT('',(13.579834729,-35.055821276,8.67421817));
#987=VERTEX_POINT('',#986);
#988=CARTESIAN_POINT('',(19.105720223,-35.055821276,8.672678102));
#989=DIRECTION('',(-0.999999961,0.,0.000278701));
#990=VECTOR('',#989,5.525885709);
#991=LINE('',#988,#990);
#992=EDGE_CURVE('',#670,#987,#991,.T.);
#993=ORIENTED_EDGE('',*,*,#992,.T.);
#994=CARTESIAN_POINT('',(13.579834729,-35.055821276,8.67421817));
#995=DIRECTION('',(0.,-1.,0.));
#996=VECTOR('',#995,1.494426066);
#997=LINE('',#994,#996);
#998=EDGE_CURVE('',#987,#948,#997,.T.);
#999=ORIENTED_EDGE('',*,*,#998,.T.);
#1000=ORIENTED_EDGE('',*,*,#953,.T.);
#1001=EDGE_LOOP('',(#985,#993,#999,#1000));
#1002=FACE_BOUND('',#1001,.T.);
#1003=ADVANCED_FACE('',(#1002),#984,.F.);
#1004=CARTESIAN_POINT('',(41.396194698,-10.384511387,6.077389024));
#1005=DIRECTION('',(0.,-1.,0.));
#1006=DIRECTION('',(1.,0.,0.));
#1007=AXIS2_PLACEMENT_3D('',#1004,#1005,#1006);
#1008=PLANE('',#1007);
#1009=CARTESIAN_POINT('',(18.93015295,-10.384511387,-5.777914247));
#1010=VERTEX_POINT('',#1009);
#1011=CARTESIAN_POINT('',(18.93015295,-10.384511387,-5.767197577));
#1012=VERTEX_POINT('',#1011);
#1013=CARTESIAN_POINT('',(18.93015295,-10.384511387,-5.777914247));
#1014=DIRECTION('',(0.,0.,1.));
#1015=VECTOR('',#1014,0.01071667);
#1016=LINE('',#1013,#1015);
#1017=EDGE_CURVE('',#1010,#1012,#1016,.T.);
#1018=ORIENTED_EDGE('',*,*,#1017,.T.);
#1019=CARTESIAN_POINT('',(35.28069519,-10.384511387,-5.767197577));
#1020=DIRECTION('',(-1.,0.,0.));
#1021=VECTOR('',#1020,16.35054224);
#1022=LINE('',#1019,#1021);
#1023=EDGE_CURVE('',#186,#1012,#1022,.T.);
#1024=ORIENTED_EDGE('',*,*,#1023,.F.);
#1025=ORIENTED_EDGE('',*,*,#191,.T.);
#1026=CARTESIAN_POINT('',(38.535402669,-10.384511387,-18.914077498));
#1027=VERTEX_POINT('',#1026);
#1028=CARTESIAN_POINT('',(38.535402669,-10.384511387,-18.914077498));
#1029=DIRECTION('',(0.,0.,1.));
#1030=VECTOR('',#1029,9.892172442);
#1031=LINE('',#1028,#1030);
#1032=EDGE_CURVE('',#1027,#178,#1031,.T.);
#1033=ORIENTED_EDGE('',*,*,#1032,.F.);
#1034=CARTESIAN_POINT('',(38.535402669,-10.384511387,-18.914077498));
#1035=DIRECTION('',(-1.,0.,0.));
#1036=VECTOR('',#1035,8.715512593);
#1037=LINE('',#1034,#1036);
#1038=EDGE_CURVE('',#1027,#804,#1037,.T.);
#1039=ORIENTED_EDGE('',*,*,#1038,.T.);
#1040=ORIENTED_EDGE('',*,*,#809,.T.);
#1041=CARTESIAN_POINT('',(18.878741969,-10.384511387,-5.777914247));
#1042=DIRECTION('',(1.,0.,-0.));
#1043=VECTOR('',#1042,0.051410981);
#1044=LINE('',#1041,#1043);
#1045=EDGE_CURVE('',#796,#1010,#1044,.T.);
#1046=ORIENTED_EDGE('',*,*,#1045,.T.);
#1047=EDGE_LOOP('',(#1018,#1024,#1025,#1033,#1039,#1040,#1046));
#1048=FACE_BOUND('',#1047,.T.);
#1049=ADVANCED_FACE('',(#1048),#1008,.F.);
#1050=CARTESIAN_POINT('',(41.396194698,-10.384511387,6.077389024));
#1051=DIRECTION('',(0.,-1.,0.));
#1052=DIRECTION('',(1.,0.,0.));
#1053=AXIS2_PLACEMENT_3D('',#1050,#1051,#1052);
#1054=PLANE('',#1053);
#1055=CARTESIAN_POINT('',(9.404213992,-10.384511387,9.880797492));
#1056=VERTEX_POINT('',#1055);
#1057=CARTESIAN_POINT('',(17.631517723,-10.384511387,20.665499187));
#1058=VERTEX_POINT('',#1057);
#1059=CARTESIAN_POINT('',(9.404213992,-10.384511387,9.880797492));
#1060=DIRECTION('',(0.606527651,0.,0.795062393));
#1061=VECTOR('',#1060,13.564597942);
#1062=LINE('',#1059,#1061);
#1063=EDGE_CURVE('',#1056,#1058,#1062,.T.);
#1064=ORIENTED_EDGE('',*,*,#1063,.T.);
#1065=CARTESIAN_POINT('',(20.158050095,-10.384511387,20.665499187));
#1066=VERTEX_POINT('',#1065);
#1067=CARTESIAN_POINT('',(17.631517723,-10.384511387,20.665499187));
#1068=DIRECTION('',(1.,0.,-0.));
#1069=VECTOR('',#1068,2.526532372);
#1070=LINE('',#1067,#1069);
#1071=EDGE_CURVE('',#1058,#1066,#1070,.T.);
#1072=ORIENTED_EDGE('',*,*,#1071,.T.);
#1073=CARTESIAN_POINT('',(23.125154087,-10.384511387,8.671557883));
#1074=VERTEX_POINT('',#1073);
#1075=CARTESIAN_POINT('',(20.158050095,-10.384511387,20.665499187));
#1076=DIRECTION('',(0.240144425,-0.,-0.970737171));
#1077=VECTOR('',#1076,12.355498132);
#1078=LINE('',#1075,#1077);
#1079=EDGE_CURVE('',#1066,#1074,#1078,.T.);
#1080=ORIENTED_EDGE('',*,*,#1079,.T.);
#1081=CARTESIAN_POINT('',(13.579834724,-10.384511387,8.67421817));
#1082=VERTEX_POINT('',#1081);
#1083=CARTESIAN_POINT('',(13.579834724,-10.384511387,8.67421817));
#1084=DIRECTION('',(0.999999961,0.,-0.000278701));
#1085=VECTOR('',#1084,9.545319734);
#1086=LINE('',#1083,#1085);
#1087=EDGE_CURVE('',#1082,#1074,#1086,.T.);
#1088=ORIENTED_EDGE('',*,*,#1087,.F.);
#1089=CARTESIAN_POINT('',(13.579834727,-10.384511387,6.077389024));
#1090=VERTEX_POINT('',#1089);
#1091=CARTESIAN_POINT('',(13.579834724,-10.384511387,6.077389024));
#1092=DIRECTION('',(0.,0.,1.));
#1093=VECTOR('',#1092,2.596829146);
#1094=LINE('',#1091,#1093);
#1095=EDGE_CURVE('',#1090,#1082,#1094,.T.);
#1096=ORIENTED_EDGE('',*,*,#1095,.F.);
#1097=CARTESIAN_POINT('',(-34.373971248,-10.384511387,6.077389024));
#1098=VERTEX_POINT('',#1097);
#1099=CARTESIAN_POINT('',(-34.373971248,-10.384511387,6.077389024));
#1100=DIRECTION('',(1.,0.,-0.));
#1101=VECTOR('',#1100,47.953805975);
#1102=LINE('',#1099,#1101);
#1103=EDGE_CURVE('',#1098,#1090,#1102,.T.);
#1104=ORIENTED_EDGE('',*,*,#1103,.F.);
#1105=CARTESIAN_POINT('',(-34.373971248,-10.384511387,1.845458409));
#1106=VERTEX_POINT('',#1105);
#1107=CARTESIAN_POINT('',(-34.373971248,-10.384511387,1.845458409));
#1108=DIRECTION('',(0.,0.,1.));
#1109=VECTOR('',#1108,4.231930615);
#1110=LINE('',#1107,#1109);
#1111=EDGE_CURVE('',#1106,#1098,#1110,.T.);
#1112=ORIENTED_EDGE('',*,*,#1111,.F.);
#1113=CARTESIAN_POINT('',(-36.509661716,-10.384511387,-0.290233247));
#1114=VERTEX_POINT('',#1113);
#1115=CARTESIAN_POINT('',(-34.373971248,-10.384511387,1.845458409));
#1116=DIRECTION('',(-0.707106781,0.,-0.707106781));
#1117=VECTOR('',#1116,3.020323265);
#1118=LINE('',#1115,#1117);
#1119=EDGE_CURVE('',#1106,#1114,#1118,.T.);
#1120=ORIENTED_EDGE('',*,*,#1119,.T.);
#1121=CARTESIAN_POINT('',(-40.717106899,-10.384511387,-0.290233247));
#1122=VERTEX_POINT('',#1121);
#1123=CARTESIAN_POINT('',(-40.717106899,-10.384511387,-0.290233247));
#1124=DIRECTION('',(1.,0.,-0.));
#1125=VECTOR('',#1124,4.207445184);
#1126=LINE('',#1123,#1125);
#1127=EDGE_CURVE('',#1122,#1114,#1126,.T.);
#1128=ORIENTED_EDGE('',*,*,#1127,.F.);
#1129=CARTESIAN_POINT('',(-40.717106899,-10.384511387,5.029991509));
#1130=VERTEX_POINT('',#1129);
#1131=CARTESIAN_POINT('',(-40.717106899,-10.384511387,-0.290233247));
#1132=DIRECTION('',(0.,0.,1.));
#1133=VECTOR('',#1132,5.320224756);
#1134=LINE('',#1131,#1133);
#1135=EDGE_CURVE('',#1122,#1130,#1134,.T.);
#1136=ORIENTED_EDGE('',*,*,#1135,.T.);
#1137=CARTESIAN_POINT('',(-35.86632372,-10.384511387,9.880797492));
#1138=VERTEX_POINT('',#1137);
#1139=CARTESIAN_POINT('',(-40.717106899,-10.384511387,5.029991509));
#1140=DIRECTION('',(0.707105119,-0.,0.707108443));
#1141=VECTOR('',#1140,6.860059486);
#1142=LINE('',#1139,#1141);
#1143=EDGE_CURVE('',#1130,#1138,#1142,.T.);
#1144=ORIENTED_EDGE('',*,*,#1143,.T.);
#1145=CARTESIAN_POINT('',(-35.86632372,-10.384511387,9.880797492));
#1146=DIRECTION('',(1.,0.,-0.));
#1147=VECTOR('',#1146,45.270537712);
#1148=LINE('',#1145,#1147);
#1149=EDGE_CURVE('',#1138,#1056,#1148,.T.);
#1150=ORIENTED_EDGE('',*,*,#1149,.T.);
#1151=EDGE_LOOP('',(#1064,#1072,#1080,#1088,#1096,#1104,#1112,#1120,#1128,#1136,#1144,#1150));
#1152=FACE_BOUND('',#1151,.T.);
#1153=ADVANCED_FACE('',(#1152),#1054,.F.);
#1154=CARTESIAN_POINT('',(38.535873079,-35.083969284,-18.95101727));
#1155=DIRECTION('',(0.001154817,0.999999333,-0.));
#1156=DIRECTION('',(-0.999999333,0.001154817,0.));
#1157=AXIS2_PLACEMENT_3D('',#1154,#1155,#1156);
#1158=PLANE('',#1157);
#1159=CARTESIAN_POINT('',(35.474333627,-35.080433764,-5.960836013));
#1160=VERTEX_POINT('',#1159);
#1161=CARTESIAN_POINT('',(19.031098034,-35.061444827,-5.960836013));
#1162=DIRECTION('',(0.999999333,-0.001154817,-0.));
#1163=VECTOR('',#1162,16.443246557);
#1164=LINE('',#1161,#1163);
#1165=EDGE_CURVE('',#838,#1160,#1164,.T.);
#1166=ORIENTED_EDGE('',*,*,#1165,.F.);
#1167=ORIENTED_EDGE('',*,*,#843,.F.);
#1168=CARTESIAN_POINT('',(38.535402669,-35.08396874,-18.981570694));
#1169=VERTEX_POINT('',#1168);
#1170=CARTESIAN_POINT('',(29.876105353,-35.073968832,-18.981570694));
#1171=DIRECTION('',(0.999999333,-0.001154817,-0.));
#1172=VECTOR('',#1171,8.65930309);
#1173=LINE('',#1170,#1172);
#1174=EDGE_CURVE('',#829,#1169,#1173,.T.);
#1175=ORIENTED_EDGE('',*,*,#1174,.T.);
#1176=CARTESIAN_POINT('',(38.535402669,-35.08396874,-9.021905056));
#1177=VERTEX_POINT('',#1176);
#1178=CARTESIAN_POINT('',(38.535402669,-35.08396874,-18.981570694));
#1179=DIRECTION('',(0.,0.,1.));
#1180=VECTOR('',#1179,9.959665638);
#1181=LINE('',#1178,#1180);
#1182=EDGE_CURVE('',#1169,#1177,#1181,.T.);
#1183=ORIENTED_EDGE('',*,*,#1182,.T.);
#1184=CARTESIAN_POINT('',(35.474333627,-35.080433764,-5.960836013));
#1185=DIRECTION('',(0.707106545,-0.000816579,-0.707106545));
#1186=VECTOR('',#1185,4.329006799);
#1187=LINE('',#1184,#1186);
#1188=EDGE_CURVE('',#1160,#1177,#1187,.T.);
#1189=ORIENTED_EDGE('',*,*,#1188,.F.);
#1190=EDGE_LOOP('',(#1166,#1167,#1175,#1183,#1189));
#1191=FACE_BOUND('',#1190,.T.);
#1192=ADVANCED_FACE('',(#1191),#1158,.F.);
#1193=CARTESIAN_POINT('',(18.988570269,-10.384511387,-18.95565772));
#1194=DIRECTION('',(-1.,0.,0.));
#1195=DIRECTION('',(0.,0.,1.));
#1196=AXIS2_PLACEMENT_3D('',#1193,#1194,#1195);
#1197=PLANE('',#1196);
#1198=ORIENTED_EDGE('',*,*,#761,.T.);
#1199=CARTESIAN_POINT('',(18.988570269,-35.052560515,-0.279201894));
#1200=VERTEX_POINT('',#1199);
#1201=CARTESIAN_POINT('',(18.988570269,-35.052560515,-0.279201894));
#1202=DIRECTION('',(0.,-0.,-1.));
#1203=VECTOR('',#1202,5.630574426);
#1204=LINE('',#1201,#1203);
#1205=EDGE_CURVE('',#1200,#756,#1204,.T.);
#1206=ORIENTED_EDGE('',*,*,#1205,.F.);
#1207=CARTESIAN_POINT('',(18.988570269,-33.405831311,-0.279201894));
#1208=VERTEX_POINT('',#1207);
#1209=CARTESIAN_POINT('',(18.988570269,-35.052560515,-0.279201894));
#1210=DIRECTION('',(0.,1.,0.));
#1211=VECTOR('',#1210,1.646729204);
#1212=LINE('',#1209,#1211);
#1213=EDGE_CURVE('',#1200,#1208,#1212,.T.);
#1214=ORIENTED_EDGE('',*,*,#1213,.T.);
#1215=CARTESIAN_POINT('',(18.988570269,-33.405831311,-5.90977632));
#1216=DIRECTION('',(0.,0.,1.));
#1217=VECTOR('',#1216,5.630574426);
#1218=LINE('',#1215,#1217);
#1219=EDGE_CURVE('',#754,#1208,#1218,.T.);
#1220=ORIENTED_EDGE('',*,*,#1219,.F.);
#1221=EDGE_LOOP('',(#1198,#1206,#1214,#1220));
#1222=FACE_BOUND('',#1221,.T.);
#1223=ADVANCED_FACE('',(#1222),#1197,.T.);
#1224=CARTESIAN_POINT('',(14.715425356,-31.695838047,-0.279201894));
#1225=DIRECTION('',(0.,0.,1.));
#1226=DIRECTION('',(1.,0.,0.));
#1227=AXIS2_PLACEMENT_3D('',#1224,#1225,#1226);
#1228=PLANE('',#1227);
#1229=CARTESIAN_POINT('',(17.277351527,-35.052560515,-0.279201894));
#1230=VERTEX_POINT('',#1229);
#1231=CARTESIAN_POINT('',(18.988570269,-35.052560515,-0.279201894));
#1232=DIRECTION('',(-1.,0.,0.));
#1233=VECTOR('',#1232,1.711218742);
#1234=LINE('',#1231,#1233);
#1235=EDGE_CURVE('',#1200,#1230,#1234,.T.);
#1236=ORIENTED_EDGE('',*,*,#1235,.T.);
#1237=CARTESIAN_POINT('',(17.277351527,-34.52615255,-0.279201894));
#1238=VERTEX_POINT('',#1237);
#1239=CARTESIAN_POINT('',(17.277351527,-35.052560515,-0.279201894));
#1240=DIRECTION('',(0.,1.,0.));
#1241=VECTOR('',#1240,0.526407965);
#1242=LINE('',#1239,#1241);
#1243=EDGE_CURVE('',#1230,#1238,#1242,.T.);
#1244=ORIENTED_EDGE('',*,*,#1243,.T.);
#1245=CARTESIAN_POINT('',(17.277351527,-33.161180274,-0.279201894));
#1246=VERTEX_POINT('',#1245);
#1247=CARTESIAN_POINT('',(17.277351527,-34.52615255,-0.279201894));
#1248=DIRECTION('',(-0.,1.,0.));
#1249=VECTOR('',#1248,1.364972276);
#1250=LINE('',#1247,#1249);
#1251=EDGE_CURVE('',#1238,#1246,#1250,.T.);
#1252=ORIENTED_EDGE('',*,*,#1251,.T.);
#1253=CARTESIAN_POINT('',(17.875847748,-30.798541248,-0.279201894));
#1254=VERTEX_POINT('',#1253);
#1255=CARTESIAN_POINT('',(16.523488374,-31.713089958,-0.279201894));
#1256=DIRECTION('',(-0.,-0.,1.));
#1257=DIRECTION('',(-1.,0.,0.));
#1258=AXIS2_PLACEMENT_3D('',#1255,#1256,#1257);
#1259=CIRCLE('',#1258,1.632567064);
#1260=EDGE_CURVE('',#1246,#1254,#1259,.T.);
#1261=ORIENTED_EDGE('',*,*,#1260,.T.);
#1262=CARTESIAN_POINT('',(18.377847847,-30.798541248,-0.279201894));
#1263=VERTEX_POINT('',#1262);
#1264=CARTESIAN_POINT('',(18.377847847,-30.798541248,-0.279201894));
#1265=CARTESIAN_POINT('',(17.875847748,-30.798541248,-0.279201894));
#1266=B_SPLINE_CURVE_WITH_KNOTS('',1,(#1264,#1265),.UNSPECIFIED.,.F.,.F.,(2,2),(0.,0.502000099),.UNSPECIFIED.);
#1267=EDGE_CURVE('',#1263,#1254,#1266,.T.);
#1268=ORIENTED_EDGE('',*,*,#1267,.F.);
#1269=CARTESIAN_POINT('',(18.377847847,-33.405126038,-0.279201894));
#1270=VERTEX_POINT('',#1269);
#1271=CARTESIAN_POINT('',(18.377847847,-30.798541248,-0.279201894));
#1272=DIRECTION('',(-0.,-1.,-0.));
#1273=VECTOR('',#1272,2.606584791);
#1274=LINE('',#1271,#1273);
#1275=EDGE_CURVE('',#1263,#1270,#1274,.T.);
#1276=ORIENTED_EDGE('',*,*,#1275,.T.);
#1277=CARTESIAN_POINT('',(18.377847847,-33.405126038,-0.279201894));
#1278=DIRECTION('',(0.999999333,-0.001154817,0.));
#1279=VECTOR('',#1278,0.610722829);
#1280=LINE('',#1277,#1279);
#1281=EDGE_CURVE('',#1270,#1208,#1280,.T.);
#1282=ORIENTED_EDGE('',*,*,#1281,.T.);
#1283=ORIENTED_EDGE('',*,*,#1213,.F.);
#1284=EDGE_LOOP('',(#1236,#1244,#1252,#1261,#1268,#1276,#1282,#1283));
#1285=FACE_BOUND('',#1284,.T.);
#1286=ADVANCED_FACE('',(#1285),#1228,.F.);
#1287=CARTESIAN_POINT('',(-49.086677835,-35.055821276,6.077389024));
#1288=DIRECTION('',(0.,1.,0.));
#1289=DIRECTION('',(-1.,0.,0.));
#1290=AXIS2_PLACEMENT_3D('',#1287,#1288,#1289);
#1291=PLANE('',#1290);
#1292=CARTESIAN_POINT('',(13.583639748,-35.055821276,-0.268159109));
#1293=VERTEX_POINT('',#1292);
#1294=CARTESIAN_POINT('',(13.5862937,-35.055821276,-0.268164649));
#1295=VERTEX_POINT('',#1294);
#1296=CARTESIAN_POINT('',(13.583639748,-35.055821276,-0.268159109));
#1297=DIRECTION('',(0.999997822,0.,-0.002087334));
#1298=VECTOR('',#1297,0.002653958);
#1299=LINE('',#1296,#1298);
#1300=EDGE_CURVE('',#1293,#1295,#1299,.T.);
#1301=ORIENTED_EDGE('',*,*,#1300,.F.);
#1302=CARTESIAN_POINT('',(13.583639748,-35.055821276,-0.278628873));
#1303=VERTEX_POINT('',#1302);
#1304=CARTESIAN_POINT('',(13.583639748,-35.055821276,-0.278628873));
#1305=DIRECTION('',(0.,0.,1.));
#1306=VECTOR('',#1305,0.010469764);
#1307=LINE('',#1304,#1306);
#1308=EDGE_CURVE('',#1303,#1293,#1307,.T.);
#1309=ORIENTED_EDGE('',*,*,#1308,.F.);
#1310=CARTESIAN_POINT('',(13.5862937,-35.055821276,-0.278628873));
#1311=VERTEX_POINT('',#1310);
#1312=CARTESIAN_POINT('',(13.583639748,-35.055821276,-0.278628873));
#1313=DIRECTION('',(1.,0.,-0.));
#1314=VECTOR('',#1313,0.002653952);
#1315=LINE('',#1312,#1314);
#1316=EDGE_CURVE('',#1303,#1311,#1315,.T.);
#1317=ORIENTED_EDGE('',*,*,#1316,.T.);
#1318=CARTESIAN_POINT('',(13.5862937,-35.055821276,-0.268164649));
#1319=DIRECTION('',(0.,0.,-1.));
#1320=VECTOR('',#1319,0.010464224);
#1321=LINE('',#1318,#1320);
#1322=EDGE_CURVE('',#1295,#1311,#1321,.T.);
#1323=ORIENTED_EDGE('',*,*,#1322,.F.);
#1324=EDGE_LOOP('',(#1301,#1309,#1317,#1323));
#1325=FACE_BOUND('',#1324,.T.);
#1326=ADVANCED_FACE('',(#1325),#1291,.F.);
#1327=CARTESIAN_POINT('',(-49.086677835,-35.055821276,6.077389024));
#1328=DIRECTION('',(0.,1.,0.));
#1329=DIRECTION('',(-1.,0.,0.));
#1330=AXIS2_PLACEMENT_3D('',#1327,#1328,#1329);
#1331=PLANE('',#1330);
#1332=ORIENTED_EDGE('',*,*,#675,.T.);
#1333=ORIENTED_EDGE('',*,*,#736,.F.);
#1334=CARTESIAN_POINT('',(17.709954916,-35.055821276,20.665499187));
#1335=VERTEX_POINT('',#1334);
#1336=CARTESIAN_POINT('',(17.709954916,-35.055821276,20.665499187));
#1337=DIRECTION('',(1.,0.,-0.));
#1338=VECTOR('',#1337,0.035321734);
#1339=LINE('',#1336,#1338);
#1340=EDGE_CURVE('',#1335,#723,#1339,.T.);
#1341=ORIENTED_EDGE('',*,*,#1340,.F.);
#1342=CARTESIAN_POINT('',(13.525576803,-35.055821276,15.18043735));
#1343=VERTEX_POINT('',#1342);
#1344=CARTESIAN_POINT('',(17.709954916,-35.055821276,20.665499187));
#1345=DIRECTION('',(-0.606527651,0.,-0.795062393));
#1346=VECTOR('',#1345,6.898907417);
#1347=LINE('',#1344,#1346);
#1348=EDGE_CURVE('',#1335,#1343,#1347,.T.);
#1349=ORIENTED_EDGE('',*,*,#1348,.T.);
#1350=CARTESIAN_POINT('',(13.525576803,-35.055821276,6.077389024));
#1351=VERTEX_POINT('',#1350);
#1352=CARTESIAN_POINT('',(13.525576803,-35.055821276,15.18043735));
#1353=DIRECTION('',(0.,0.,-1.));
#1354=VECTOR('',#1353,9.103048326);
#1355=LINE('',#1352,#1354);
#1356=EDGE_CURVE('',#1343,#1351,#1355,.T.);
#1357=ORIENTED_EDGE('',*,*,#1356,.T.);
#1358=CARTESIAN_POINT('',(13.579834727,-35.055821276,6.077389024));
#1359=VERTEX_POINT('',#1358);
#1360=CARTESIAN_POINT('',(13.579834727,-35.055821276,6.077389024));
#1361=DIRECTION('',(-1.,0.,0.));
#1362=VECTOR('',#1361,0.054257924);
#1363=LINE('',#1360,#1362);
#1364=EDGE_CURVE('',#1359,#1351,#1363,.T.);
#1365=ORIENTED_EDGE('',*,*,#1364,.F.);
#1366=CARTESIAN_POINT('',(13.579834727,-35.055821276,6.077389024));
#1367=DIRECTION('',(0.000000001,0.,1.));
#1368=VECTOR('',#1367,2.596829146);
#1369=LINE('',#1366,#1368);
#1370=EDGE_CURVE('',#1359,#987,#1369,.T.);
#1371=ORIENTED_EDGE('',*,*,#1370,.T.);
#1372=ORIENTED_EDGE('',*,*,#992,.F.);
#1373=EDGE_LOOP('',(#1332,#1333,#1341,#1349,#1357,#1365,#1371,#1372));
#1374=FACE_BOUND('',#1373,.T.);
#1375=ADVANCED_FACE('',(#1374),#1331,.F.);
#1376=CARTESIAN_POINT('',(13.583121926,-29.969915514,-0.263611446));
#1377=DIRECTION('',(-0.999999995,-0.000101815,0.));
#1378=DIRECTION('',(0.000101815,-0.999999995,0.));
#1379=AXIS2_PLACEMENT_3D('',#1376,#1377,#1378);
#1380=PLANE('',#1379);
#1381=ORIENTED_EDGE('',*,*,#1308,.T.);
#1382=CARTESIAN_POINT('',(13.583639416,-35.052560515,-0.268159109));
#1383=VERTEX_POINT('',#1382);
#1384=CARTESIAN_POINT('',(13.583639748,-35.055821276,-0.268159109));
#1385=DIRECTION('',(-0.000101815,0.999999995,0.000000213));
#1386=VECTOR('',#1385,0.003260761);
#1387=LINE('',#1384,#1386);
#1388=EDGE_CURVE('',#1293,#1383,#1387,.T.);
#1389=ORIENTED_EDGE('',*,*,#1388,.T.);
#1390=CARTESIAN_POINT('',(13.583597918,-35.052560511,3.946162513));
#1391=VERTEX_POINT('',#1390);
#1392=CARTESIAN_POINT('',(13.583639416,-35.052560515,3.946162513));
#1393=DIRECTION('',(0.,-0.,-1.));
#1394=VECTOR('',#1393,4.214321622);
#1395=LINE('',#1392,#1394);
#1396=EDGE_CURVE('',#1391,#1383,#1395,.T.);
#1397=ORIENTED_EDGE('',*,*,#1396,.F.);
#1398=CARTESIAN_POINT('',(13.58338644,-31.713577807,3.946162513));
#1399=VERTEX_POINT('',#1398);
#1400=CARTESIAN_POINT('',(13.583639416,-35.052560507,3.946162513));
#1401=DIRECTION('',(-0.000101815,0.999999995,-0.));
#1402=VECTOR('',#1401,3.338982703);
#1403=LINE('',#1400,#1402);
#1404=EDGE_CURVE('',#1391,#1399,#1403,.T.);
#1405=ORIENTED_EDGE('',*,*,#1404,.T.);
#1406=CARTESIAN_POINT('',(13.583121927,-29.969915514,3.946162513));
#1407=VERTEX_POINT('',#1406);
#1408=CARTESIAN_POINT('',(13.583299457,-31.713577821,3.946162513));
#1409=DIRECTION('',(-0.000101815,0.999999995,-0.));
#1410=VECTOR('',#1409,1.743662316);
#1411=LINE('',#1408,#1410);
#1412=EDGE_CURVE('',#1399,#1407,#1411,.T.);
#1413=ORIENTED_EDGE('',*,*,#1412,.T.);
#1414=CARTESIAN_POINT('',(13.583015802,-28.927591562,3.946162513));
#1415=VERTEX_POINT('',#1414);
#1416=CARTESIAN_POINT('',(13.583015802,-28.927591563,3.946162513));
#1417=DIRECTION('',(0.000101815,-0.999999995,0.));
#1418=VECTOR('',#1417,1.042323956);
#1419=LINE('',#1416,#1418);
#1420=EDGE_CURVE('',#1415,#1407,#1419,.T.);
#1421=ORIENTED_EDGE('',*,*,#1420,.F.);
#1422=CARTESIAN_POINT('',(13.583015802,-28.927591562,1.596337964));
#1423=VERTEX_POINT('',#1422);
#1424=CARTESIAN_POINT('',(13.583015802,-28.927591563,1.596337964));
#1425=DIRECTION('',(0.,0.,1.));
#1426=VECTOR('',#1425,2.349824549);
#1427=LINE('',#1424,#1426);
#1428=EDGE_CURVE('',#1423,#1415,#1427,.T.);
#1429=ORIENTED_EDGE('',*,*,#1428,.F.);
#1430=CARTESIAN_POINT('',(13.583056287,-29.303015639,1.216582336));
#1431=VERTEX_POINT('',#1430);
#1432=CARTESIAN_POINT('',(13.583054043,-29.303179346,1.216539197));
#1433=CARTESIAN_POINT('',(13.583015802,-28.927591563,1.596337964));
#1434=B_SPLINE_CURVE_WITH_KNOTS('',1,(#1432,#1433),.UNSPECIFIED.,.F.,.F.,(2,2),(0.,0.534147253),.UNSPECIFIED.);
#1435=EDGE_CURVE('',#1431,#1423,#1434,.T.);
#1436=ORIENTED_EDGE('',*,*,#1435,.F.);
#1437=CARTESIAN_POINT('',(13.583206235,-30.797968227,-0.278628873));
#1438=VERTEX_POINT('',#1437);
#1439=CARTESIAN_POINT('',(13.583054043,-29.303179346,1.216539197));
#1440=CARTESIAN_POINT('',(13.583206234,-30.797968227,-0.278628873));
#1441=B_SPLINE_CURVE_WITH_KNOTS('',1,(#1439,#1440),.UNSPECIFIED.,.F.,.F.,(2,2),(0.,2.114218858),.UNSPECIFIED.);
#1442=EDGE_CURVE('',#1431,#1438,#1441,.T.);
#1443=ORIENTED_EDGE('',*,*,#1442,.T.);
#1444=CARTESIAN_POINT('',(13.583206234,-30.797968227,-0.278628873));
#1445=DIRECTION('',(0.000101815,-0.999999995,0.));
#1446=VECTOR('',#1445,4.257853071);
#1447=LINE('',#1444,#1446);
#1448=EDGE_CURVE('',#1438,#1303,#1447,.T.);
#1449=ORIENTED_EDGE('',*,*,#1448,.T.);
#1450=EDGE_LOOP('',(#1381,#1389,#1397,#1405,#1413,#1421,#1429,#1436,#1443,#1449));
#1451=FACE_BOUND('',#1450,.T.);
#1452=ADVANCED_FACE('',(#1451),#1380,.T.);
#1453=CARTESIAN_POINT('',(14.715425356,-31.695838047,-0.279201894));
#1454=DIRECTION('',(0.,0.,1.));
#1455=DIRECTION('',(1.,0.,0.));
#1456=AXIS2_PLACEMENT_3D('',#1453,#1454,#1455);
#1457=PLANE('',#1456);
#1458=CARTESIAN_POINT('',(17.277351527,-10.594725463,-0.279201894));
#1459=VERTEX_POINT('',#1458);
#1460=CARTESIAN_POINT('',(18.705353217,-10.384511386,-0.278937869));
#1461=VERTEX_POINT('',#1460);
#1462=CARTESIAN_POINT('',(17.277351527,-10.594725463,-0.279201894));
#1463=CARTESIAN_POINT('',(17.753351908,-10.524654104,-0.279201894));
#1464=CARTESIAN_POINT('',(18.229352288,-10.454582745,-0.279201894));
#1465=CARTESIAN_POINT('',(18.705352669,-10.384511386,-0.279201894));
#1466=B_SPLINE_CURVE_WITH_KNOTS('',3,(#1462,#1463,#1464,#1465),.UNSPECIFIED.,.F.,.F.,(4,4),(-0.,0.001443391),.UNSPECIFIED.);
#1467=EDGE_CURVE('',#1459,#1461,#1466,.T.);
#1468=ORIENTED_EDGE('',*,*,#1467,.T.);
#1469=CARTESIAN_POINT('',(18.874005254,-10.384511386,-0.279201894));
#1470=VERTEX_POINT('',#1469);
#1471=CARTESIAN_POINT('',(18.705352675,-10.384511385,-0.279201894));
#1472=DIRECTION('',(1.,0.,-0.));
#1473=VECTOR('',#1472,0.168652578);
#1474=LINE('',#1471,#1473);
#1475=EDGE_CURVE('',#1461,#1470,#1474,.T.);
#1476=ORIENTED_EDGE('',*,*,#1475,.T.);
#1477=CARTESIAN_POINT('',(18.874005254,-10.384511386,-0.279201894));
#1478=DIRECTION('',(0.,-1.,0.));
#1479=VECTOR('',#1478,1.618382342);
#1480=LINE('',#1477,#1479);
#1481=EDGE_CURVE('',#1470,#868,#1480,.T.);
#1482=ORIENTED_EDGE('',*,*,#1481,.T.);
#1483=ORIENTED_EDGE('',*,*,#911,.F.);
#1484=CARTESIAN_POINT('',(18.377847847,-14.608888055,-0.279201894));
#1485=VERTEX_POINT('',#1484);
#1486=CARTESIAN_POINT('',(18.377847847,-12.002893728,-0.279201894));
#1487=DIRECTION('',(-0.,-1.,-0.));
#1488=VECTOR('',#1487,2.605994327);
#1489=LINE('',#1486,#1488);
#1490=EDGE_CURVE('',#900,#1485,#1489,.T.);
#1491=ORIENTED_EDGE('',*,*,#1490,.T.);
#1492=CARTESIAN_POINT('',(17.898799746,-14.608888055,-0.279201894));
#1493=VERTEX_POINT('',#1492);
#1494=CARTESIAN_POINT('',(18.377847847,-14.608888055,-0.279201894));
#1495=CARTESIAN_POINT('',(17.898799746,-14.608888055,-0.279201894));
#1496=B_SPLINE_CURVE_WITH_KNOTS('',1,(#1494,#1495),.UNSPECIFIED.,.F.,.F.,(2,2),(0.,0.479048101),.UNSPECIFIED.);
#1497=EDGE_CURVE('',#1485,#1493,#1496,.T.);
#1498=ORIENTED_EDGE('',*,*,#1497,.T.);
#1499=CARTESIAN_POINT('',(17.277351527,-12.194080175,-0.279201894));
#1500=VERTEX_POINT('',#1499);
#1501=CARTESIAN_POINT('',(16.523431013,-13.675469268,-0.279201894));
#1502=DIRECTION('',(-0.,-0.,1.));
#1503=DIRECTION('',(0.,1.,0.));
#1504=AXIS2_PLACEMENT_3D('',#1501,#1502,#1503);
#1505=CIRCLE('',#1504,1.662200284);
#1506=EDGE_CURVE('',#1493,#1500,#1505,.T.);
#1507=ORIENTED_EDGE('',*,*,#1506,.T.);
#1508=CARTESIAN_POINT('',(17.277300706,-10.819363227,-0.279201894));
#1509=VERTEX_POINT('',#1508);
#1510=CARTESIAN_POINT('',(17.277351527,-12.194080175,-0.279201894));
#1511=DIRECTION('',(0.,1.,0.));
#1512=VECTOR('',#1511,1.374917979);
#1513=LINE('',#1510,#1512);
#1514=EDGE_CURVE('',#1500,#1509,#1513,.T.);
#1515=ORIENTED_EDGE('',*,*,#1514,.T.);
#1516=CARTESIAN_POINT('',(17.277351527,-10.819363227,-0.279201894));
#1517=DIRECTION('',(0.,1.,0.));
#1518=VECTOR('',#1517,0.224637764);
#1519=LINE('',#1516,#1518);
#1520=EDGE_CURVE('',#1509,#1459,#1519,.T.);
#1521=ORIENTED_EDGE('',*,*,#1520,.T.);
#1522=EDGE_LOOP('',(#1468,#1476,#1482,#1483,#1491,#1498,#1507,#1515,#1521));
#1523=FACE_BOUND('',#1522,.T.);
#1524=ADVANCED_FACE('',(#1523),#1457,.F.);
#1525=CARTESIAN_POINT('',(28.430969414,-33.611307094,-18.981570694));
#1526=DIRECTION('',(-0.999999333,0.001154817,0.));
#1527=DIRECTION('',(-0.001154817,-0.999999333,0.));
#1528=AXIS2_PLACEMENT_3D('',#1525,#1526,#1527);
#1529=CYLINDRICAL_SURFACE('',#1528,1.460991896);
#1530=ORIENTED_EDGE('',*,*,#1174,.F.);
#1531=ORIENTED_EDGE('',*,*,#835,.F.);
#1532=CARTESIAN_POINT('',(38.535402669,-33.62297587,-20.44256259));
#1533=VERTEX_POINT('',#1532);
#1534=CARTESIAN_POINT('',(38.535402669,-33.62297587,-20.44256259));
#1535=DIRECTION('',(-0.999999333,0.001154817,0.));
#1536=VECTOR('',#1535,7.442437932);
#1537=LINE('',#1534,#1536);
#1538=EDGE_CURVE('',#1533,#821,#1537,.T.);
#1539=ORIENTED_EDGE('',*,*,#1538,.F.);
#1540=CARTESIAN_POINT('',(38.535402669,-33.62297587,-18.981570694));
#1541=DIRECTION('',(1.,0.,0.));
#1542=DIRECTION('',(-0.,1.,0.));
#1543=AXIS2_PLACEMENT_3D('',#1540,#1541,#1542);
#1544=ELLIPSE('',#1543,1.46099287,1.460991896);
#1545=EDGE_CURVE('',#1169,#1533,#1544,.T.);
#1546=ORIENTED_EDGE('',*,*,#1545,.F.);
#1547=EDGE_LOOP('',(#1530,#1531,#1539,#1546));
#1548=FACE_BOUND('',#1547,.T.);
#1549=ADVANCED_FACE('',(#1548),#1529,.T.);
#1550=CARTESIAN_POINT('',(18.874005254,-10.384511387,-18.95565772));
#1551=DIRECTION('',(-1.,0.,0.));
#1552=DIRECTION('',(0.,0.,1.));
#1553=AXIS2_PLACEMENT_3D('',#1550,#1551,#1552);
#1554=PLANE('',#1553);
#1555=ORIENTED_EDGE('',*,*,#1481,.F.);
#1556=CARTESIAN_POINT('',(18.874005254,-10.384511387,-5.77222725));
#1557=DIRECTION('',(0.,0.,1.));
#1558=VECTOR('',#1557,5.493025356);
#1559=LINE('',#1556,#1558);
#1560=EDGE_CURVE('',#788,#1470,#1559,.T.);
#1561=ORIENTED_EDGE('',*,*,#1560,.F.);
#1562=ORIENTED_EDGE('',*,*,#793,.T.);
#1563=ORIENTED_EDGE('',*,*,#873,.T.);
#1564=EDGE_LOOP('',(#1555,#1561,#1562,#1563));
#1565=FACE_BOUND('',#1564,.T.);
#1566=ADVANCED_FACE('',(#1565),#1554,.T.);
#1567=CARTESIAN_POINT('',(19.955569302,-35.999052081,21.483988448));
#1568=DIRECTION('',(0.970737171,0.,0.240144425));
#1569=DIRECTION('',(-0.240144425,0.,0.970737171));
#1570=AXIS2_PLACEMENT_3D('',#1567,#1568,#1569);
#1571=PLANE('',#1570);
#1572=CARTESIAN_POINT('',(23.463858395,-8.88682456,7.302411539));
#1573=VERTEX_POINT('',#1572);
#1574=CARTESIAN_POINT('',(23.463858395,-8.88682456,7.302411539));
#1575=DIRECTION('',(0.240144425,0.,-0.970737171));
#1576=VECTOR('',#1575,1.714734134);
#1577=LINE('',#1574,#1576);
#1578=EDGE_CURVE('',#1573,#210,#1577,.T.);
#1579=ORIENTED_EDGE('',*,*,#1578,.F.);
#1580=CARTESIAN_POINT('',(23.125154087,-10.255876454,8.671557883));
#1581=VERTEX_POINT('',#1580);
#1582=CARTESIAN_POINT('',(23.463858395,-8.88682456,7.302411539));
#1583=DIRECTION('',(-0.172315943,-0.696505663,0.696553715));
#1584=VECTOR('',#1583,1.965600521);
#1585=LINE('',#1582,#1584);
#1586=EDGE_CURVE('',#1573,#1581,#1585,.T.);
#1587=ORIENTED_EDGE('',*,*,#1586,.T.);
#1588=CARTESIAN_POINT('',(23.125154087,-10.255876454,8.671557883));
#1589=DIRECTION('',(-0.,-1.,-0.));
#1590=VECTOR('',#1589,0.128634933);
#1591=LINE('',#1588,#1590);
#1592=EDGE_CURVE('',#1581,#1074,#1591,.T.);
#1593=ORIENTED_EDGE('',*,*,#1592,.T.);
#1594=ORIENTED_EDGE('',*,*,#1079,.F.);
#1595=CARTESIAN_POINT('',(20.158050095,-67.669773717,20.665499187));
#1596=VERTEX_POINT('',#1595);
#1597=CARTESIAN_POINT('',(20.158050095,-10.384511387,20.665499187));
#1598=DIRECTION('',(-0.,-1.,-0.));
#1599=VECTOR('',#1598,57.28526233);
#1600=LINE('',#1597,#1599);
#1601=EDGE_CURVE('',#1066,#1596,#1600,.T.);
#1602=ORIENTED_EDGE('',*,*,#1601,.T.);
#1603=CARTESIAN_POINT('',(23.775712479,-67.669773717,6.041802004));
#1604=VERTEX_POINT('',#1603);
#1605=CARTESIAN_POINT('',(20.158050095,-67.669773717,20.665499187));
#1606=DIRECTION('',(0.240144425,0.,-0.970737171));
#1607=VECTOR('',#1606,15.064527885);
#1608=LINE('',#1605,#1607);
#1609=EDGE_CURVE('',#1596,#1604,#1608,.T.);
#1610=ORIENTED_EDGE('',*,*,#1609,.T.);
#1611=CARTESIAN_POINT('',(23.775712479,-53.452192084,6.041802004));
#1612=VERTEX_POINT('',#1611);
#1613=CARTESIAN_POINT('',(23.775712479,-67.669773717,6.041802004));
#1614=DIRECTION('',(0.,1.,0.));
#1615=VECTOR('',#1614,14.217581633);
#1616=LINE('',#1613,#1615);
#1617=EDGE_CURVE('',#1604,#1612,#1616,.T.);
#1618=ORIENTED_EDGE('',*,*,#1617,.T.);
#1619=CARTESIAN_POINT('',(23.775712479,-53.452192084,6.041802004));
#1620=DIRECTION('',(-0.169807751,0.707106781,0.686414836));
#1621=VECTOR('',#1620,3.701634814);
#1622=LINE('',#1619,#1621);
#1623=EDGE_CURVE('',#1612,#694,#1622,.T.);
#1624=ORIENTED_EDGE('',*,*,#1623,.T.);
#1625=ORIENTED_EDGE('',*,*,#699,.F.);
#1626=ORIENTED_EDGE('',*,*,#943,.T.);
#1627=CARTESIAN_POINT('',(23.875642237,-33.411474988,5.637855376));
#1628=DIRECTION('',(-0.,-1.,-0.));
#1629=VECTOR('',#1628,3.138772354);
#1630=LINE('',#1627,#1629);
#1631=EDGE_CURVE('',#271,#932,#1630,.T.);
#1632=ORIENTED_EDGE('',*,*,#1631,.F.);
#1633=ORIENTED_EDGE('',*,*,#292,.T.);
#1634=CARTESIAN_POINT('',(24.294139253,-12.002893728,3.946162513));
#1635=DIRECTION('',(-0.,-1.,-0.));
#1636=VECTOR('',#1635,21.409064548);
#1637=LINE('',#1634,#1636);
#1638=EDGE_CURVE('',#248,#281,#1637,.T.);
#1639=ORIENTED_EDGE('',*,*,#1638,.F.);
#1640=ORIENTED_EDGE('',*,*,#260,.F.);
#1641=ORIENTED_EDGE('',*,*,#223,.F.);
#1642=EDGE_LOOP('',(#1579,#1587,#1593,#1594,#1602,#1610,#1618,#1624,#1625,#1626,#1632,#1633,#1639,#1640,#1641));
#1643=FACE_BOUND('',#1642,.T.);
#1644=ORIENTED_EDGE('',*,*,#412,.F.);
#1645=ORIENTED_EDGE('',*,*,#503,.F.);
#1646=EDGE_LOOP('',(#1644,#1645));
#1647=FACE_BOUND('',#1646,.T.);
#1648=ADVANCED_FACE('',(#1643,#1647),#1571,.T.);
#1649=CARTESIAN_POINT('',(31.139523251,-22.727689958,-1.626025637));
#1650=DIRECTION('',(0.707106781,0.,0.707106781));
#1651=DIRECTION('',(0.,1.,0.));
#1652=AXIS2_PLACEMENT_3D('',#1649,#1650,#1651);
#1653=PLANE('',#1652);
#1654=CARTESIAN_POINT('',(29.387145182,-34.407202645,0.126352432));
#1655=VERTEX_POINT('',#1654);
#1656=CARTESIAN_POINT('',(29.387145182,-33.417839768,0.126352432));
#1657=VERTEX_POINT('',#1656);
#1658=CARTESIAN_POINT('',(29.387145182,-34.407202645,0.126352432));
#1659=DIRECTION('',(0.,1.,-0.));
#1660=VECTOR('',#1659,0.989362877);
#1661=LINE('',#1658,#1660);
#1662=EDGE_CURVE('',#1655,#1657,#1661,.T.);
#1663=ORIENTED_EDGE('',*,*,#1662,.F.);
#1664=CARTESIAN_POINT('',(25.5673351,-34.407202645,3.946162513));
#1665=VERTEX_POINT('',#1664);
#1666=CARTESIAN_POINT('',(29.387145182,-34.407202645,0.126352432));
#1667=DIRECTION('',(-0.707106781,0.,0.707106781));
#1668=VECTOR('',#1667,5.402027222);
#1669=LINE('',#1666,#1668);
#1670=EDGE_CURVE('',#1655,#1665,#1669,.T.);
#1671=ORIENTED_EDGE('',*,*,#1670,.T.);
#1672=CARTESIAN_POINT('',(25.5673351,-33.413428584,3.946162513));
#1673=DIRECTION('',(0.,-1.,0.));
#1674=VECTOR('',#1673,0.993774061);
#1675=LINE('',#1672,#1674);
#1676=EDGE_CURVE('',#273,#1665,#1675,.T.);
#1677=ORIENTED_EDGE('',*,*,#1676,.F.);
#1678=ORIENTED_EDGE('',*,*,#278,.F.);
#1679=ORIENTED_EDGE('',*,*,#1631,.T.);
#1680=ORIENTED_EDGE('',*,*,#937,.T.);
#1681=CARTESIAN_POINT('',(35.474333627,-35.564965735,-5.960836013));
#1682=VERTEX_POINT('',#1681);
#1683=CARTESIAN_POINT('',(34.489052019,-36.550247342,-4.975554406));
#1684=DIRECTION('',(0.577350269,0.577350269,-0.577350269));
#1685=VECTOR('',#1684,1.706557804);
#1686=LINE('',#1683,#1685);
#1687=EDGE_CURVE('',#924,#1682,#1686,.T.);
#1688=ORIENTED_EDGE('',*,*,#1687,.T.);
#1689=CARTESIAN_POINT('',(35.474333627,-35.080433764,-5.960836013));
#1690=DIRECTION('',(0.,-1.,0.));
#1691=VECTOR('',#1690,0.484531971);
#1692=LINE('',#1689,#1691);
#1693=EDGE_CURVE('',#1160,#1682,#1692,.T.);
#1694=ORIENTED_EDGE('',*,*,#1693,.F.);
#1695=ORIENTED_EDGE('',*,*,#1188,.T.);
#1696=CARTESIAN_POINT('',(38.535402669,-33.428404336,-9.021905056));
#1697=VERTEX_POINT('',#1696);
#1698=CARTESIAN_POINT('',(38.535402669,-33.428404336,-9.021905056));
#1699=DIRECTION('',(0.,-1.,0.));
#1700=VECTOR('',#1699,1.655564404);
#1701=LINE('',#1698,#1700);
#1702=EDGE_CURVE('',#1697,#1177,#1701,.T.);
#1703=ORIENTED_EDGE('',*,*,#1702,.F.);
#1704=CARTESIAN_POINT('',(29.387145182,-33.417839768,0.126352432));
#1705=DIRECTION('',(0.707106545,-0.000816579,-0.707106545));
#1706=VECTOR('',#1705,12.937594125);
#1707=LINE('',#1704,#1706);
#1708=EDGE_CURVE('',#1657,#1697,#1707,.T.);
#1709=ORIENTED_EDGE('',*,*,#1708,.F.);
#1710=EDGE_LOOP('',(#1663,#1671,#1677,#1678,#1679,#1680,#1688,#1694,#1695,#1703,#1709));
#1711=FACE_BOUND('',#1710,.T.);
#1712=ADVANCED_FACE('',(#1711),#1653,.T.);
#1713=CARTESIAN_POINT('',(38.535402669,-22.727689958,11.996808571));
#1714=DIRECTION('',(1.,0.,0.));
#1715=DIRECTION('',(0.,0.,-1.));
#1716=AXIS2_PLACEMENT_3D('',#1713,#1714,#1715);
#1717=PLANE('',#1716);
#1718=ORIENTED_EDGE('',*,*,#1702,.T.);
#1719=ORIENTED_EDGE('',*,*,#1182,.F.);
#1720=ORIENTED_EDGE('',*,*,#1545,.T.);
#1721=CARTESIAN_POINT('',(38.535402669,-11.912996479,-20.44256259));
#1722=VERTEX_POINT('',#1721);
#1723=CARTESIAN_POINT('',(38.535402669,-11.912996479,-20.44256259));
#1724=DIRECTION('',(0.,-1.,0.));
#1725=VECTOR('',#1724,21.709979392);
#1726=LINE('',#1723,#1725);
#1727=EDGE_CURVE('',#1722,#1533,#1726,.T.);
#1728=ORIENTED_EDGE('',*,*,#1727,.F.);
#1729=CARTESIAN_POINT('',(38.535402669,-11.912996479,-18.914077498));
#1730=DIRECTION('',(1.,0.,0.));
#1731=DIRECTION('',(0.,0.,-1.));
#1732=AXIS2_PLACEMENT_3D('',#1729,#1730,#1731);
#1733=CIRCLE('',#1732,1.528485092);
#1734=EDGE_CURVE('',#1722,#1027,#1733,.T.);
#1735=ORIENTED_EDGE('',*,*,#1734,.T.);
#1736=ORIENTED_EDGE('',*,*,#1032,.T.);
#1737=ORIENTED_EDGE('',*,*,#183,.T.);
#1738=ORIENTED_EDGE('',*,*,#888,.F.);
#1739=CARTESIAN_POINT('',(38.535402669,-33.428404336,-18.72113462));
#1740=VERTEX_POINT('',#1739);
#1741=CARTESIAN_POINT('',(38.535402669,-33.428404336,-18.72113462));
#1742=DIRECTION('',(0.,1.,0.));
#1743=VECTOR('',#1742,21.425510608);
#1744=LINE('',#1741,#1743);
#1745=EDGE_CURVE('',#1740,#877,#1744,.T.);
#1746=ORIENTED_EDGE('',*,*,#1745,.F.);
#1747=CARTESIAN_POINT('',(38.535402669,-33.428404336,-18.72113462));
#1748=DIRECTION('',(0.,0.,1.));
#1749=VECTOR('',#1748,9.699229564);
#1750=LINE('',#1747,#1749);
#1751=EDGE_CURVE('',#1740,#1697,#1750,.T.);
#1752=ORIENTED_EDGE('',*,*,#1751,.T.);
#1753=EDGE_LOOP('',(#1718,#1719,#1720,#1728,#1735,#1736,#1737,#1738,#1746,#1752));
#1754=FACE_BOUND('',#1753,.T.);
#1755=ADVANCED_FACE('',(#1754),#1717,.T.);
#1756=CARTESIAN_POINT('',(18.377847847,-11.944524318,-0.279201894));
#1757=DIRECTION('',(-1.,0.,0.));
#1758=DIRECTION('',(0.,-1.,0.));
#1759=AXIS2_PLACEMENT_3D('',#1756,#1757,#1758);
#1760=PLANE('',#1759);
#1761=CARTESIAN_POINT('',(18.377847847,-11.56051242,0.126352432));
#1762=VERTEX_POINT('',#1761);
#1763=CARTESIAN_POINT('',(18.377847847,-11.56051242,0.126352432));
#1764=DIRECTION('',(0.,-1.,0.));
#1765=VECTOR('',#1764,0.442381308);
#1766=LINE('',#1763,#1765);
#1767=EDGE_CURVE('',#1762,#892,#1766,.T.);
#1768=ORIENTED_EDGE('',*,*,#1767,.F.);
#1769=CARTESIAN_POINT('',(18.377847847,-11.56051242,3.946162513));
#1770=VERTEX_POINT('',#1769);
#1771=CARTESIAN_POINT('',(18.377847847,-11.56051242,0.126352432));
#1772=DIRECTION('',(0.,0.,1.));
#1773=VECTOR('',#1772,3.819810081);
#1774=LINE('',#1771,#1773);
#1775=EDGE_CURVE('',#1762,#1770,#1774,.T.);
#1776=ORIENTED_EDGE('',*,*,#1775,.T.);
#1777=CARTESIAN_POINT('',(18.377847847,-16.486552312,3.946162513));
#1778=VERTEX_POINT('',#1777);
#1779=CARTESIAN_POINT('',(18.377847847,-11.56051242,3.946162513));
#1780=DIRECTION('',(0.,-1.,0.));
#1781=VECTOR('',#1780,4.926039892);
#1782=LINE('',#1779,#1781);
#1783=EDGE_CURVE('',#1770,#1778,#1782,.T.);
#1784=ORIENTED_EDGE('',*,*,#1783,.T.);
#1785=CARTESIAN_POINT('',(18.377847847,-16.486552312,1.598462363));
#1786=VERTEX_POINT('',#1785);
#1787=CARTESIAN_POINT('',(18.377847847,-16.486552312,3.946162513));
#1788=DIRECTION('',(0.,0.,-1.));
#1789=VECTOR('',#1788,2.34770015);
#1790=LINE('',#1787,#1789);
#1791=EDGE_CURVE('',#1778,#1786,#1790,.T.);
#1792=ORIENTED_EDGE('',*,*,#1791,.T.);
#1793=CARTESIAN_POINT('',(18.377847847,-15.014442381,0.126352432));
#1794=VERTEX_POINT('',#1793);
#1795=CARTESIAN_POINT('',(18.377847847,-16.486552312,1.598462363));
#1796=DIRECTION('',(0.,0.707106781,-0.707106781));
#1797=VECTOR('',#1796,2.08187783);
#1798=LINE('',#1795,#1797);
#1799=EDGE_CURVE('',#1786,#1794,#1798,.T.);
#1800=ORIENTED_EDGE('',*,*,#1799,.T.);
#1801=CARTESIAN_POINT('',(18.377847847,-15.014442381,0.126352432));
#1802=DIRECTION('',(0.,0.707106781,-0.707106781));
#1803=VECTOR('',#1802,0.573540428);
#1804=LINE('',#1801,#1803);
#1805=EDGE_CURVE('',#1794,#1485,#1804,.T.);
#1806=ORIENTED_EDGE('',*,*,#1805,.T.);
#1807=ORIENTED_EDGE('',*,*,#1490,.F.);
#1808=ORIENTED_EDGE('',*,*,#905,.T.);
#1809=EDGE_LOOP('',(#1768,#1776,#1784,#1792,#1800,#1806,#1807,#1808));
#1810=FACE_BOUND('',#1809,.T.);
#1811=ADVANCED_FACE('',(#1810),#1760,.F.);
#1812=CARTESIAN_POINT('',(38.535402669,-67.669773717,21.483988448));
#1813=DIRECTION('',(0.,-1.,-0.));
#1814=DIRECTION('',(0.,0.,-1.));
#1815=AXIS2_PLACEMENT_3D('',#1812,#1813,#1814);
#1816=PLANE('',#1815);
#1817=ORIENTED_EDGE('',*,*,#659,.T.);
#1818=CARTESIAN_POINT('',(20.077208163,-67.669773717,5.126852811));
#1819=DIRECTION('',(0.970737171,-0.,0.240144425));
#1820=VECTOR('',#1819,3.809995565);
#1821=LINE('',#1818,#1820);
#1822=EDGE_CURVE('',#646,#1604,#1821,.T.);
#1823=ORIENTED_EDGE('',*,*,#1822,.T.);
#1824=ORIENTED_EDGE('',*,*,#1609,.F.);
#1825=CARTESIAN_POINT('',(20.158050095,-67.669773717,20.665499187));
#1826=DIRECTION('',(-1.,0.,0.));
#1827=VECTOR('',#1826,2.412773445);
#1828=LINE('',#1825,#1827);
#1829=EDGE_CURVE('',#1596,#725,#1828,.T.);
#1830=ORIENTED_EDGE('',*,*,#1829,.T.);
#1831=ORIENTED_EDGE('',*,*,#743,.T.);
#1832=EDGE_LOOP('',(#1817,#1823,#1824,#1830,#1831));
#1833=FACE_BOUND('',#1832,.T.);
#1834=ADVANCED_FACE('',(#1833),#1816,.T.);
#1835=CARTESIAN_POINT('',(28.456625258,-11.394945105,-20.44256259));
#1836=DIRECTION('',(0.,0.,1.));
#1837=DIRECTION('',(1.,0.,0.));
#1838=AXIS2_PLACEMENT_3D('',#1835,#1836,#1837);
#1839=PLANE('',#1838);
#1840=CARTESIAN_POINT('',(32.891113251,-24.271270452,-20.44256259));
#1841=VERTEX_POINT('',#1840);
#1842=CARTESIAN_POINT('',(36.346088682,-24.271270452,-20.44256259));
#1843=VERTEX_POINT('',#1842);
#1844=CARTESIAN_POINT('',(34.618600966,-24.271270452,-20.44256259));
#1845=DIRECTION('',(-0.,-0.,-1.));
#1846=DIRECTION('',(1.,0.,-0.));
#1847=AXIS2_PLACEMENT_3D('',#1844,#1845,#1846);
#1848=CIRCLE('',#1847,1.727487716);
#1849=EDGE_CURVE('',#1841,#1843,#1848,.T.);
#1850=ORIENTED_EDGE('',*,*,#1849,.F.);
#1851=CARTESIAN_POINT('',(34.618600966,-24.271270452,-20.44256259));
#1852=DIRECTION('',(-0.,-0.,-1.));
#1853=DIRECTION('',(1.,0.,-0.));
#1854=AXIS2_PLACEMENT_3D('',#1851,#1852,#1853);
#1855=CIRCLE('',#1854,1.727487716);
#1856=EDGE_CURVE('',#1843,#1841,#1855,.T.);
#1857=ORIENTED_EDGE('',*,*,#1856,.F.);
#1858=EDGE_LOOP('',(#1850,#1857));
#1859=FACE_BOUND('',#1858,.T.);
#1860=ORIENTED_EDGE('',*,*,#1538,.T.);
#1861=ORIENTED_EDGE('',*,*,#826,.T.);
#1862=CARTESIAN_POINT('',(31.0929697,-11.912996479,-20.44256259));
#1863=DIRECTION('',(1.,-0.,-0.));
#1864=VECTOR('',#1863,7.442432969);
#1865=LINE('',#1862,#1864);
#1866=EDGE_CURVE('',#812,#1722,#1865,.T.);
#1867=ORIENTED_EDGE('',*,*,#1866,.T.);
#1868=ORIENTED_EDGE('',*,*,#1727,.T.);
#1869=EDGE_LOOP('',(#1860,#1861,#1867,#1868));
#1870=FACE_BOUND('',#1869,.T.);
#1871=ADVANCED_FACE('',(#1859,#1870),#1839,.F.);
#1872=CARTESIAN_POINT('',(18.377847847,-11.944524318,-0.279201894));
#1873=DIRECTION('',(-1.,0.,0.));
#1874=DIRECTION('',(0.,-1.,0.));
#1875=AXIS2_PLACEMENT_3D('',#1872,#1873,#1874);
#1876=PLANE('',#1875);
#1877=CARTESIAN_POINT('',(18.377847847,-28.959453543,3.946162513));
#1878=VERTEX_POINT('',#1877);
#1879=CARTESIAN_POINT('',(18.377847847,-33.775941908,3.946162513));
#1880=VERTEX_POINT('',#1879);
#1881=CARTESIAN_POINT('',(18.377847847,-28.959453543,3.946162513));
#1882=DIRECTION('',(0.,-1.,0.));
#1883=VECTOR('',#1882,4.816488365);
#1884=LINE('',#1881,#1883);
#1885=EDGE_CURVE('',#1878,#1880,#1884,.T.);
#1886=ORIENTED_EDGE('',*,*,#1885,.T.);
#1887=CARTESIAN_POINT('',(18.377847847,-33.775941908,0.126352432));
#1888=VERTEX_POINT('',#1887);
#1889=CARTESIAN_POINT('',(18.377847847,-33.775941908,3.946162513));
#1890=DIRECTION('',(0.,-0.,-1.));
#1891=VECTOR('',#1890,3.819810081);
#1892=LINE('',#1889,#1891);
#1893=EDGE_CURVE('',#1880,#1888,#1892,.T.);
#1894=ORIENTED_EDGE('',*,*,#1893,.T.);
#1895=CARTESIAN_POINT('',(18.377847847,-33.405126038,0.126352432));
#1896=VERTEX_POINT('',#1895);
#1897=CARTESIAN_POINT('',(18.377847847,-33.775941908,0.126352432));
#1898=DIRECTION('',(0.,1.,-0.));
#1899=VECTOR('',#1898,0.37081587);
#1900=LINE('',#1897,#1899);
#1901=EDGE_CURVE('',#1888,#1896,#1900,.T.);
#1902=ORIENTED_EDGE('',*,*,#1901,.T.);
#1903=CARTESIAN_POINT('',(18.377847847,-33.405126038,-0.279201894));
#1904=DIRECTION('',(0.,0.,1.));
#1905=VECTOR('',#1904,0.405554326);
#1906=LINE('',#1903,#1905);
#1907=EDGE_CURVE('',#1270,#1896,#1906,.T.);
#1908=ORIENTED_EDGE('',*,*,#1907,.F.);
#1909=ORIENTED_EDGE('',*,*,#1275,.F.);
#1910=CARTESIAN_POINT('',(18.377847847,-30.392986923,0.126352432));
#1911=VERTEX_POINT('',#1910);
#1912=CARTESIAN_POINT('',(18.377847847,-30.392986923,0.126352432));
#1913=DIRECTION('',(-0.,-0.707106781,-0.707106781));
#1914=VECTOR('',#1913,0.573540427);
#1915=LINE('',#1912,#1914);
#1916=EDGE_CURVE('',#1911,#1263,#1915,.T.);
#1917=ORIENTED_EDGE('',*,*,#1916,.F.);
#1918=CARTESIAN_POINT('',(18.377847847,-29.337000077,1.182339278));
#1919=VERTEX_POINT('',#1918);
#1920=CARTESIAN_POINT('',(18.377847847,-29.337000077,1.182339278));
#1921=DIRECTION('',(-0.,-0.707106781,-0.707106781));
#1922=VECTOR('',#1921,1.49339092);
#1923=LINE('',#1920,#1922);
#1924=EDGE_CURVE('',#1919,#1911,#1923,.T.);
#1925=ORIENTED_EDGE('',*,*,#1924,.F.);
#1926=CARTESIAN_POINT('',(18.377847847,-28.959453543,1.564118757));
#1927=VERTEX_POINT('',#1926);
#1928=CARTESIAN_POINT('',(18.377847847,-29.337000077,1.182339278));
#1929=DIRECTION('',(0.,0.703154012,0.711037576));
#1930=VECTOR('',#1929,0.536932916);
#1931=LINE('',#1928,#1930);
#1932=EDGE_CURVE('',#1919,#1927,#1931,.T.);
#1933=ORIENTED_EDGE('',*,*,#1932,.T.);
#1934=CARTESIAN_POINT('',(18.377847847,-28.959453543,3.946162513));
#1935=DIRECTION('',(0.,0.,-1.));
#1936=VECTOR('',#1935,2.382043756);
#1937=LINE('',#1934,#1936);
#1938=EDGE_CURVE('',#1878,#1927,#1937,.T.);
#1939=ORIENTED_EDGE('',*,*,#1938,.F.);
#1940=EDGE_LOOP('',(#1886,#1894,#1902,#1908,#1909,#1917,#1925,#1933,#1939));
#1941=FACE_BOUND('',#1940,.T.);
#1942=ADVANCED_FACE('',(#1941),#1876,.F.);
#1943=CARTESIAN_POINT('',(17.277351527,-22.689018119,3.946162513));
#1944=DIRECTION('',(0.,0.,-1.));
#1945=DIRECTION('',(-1.,0.,0.));
#1946=AXIS2_PLACEMENT_3D('',#1943,#1944,#1945);
#1947=PLANE('',#1946);
#1948=ORIENTED_EDGE('',*,*,#237,.F.);
#1949=ORIENTED_EDGE('',*,*,#253,.T.);
#1950=ORIENTED_EDGE('',*,*,#1638,.T.);
#1951=ORIENTED_EDGE('',*,*,#286,.F.);
#1952=ORIENTED_EDGE('',*,*,#1676,.T.);
#1953=CARTESIAN_POINT('',(19.009108584,-34.407202645,3.946162513));
#1954=VERTEX_POINT('',#1953);
#1955=CARTESIAN_POINT('',(19.009108584,-34.407202645,3.946162513));
#1956=DIRECTION('',(1.,-0.,0.));
#1957=VECTOR('',#1956,6.558226516);
#1958=LINE('',#1955,#1957);
#1959=EDGE_CURVE('',#1954,#1665,#1958,.T.);
#1960=ORIENTED_EDGE('',*,*,#1959,.F.);
#1961=CARTESIAN_POINT('',(19.009108584,-34.407202645,3.946162513));
#1962=DIRECTION('',(-0.707106781,0.707106781,0.));
#1963=VECTOR('',#1962,0.892737496);
#1964=LINE('',#1961,#1963);
#1965=EDGE_CURVE('',#1954,#1880,#1964,.T.);
#1966=ORIENTED_EDGE('',*,*,#1965,.T.);
#1967=ORIENTED_EDGE('',*,*,#1885,.F.);
#1968=CARTESIAN_POINT('',(17.471706332,-28.959453543,3.946162513));
#1969=VERTEX_POINT('',#1968);
#1970=CARTESIAN_POINT('',(17.471706332,-28.959453543,3.946162513));
#1971=DIRECTION('',(1.,0.,-0.));
#1972=VECTOR('',#1971,0.906141515);
#1973=LINE('',#1970,#1972);
#1974=EDGE_CURVE('',#1969,#1878,#1973,.T.);
#1975=ORIENTED_EDGE('',*,*,#1974,.F.);
#1976=CARTESIAN_POINT('',(17.277351527,-28.900027366,3.946162513));
#1977=VERTEX_POINT('',#1976);
#1978=CARTESIAN_POINT('',(16.523488374,-31.713089958,3.946162513));
#1979=DIRECTION('',(0.,0.,1.));
#1980=DIRECTION('',(1.,0.,-0.));
#1981=AXIS2_PLACEMENT_3D('',#1978,#1979,#1980);
#1982=CIRCLE('',#1981,2.912323952);
#1983=EDGE_CURVE('',#1969,#1977,#1982,.T.);
#1984=ORIENTED_EDGE('',*,*,#1983,.T.);
#1985=CARTESIAN_POINT('',(15.674795217,-28.927169872,3.946162513));
#1986=VERTEX_POINT('',#1985);
#1987=CARTESIAN_POINT('',(16.523488374,-31.713089958,3.946162513));
#1988=DIRECTION('',(-0.,-0.,1.));
#1989=DIRECTION('',(-1.,0.,0.));
#1990=AXIS2_PLACEMENT_3D('',#1987,#1988,#1989);
#1991=CIRCLE('',#1990,2.912323952);
#1992=EDGE_CURVE('',#1977,#1986,#1991,.T.);
#1993=ORIENTED_EDGE('',*,*,#1992,.T.);
#1994=CARTESIAN_POINT('',(15.674795217,-28.927169872,3.946162513));
#1995=DIRECTION('',(-0.99999998,-0.000201594,0.));
#1996=VECTOR('',#1995,2.091779458);
#1997=LINE('',#1994,#1996);
#1998=EDGE_CURVE('',#1986,#1415,#1997,.T.);
#1999=ORIENTED_EDGE('',*,*,#1998,.T.);
#2000=ORIENTED_EDGE('',*,*,#1420,.T.);
#2001=CARTESIAN_POINT('',(13.58034489,-16.459833875,3.946162513));
#2002=VERTEX_POINT('',#2001);
#2003=CARTESIAN_POINT('',(13.583121927,-29.969915514,3.946162513));
#2004=DIRECTION('',(-0.000201585,0.99999998,0.));
#2005=VECTOR('',#2004,13.510081919);
#2006=LINE('',#2003,#2005);
#2007=EDGE_CURVE('',#1407,#2002,#2006,.T.);
#2008=ORIENTED_EDGE('',*,*,#2007,.T.);
#2009=CARTESIAN_POINT('',(15.661445756,-16.459305504,3.946162513));
#2010=VERTEX_POINT('',#2009);
#2011=CARTESIAN_POINT('',(15.661409884,-16.459414368,3.946162513));
#2012=DIRECTION('',(-0.99999998,-0.000201585,0.));
#2013=VECTOR('',#2012,2.081011436);
#2014=LINE('',#2011,#2013);
#2015=EDGE_CURVE('',#2010,#2002,#2014,.T.);
#2016=ORIENTED_EDGE('',*,*,#2015,.F.);
#2017=CARTESIAN_POINT('',(17.277351527,-16.514401666,3.946162513));
#2018=VERTEX_POINT('',#2017);
#2019=CARTESIAN_POINT('',(15.661481628,-16.459196641,3.946162513));
#2020=CARTESIAN_POINT('',(15.920879681,-16.544670646,3.946162513));
#2021=CARTESIAN_POINT('',(16.192691256,-16.591749603,3.946162513));
#2022=CARTESIAN_POINT('',(16.465510019,-16.601897871,3.946162513));
#2023=CARTESIAN_POINT('',(16.738328782,-16.612046139,3.946162513));
#2024=CARTESIAN_POINT('',(17.012515609,-16.581313735,3.946162513));
#2025=CARTESIAN_POINT('',(17.277351527,-16.514401666,3.946162513));
#2026=B_SPLINE_CURVE_WITH_KNOTS('',3,(#2019,#2020,#2021,#2022,#2023,#2024,#2025),.UNSPECIFIED.,.F.,.F.,(4,3,4),(0.,0.000819346,0.001638693),.UNSPECIFIED.);
#2027=EDGE_CURVE('',#2010,#2018,#2026,.T.);
#2028=ORIENTED_EDGE('',*,*,#2027,.T.);
#2029=CARTESIAN_POINT('',(17.277351527,-16.486552312,3.946162513));
#2030=VERTEX_POINT('',#2029);
#2031=CARTESIAN_POINT('',(17.277351527,-16.486552312,3.946162513));
#2032=DIRECTION('',(0.,-1.,0.));
#2033=VECTOR('',#2032,0.027849354);
#2034=LINE('',#2031,#2033);
#2035=EDGE_CURVE('',#2030,#2018,#2034,.T.);
#2036=ORIENTED_EDGE('',*,*,#2035,.F.);
#2037=CARTESIAN_POINT('',(18.377847847,-16.486552312,3.946162513));
#2038=DIRECTION('',(-1.,0.,0.));
#2039=VECTOR('',#2038,1.10049632);
#2040=LINE('',#2037,#2039);
#2041=EDGE_CURVE('',#1778,#2030,#2040,.T.);
#2042=ORIENTED_EDGE('',*,*,#2041,.F.);
#2043=ORIENTED_EDGE('',*,*,#1783,.F.);
#2044=CARTESIAN_POINT('',(18.966560344,-10.971799923,3.946162513));
#2045=VERTEX_POINT('',#2044);
#2046=CARTESIAN_POINT('',(18.377847847,-11.56051242,3.946162513));
#2047=DIRECTION('',(0.707106781,0.707106781,-0.));
#2048=VECTOR('',#2047,0.832565197);
#2049=LINE('',#2046,#2048);
#2050=EDGE_CURVE('',#1770,#2045,#2049,.T.);
#2051=ORIENTED_EDGE('',*,*,#2050,.T.);
#2052=CARTESIAN_POINT('',(18.966560344,-10.971799923,3.946162513));
#2053=DIRECTION('',(1.,-0.,0.));
#2054=VECTOR('',#2053,6.600774757);
#2055=LINE('',#2052,#2054);
#2056=EDGE_CURVE('',#2045,#154,#2055,.T.);
#2057=ORIENTED_EDGE('',*,*,#2056,.T.);
#2058=EDGE_LOOP('',(#1948,#1949,#1950,#1951,#1952,#1960,#1966,#1967,#1975,#1984,#1993,#1999,#2000,#2008,#2016,#2028,#2036,#2042,#2043,#2051,#2057));
#2059=FACE_BOUND('',#2058,.T.);
#2060=ADVANCED_FACE('',(#2059),#1947,.T.);
#2061=CARTESIAN_POINT('',(18.705352663,-10.384511387,-0.279201894));
#2062=CARTESIAN_POINT('',(18.705352663,-10.384511387,-0.268151167));
#2063=CARTESIAN_POINT('',(18.229352284,-10.454582746,-0.279201894));
#2064=CARTESIAN_POINT('',(18.229352284,-10.454582746,-0.268151167));
#2065=CARTESIAN_POINT('',(17.753351906,-10.524654104,-0.279201894));
#2066=CARTESIAN_POINT('',(17.753351906,-10.524654104,-0.268151167));
#2067=CARTESIAN_POINT('',(17.277351527,-10.594725463,-0.279201894));
#2068=CARTESIAN_POINT('',(17.277351527,-10.594725463,-0.268151167));
#2069=B_SPLINE_SURFACE_WITH_KNOTS('',3,1,((#2061,#2062),(#2063,#2064),(#2065,#2066),(#2067,#2068)),.UNSPECIFIED.,.F.,.F.,.U.,(4,4),(2,2),(0.000912208,0.001449554),(-0.185461351,-0.179888179),.UNSPECIFIED.);
#2070=CARTESIAN_POINT('',(18.705352663,-10.384511387,-0.268151167));
#2071=VERTEX_POINT('',#2070);
#2072=CARTESIAN_POINT('',(18.705352663,-10.384511387,-0.279201894));
#2073=DIRECTION('',(0.,0.,1.));
#2074=VECTOR('',#2073,0.011050727);
#2075=LINE('',#2072,#2074);
#2076=EDGE_CURVE('',#1461,#2071,#2075,.T.);
#2077=ORIENTED_EDGE('',*,*,#2076,.F.);
#2078=ORIENTED_EDGE('',*,*,#1467,.F.);
#2079=CARTESIAN_POINT('',(17.277351527,-10.594725463,-0.268151167));
#2080=VERTEX_POINT('',#2079);
#2081=CARTESIAN_POINT('',(17.277351527,-10.594725463,-0.279201894));
#2082=DIRECTION('',(0.,0.,1.));
#2083=VECTOR('',#2082,0.011050727);
#2084=LINE('',#2081,#2083);
#2085=EDGE_CURVE('',#1459,#2080,#2084,.T.);
#2086=ORIENTED_EDGE('',*,*,#2085,.T.);
#2087=CARTESIAN_POINT('',(17.277351527,-10.594725463,-0.268151167));
#2088=CARTESIAN_POINT('',(17.753351906,-10.524654104,-0.268151167));
#2089=CARTESIAN_POINT('',(18.229352284,-10.454582746,-0.268151167));
#2090=CARTESIAN_POINT('',(18.705352663,-10.384511387,-0.268151167));
#2091=B_SPLINE_CURVE_WITH_KNOTS('',3,(#2087,#2088,#2089,#2090),.UNSPECIFIED.,.F.,.F.,(4,4),(0.00630907,0.007754064),.UNSPECIFIED.);
#2092=EDGE_CURVE('',#2080,#2071,#2091,.T.);
#2093=ORIENTED_EDGE('',*,*,#2092,.T.);
#2094=EDGE_LOOP('',(#2077,#2078,#2086,#2093));
#2095=FACE_BOUND('',#2094,.T.);
#2096=ADVANCED_FACE('',(#2095),#2069,.T.);
#2097=CARTESIAN_POINT('',(14.715425356,-31.695838047,-0.268151167));
#2098=DIRECTION('',(0.,0.,1.));
#2099=DIRECTION('',(1.,0.,0.));
#2100=AXIS2_PLACEMENT_3D('',#2097,#2098,#2099);
#2101=PLANE('',#2100);
#2102=CARTESIAN_POINT('',(13.579834724,-10.384511387,-0.268151167));
#2103=VERTEX_POINT('',#2102);
#2104=CARTESIAN_POINT('',(13.579834725,-11.944524318,-0.268151167));
#2105=VERTEX_POINT('',#2104);
#2106=CARTESIAN_POINT('',(13.579834724,-10.384511387,-0.268151167));
#2107=DIRECTION('',(-0.,-1.,-0.));
#2108=VECTOR('',#2107,1.560012931);
#2109=LINE('',#2106,#2108);
#2110=EDGE_CURVE('',#2103,#2105,#2109,.T.);
#2111=ORIENTED_EDGE('',*,*,#2110,.F.);
#2112=CARTESIAN_POINT('',(13.579834724,-10.384511387,-0.268151167));
#2113=DIRECTION('',(1.,0.,-0.));
#2114=VECTOR('',#2113,5.125517939);
#2115=LINE('',#2112,#2114);
#2116=EDGE_CURVE('',#2103,#2071,#2115,.T.);
#2117=ORIENTED_EDGE('',*,*,#2116,.T.);
#2118=ORIENTED_EDGE('',*,*,#2092,.F.);
#2119=CARTESIAN_POINT('',(17.277300706,-10.819363227,-0.268151167));
#2120=VERTEX_POINT('',#2119);
#2121=CARTESIAN_POINT('',(17.277351527,-10.819363227,-0.268151167));
#2122=DIRECTION('',(0.,1.,0.));
#2123=VECTOR('',#2122,0.224637764);
#2124=LINE('',#2121,#2123);
#2125=EDGE_CURVE('',#2120,#2080,#2124,.T.);
#2126=ORIENTED_EDGE('',*,*,#2125,.F.);
#2127=CARTESIAN_POINT('',(16.565694431,-10.699487522,-0.268151167));
#2128=VERTEX_POINT('',#2127);
#2129=CARTESIAN_POINT('',(16.565694431,-10.699487522,-0.268151167));
#2130=CARTESIAN_POINT('',(16.684732523,-10.717026743,-0.268151167));
#2131=CARTESIAN_POINT('',(16.803770615,-10.734565965,-0.268151167));
#2132=CARTESIAN_POINT('',(16.922808708,-10.752105186,-0.268151167));
#2133=CARTESIAN_POINT('',(16.982327754,-10.760874797,-0.268151167));
#2134=CARTESIAN_POINT('',(17.041858912,-10.769628471,-0.268151167));
#2135=CARTESIAN_POINT('',(17.101037309,-10.780525338,-0.268151167));
#2136=CARTESIAN_POINT('',(17.160215706,-10.791422204,-0.268151167));
#2137=CARTESIAN_POINT('',(17.218923209,-10.804819026,-0.268151167));
#2138=CARTESIAN_POINT('',(17.277249884,-10.819564259,-0.268151167));
#2139=B_SPLINE_CURVE_WITH_KNOTS('',3,(#2129,#2130,#2131,#2132,#2133,#2134,#2135,#2136,#2137,#2138),.UNSPECIFIED.,.F.,.F.,(4,3,3,4),(0.002160812,0.002521782,0.002702267,0.002882752),.UNSPECIFIED.);
#2140=EDGE_CURVE('',#2128,#2120,#2139,.T.);
#2141=ORIENTED_EDGE('',*,*,#2140,.F.);
#2142=CARTESIAN_POINT('',(13.789095812,-14.619876858,-0.268151167));
#2143=VERTEX_POINT('',#2142);
#2144=CARTESIAN_POINT('',(13.789274698,-14.619814934,-0.268151167));
#2145=CARTESIAN_POINT('',(13.751185832,-14.50978354,-0.268151167));
#2146=CARTESIAN_POINT('',(13.720175015,-14.397383848,-0.268151167));
#2147=CARTESIAN_POINT('',(13.694959585,-14.283729503,-0.268151167));
#2148=CARTESIAN_POINT('',(13.68235187,-14.226902331,-0.268151167));
#2149=CARTESIAN_POINT('',(13.672073541,-14.169572412,-0.268151167));
#2150=CARTESIAN_POINT('',(13.66312995,-14.112062527,-0.268151167));
#2151=CARTESIAN_POINT('',(13.654186359,-14.054552642,-0.268151167));
#2152=CARTESIAN_POINT('',(13.646255538,-13.996841273,-0.268151167));
#2153=CARTESIAN_POINT('',(13.641061098,-13.938869221,-0.268151167));
#2154=CARTESIAN_POINT('',(13.620283341,-13.706981013,-0.268151167));
#2155=CARTESIAN_POINT('',(13.625728933,-13.472665446,-0.268151167));
#2156=CARTESIAN_POINT('',(13.660168387,-13.242457139,-0.268151167));
#2157=CARTESIAN_POINT('',(13.729047295,-12.782040525,-0.268151167));
#2158=CARTESIAN_POINT('',(13.907031995,-12.337718849,-0.268151167));
#2159=CARTESIAN_POINT('',(14.177496912,-11.958893495,-0.268151167));
#2160=CARTESIAN_POINT('',(14.447961828,-11.580068142,-0.268151167));
#2161=CARTESIAN_POINT('',(14.80966001,-11.266327187,-0.268151167));
#2162=CARTESIAN_POINT('',(15.224807192,-11.056103501,-0.268151167));
#2163=CARTESIAN_POINT('',(15.432380782,-10.950991657,-0.268151167));
#2164=CARTESIAN_POINT('',(15.651614076,-10.868928307,-0.268151167));
#2165=CARTESIAN_POINT('',(15.877555335,-10.813612178,-0.268151167));
#2166=CARTESIAN_POINT('',(15.934040649,-10.799783146,-0.268151167));
#2167=CARTESIAN_POINT('',(15.990893787,-10.787422354,-0.268151167));
#2168=CARTESIAN_POINT('',(16.048139938,-10.777217851,-0.268151167));
#2169=CARTESIAN_POINT('',(16.10538609,-10.767013348,-0.268151167));
#2170=CARTESIAN_POINT('',(16.162959452,-10.758773583,-0.268151167));
#2171=CARTESIAN_POINT('',(16.22049302,-10.750304145,-0.268151167));
#2172=CARTESIAN_POINT('',(16.335560157,-10.733365271,-0.268151167));
#2173=CARTESIAN_POINT('',(16.450627294,-10.716426397,-0.268151167));
#2174=CARTESIAN_POINT('',(16.565694431,-10.699487522,-0.268151167));
#2175=B_SPLINE_CURVE_WITH_KNOTS('',3,(#2144,#2145,#2146,#2147,#2148,#2149,#2150,#2151,#2152,#2153,#2154,#2155,#2156,#2157,#2158,#2159,#2160,#2161,#2162,#2163,#2164,#2165,#2166,#2167,#2168,#2169,
#2170,#2171,#2172,#2173,#2174),.UNSPECIFIED.,.F.,.F.,(4,3,3,3,3,3,3,3,3,3,4),(0.,0.000349309,0.000523964,0.000698618,0.001397236,0.002794472,0.004191709,0.004890327,0.005064981,0.005239636,0.005588945),.UNSPECIFIED.);
#2176=EDGE_CURVE('',#2143,#2128,#2175,.T.);
#2177=ORIENTED_EDGE('',*,*,#2176,.F.);
#2178=CARTESIAN_POINT('',(13.580105245,-14.619938782,-0.268151167));
#2179=VERTEX_POINT('',#2178);
#2180=CARTESIAN_POINT('',(13.580105244,-14.619938782,-0.268151167));
#2181=DIRECTION('',(1.,0.,-0.));
#2182=VECTOR('',#2181,0.208811681);
#2183=LINE('',#2180,#2182);
#2184=EDGE_CURVE('',#2179,#2143,#2183,.T.);
#2185=ORIENTED_EDGE('',*,*,#2184,.F.);
#2186=CARTESIAN_POINT('',(13.580105245,-14.619938782,-0.268151167));
#2187=DIRECTION('',(-0.000101113,0.999999995,0.));
#2188=VECTOR('',#2187,2.675414478);
#2189=LINE('',#2186,#2188);
#2190=EDGE_CURVE('',#2179,#2105,#2189,.T.);
#2191=ORIENTED_EDGE('',*,*,#2190,.T.);
#2192=EDGE_LOOP('',(#2111,#2117,#2118,#2126,#2141,#2177,#2185,#2191));
#2193=FACE_BOUND('',#2192,.T.);
#2194=ADVANCED_FACE('',(#2193),#2101,.F.);
#2195=CARTESIAN_POINT('',(-34.334156693,-33.422217111,1.838214448));
#2196=DIRECTION('',(0.707106781,0.,-0.707106781));
#2197=DIRECTION('',(0.,-1.,0.));
#2198=AXIS2_PLACEMENT_3D('',#2195,#2196,#2197);
#2199=PLANE('',#2198);
#2200=CARTESIAN_POINT('',(-36.296512324,-30.429873772,-0.124141183));
#2201=VERTEX_POINT('',#2200);
#2202=CARTESIAN_POINT('',(-36.296512324,-28.182649463,-0.124141183));
#2203=VERTEX_POINT('',#2202);
#2204=CARTESIAN_POINT('',(-36.296512324,-30.429873772,-0.124141183));
#2205=DIRECTION('',(0.,1.,0.));
#2206=VECTOR('',#2205,2.247224308);
#2207=LINE('',#2204,#2206);
#2208=EDGE_CURVE('',#2201,#2203,#2207,.T.);
#2209=ORIENTED_EDGE('',*,*,#2208,.F.);
#2210=CARTESIAN_POINT('',(-36.469848349,-30.304938872,-0.297477209));
#2211=VERTEX_POINT('',#2210);
#2212=CARTESIAN_POINT('',(-36.469848349,-30.304938872,-0.297477208));
#2213=CARTESIAN_POINT('',(-36.379157155,-30.361824516,-0.206786014));
#2214=CARTESIAN_POINT('',(-36.296512324,-30.429873772,-0.124141183));
#2215=(BOUNDED_CURVE()
B_SPLINE_CURVE(2,(#2212,#2213,#2214),.UNSPECIFIED.,.F.,.F.)
B_SPLINE_CURVE_WITH_KNOTS((3,3),(122.097808266,129.46783556),.UNSPECIFIED.)
CURVE()
GEOMETRIC_REPRESENTATION_ITEM()
RATIONAL_B_SPLINE_CURVE((1.,0.997932463,1.))
REPRESENTATION_ITEM(''));
#2216=EDGE_CURVE('',#2211,#2201,#2215,.T.);
#2217=ORIENTED_EDGE('',*,*,#2216,.F.);
#2218=CARTESIAN_POINT('',(-36.469848349,-28.182649464,-0.297477209));
#2219=VERTEX_POINT('',#2218);
#2220=CARTESIAN_POINT('',(-36.469848349,-28.182649464,-0.297477208));
#2221=CARTESIAN_POINT('',(-36.469848349,-30.304938872,-0.297477208));
#2222=B_SPLINE_CURVE_WITH_KNOTS('',1,(#2220,#2221),.UNSPECIFIED.,.F.,.F.,(2,2),(0.,2.122289408),.UNSPECIFIED.);
#2223=EDGE_CURVE('',#2219,#2211,#2222,.T.);
#2224=ORIENTED_EDGE('',*,*,#2223,.F.);
#2225=CARTESIAN_POINT('',(-36.296512324,-28.182649464,-0.124141183));
#2226=DIRECTION('',(-0.707106781,0.,-0.707106781));
#2227=VECTOR('',#2226,0.245134158);
#2228=LINE('',#2225,#2227);
#2229=EDGE_CURVE('',#2203,#2219,#2228,.T.);
#2230=ORIENTED_EDGE('',*,*,#2229,.F.);
#2231=EDGE_LOOP('',(#2209,#2217,#2224,#2230));
#2232=FACE_BOUND('',#2231,.T.);
#2233=ADVANCED_FACE('',(#2232),#2199,.T.);
#2234=CARTESIAN_POINT('',(17.277249884,-10.819564259,-0.282563893));
#2235=CARTESIAN_POINT('',(17.277249884,-10.819564259,-0.268151167));
#2236=CARTESIAN_POINT('',(17.232649044,-10.808288976,-0.282563893));
#2237=CARTESIAN_POINT('',(17.232649044,-10.808288976,-0.268151167));
#2238=CARTESIAN_POINT('',(17.187781066,-10.797918028,-0.282563893));
#2239=CARTESIAN_POINT('',(17.187781066,-10.797918028,-0.268151167));
#2240=CARTESIAN_POINT('',(17.142675948,-10.788466114,-0.282563893));
#2241=CARTESIAN_POINT('',(17.142675948,-10.788466114,-0.268151167));
#2242=CARTESIAN_POINT('',(17.142643408,-10.788459295,-0.282563893));
#2243=CARTESIAN_POINT('',(17.142643408,-10.788459295,-0.268151167));
#2244=CARTESIAN_POINT('',(17.142610542,-10.78845321,-0.282563893));
#2245=CARTESIAN_POINT('',(17.142610542,-10.78845321,-0.268151167));
#2246=CARTESIAN_POINT('',(17.142577839,-10.788446759,-0.282563893));
#2247=CARTESIAN_POINT('',(17.142577839,-10.788446759,-0.268151167));
#2248=CARTESIAN_POINT('',(17.089810406,-10.778037733,-0.282563893));
#2249=CARTESIAN_POINT('',(17.089810406,-10.778037733,-0.268151167));
#2250=CARTESIAN_POINT('',(17.036717639,-10.76888867,-0.282563893));
#2251=CARTESIAN_POINT('',(17.036717639,-10.76888867,-0.268151167));
#2252=CARTESIAN_POINT('',(16.983347978,-10.761025118,-0.282563893));
#2253=CARTESIAN_POINT('',(16.983347978,-10.761025118,-0.268151167));
#2254=CARTESIAN_POINT('',(16.88409744,-10.746401419,-0.282563893));
#2255=CARTESIAN_POINT('',(16.88409744,-10.746401419,-0.268151167));
#2256=CARTESIAN_POINT('',(16.784846901,-10.731777721,-0.282563893));
#2257=CARTESIAN_POINT('',(16.784846901,-10.731777721,-0.268151167));
#2258=CARTESIAN_POINT('',(16.685596362,-10.717154023,-0.282563893));
#2259=CARTESIAN_POINT('',(16.685596362,-10.717154023,-0.268151167));
#2260=CARTESIAN_POINT('',(16.645629052,-10.711265189,-0.282563893));
#2261=CARTESIAN_POINT('',(16.645629052,-10.711265189,-0.268151167));
#2262=CARTESIAN_POINT('',(16.605661741,-10.705376356,-0.282563893));
#2263=CARTESIAN_POINT('',(16.605661741,-10.705376356,-0.268151167));
#2264=CARTESIAN_POINT('',(16.565694431,-10.699487522,-0.282563893));
#2265=CARTESIAN_POINT('',(16.565694431,-10.699487522,-0.268151167));
#2266=B_SPLINE_SURFACE_WITH_KNOTS('',3,1,((#2234,#2235),(#2236,#2237),(#2238,#2239),(#2240,#2241),(#2242,#2243),(#2244,#2245),(#2246,#2247),(#2248,#2249),(#2250,#2251),(#2252,#2253),(#2254,#2255),(#2256,#2257),(#2258,#2259),(#2260,#2261),(#2262,#2263),(#2264,#2265)),.UNSPECIFIED.,.F.,.F.,.U.,(4,3,3,3,3,4),(2,2),(0.001452679,0.001504438,0.001504475,0.001564726,0.001676773,0.001721893),(-0.187156896,-0.179888179),.UNSPECIFIED.);
#2267=CARTESIAN_POINT('',(17.277351527,-10.819162196,-0.268151167));
#2268=DIRECTION('',(-0.,-0.,-1.));
#2269=VECTOR('',#2268,0.011050727);
#2270=LINE('',#2267,#2269);
#2271=EDGE_CURVE('',#2120,#1509,#2270,.T.);
#2272=ORIENTED_EDGE('',*,*,#2271,.T.);
#2273=CARTESIAN_POINT('',(17.277300706,-10.819363227,-0.282563893));
#2274=VERTEX_POINT('',#2273);
#2275=CARTESIAN_POINT('',(17.277351527,-10.819162196,-0.279201894));
#2276=DIRECTION('',(-0.,-0.,-1.));
#2277=VECTOR('',#2276,0.003361999);
#2278=LINE('',#2275,#2277);
#2279=EDGE_CURVE('',#1509,#2274,#2278,.T.);
#2280=ORIENTED_EDGE('',*,*,#2279,.T.);
#2281=CARTESIAN_POINT('',(16.565694431,-10.699487522,-0.282563893));
#2282=VERTEX_POINT('',#2281);
#2283=CARTESIAN_POINT('',(17.277249884,-10.819564259,-0.282563893));
#2284=CARTESIAN_POINT('',(17.218920677,-10.804818386,-0.282563893));
#2285=CARTESIAN_POINT('',(17.160234527,-10.791426021,-0.282563893));
#2286=CARTESIAN_POINT('',(17.101063564,-10.780530172,-0.282563893));
#2287=CARTESIAN_POINT('',(17.041892601,-10.769634324,-0.282563893));
#2288=CARTESIAN_POINT('',(16.982365439,-10.760880349,-0.282563893));
#2289=CARTESIAN_POINT('',(16.922841009,-10.752109945,-0.282563893));
#2290=CARTESIAN_POINT('',(16.80379215,-10.734569138,-0.282563893));
#2291=CARTESIAN_POINT('',(16.68474329,-10.71702833,-0.282563893));
#2292=CARTESIAN_POINT('',(16.565694431,-10.699487522,-0.282563893));
#2293=B_SPLINE_CURVE_WITH_KNOTS('',3,(#2283,#2284,#2285,#2286,#2287,#2288,#2289,#2290,#2291,#2292),.UNSPECIFIED.,.F.,.F.,(4,3,3,4),(0.,0.000180491,0.000360982,0.000721964),.UNSPECIFIED.);
#2294=EDGE_CURVE('',#2274,#2282,#2293,.T.);
#2295=ORIENTED_EDGE('',*,*,#2294,.T.);
#2296=CARTESIAN_POINT('',(16.565694431,-10.699487522,-0.282563893));
#2297=DIRECTION('',(0.,0.,1.));
#2298=VECTOR('',#2297,0.014412726);
#2299=LINE('',#2296,#2298);
#2300=EDGE_CURVE('',#2282,#2128,#2299,.T.);
#2301=ORIENTED_EDGE('',*,*,#2300,.T.);
#2302=ORIENTED_EDGE('',*,*,#2140,.T.);
#2303=EDGE_LOOP('',(#2272,#2280,#2295,#2301,#2302));
#2304=FACE_BOUND('',#2303,.T.);
#2305=ADVANCED_FACE('',(#2304),#2266,.T.);
#2306=CARTESIAN_POINT('',(-35.487338468,-28.18264946,-0.1461031));
#2307=DIRECTION('',(-0.000000004,1.,0.));
#2308=DIRECTION('',(-1.,-0.000000004,0.));
#2309=AXIS2_PLACEMENT_3D('',#2306,#2307,#2308);
#2310=PLANE('',#2309);
#2311=CARTESIAN_POINT('',(-40.717106899,-28.182649481,2.071382214));
#2312=VERTEX_POINT('',#2311);
#2313=CARTESIAN_POINT('',(-40.717106899,-28.182649481,-0.297477209));
#2314=VERTEX_POINT('',#2313);
#2315=CARTESIAN_POINT('',(-40.717106899,-28.182649481,2.071382214));
#2316=DIRECTION('',(0.,0.,-1.));
#2317=VECTOR('',#2316,2.368859423);
#2318=LINE('',#2315,#2317);
#2319=EDGE_CURVE('',#2312,#2314,#2318,.T.);
#2320=ORIENTED_EDGE('',*,*,#2319,.F.);
#2321=CARTESIAN_POINT('',(-36.296512324,-28.182649463,2.071382214));
#2322=VERTEX_POINT('',#2321);
#2323=CARTESIAN_POINT('',(-36.296512324,-28.182649463,2.071382214));
#2324=DIRECTION('',(-1.,-0.000000004,0.));
#2325=VECTOR('',#2324,4.420594576);
#2326=LINE('',#2323,#2325);
#2327=EDGE_CURVE('',#2322,#2312,#2326,.T.);
#2328=ORIENTED_EDGE('',*,*,#2327,.F.);
#2329=CARTESIAN_POINT('',(-36.296512324,-28.182649463,-0.124141183));
#2330=DIRECTION('',(0.,0.,1.));
#2331=VECTOR('',#2330,2.195523397);
#2332=LINE('',#2329,#2331);
#2333=EDGE_CURVE('',#2203,#2322,#2332,.T.);
#2334=ORIENTED_EDGE('',*,*,#2333,.F.);
#2335=ORIENTED_EDGE('',*,*,#2229,.T.);
#2336=CARTESIAN_POINT('',(-36.469848349,-28.182649464,-0.297477209));
#2337=DIRECTION('',(-1.,-0.000000004,0.));
#2338=VECTOR('',#2337,4.247258551);
#2339=LINE('',#2336,#2338);
#2340=EDGE_CURVE('',#2219,#2314,#2339,.T.);
#2341=ORIENTED_EDGE('',*,*,#2340,.T.);
#2342=EDGE_LOOP('',(#2320,#2328,#2334,#2335,#2341));
#2343=FACE_BOUND('',#2342,.T.);
#2344=ADVANCED_FACE('',(#2343),#2310,.T.);
#2345=CARTESIAN_POINT('',(-34.334156693,-33.422217111,1.838214448));
#2346=DIRECTION('',(0.707106781,0.,-0.707106781));
#2347=DIRECTION('',(0.,-1.,0.));
#2348=AXIS2_PLACEMENT_3D('',#2345,#2346,#2347);
#2349=PLANE('',#2348);
#2350=CARTESIAN_POINT('',(-35.901373375,-30.903455898,0.270997766));
#2351=VERTEX_POINT('',#2350);
#2352=CARTESIAN_POINT('',(-36.469848349,-33.121241044,-0.297477209));
#2353=VERTEX_POINT('',#2352);
#2354=CARTESIAN_POINT('',(-35.901373375,-30.903455898,0.270997766));
#2355=CARTESIAN_POINT('',(-35.132378208,-32.282318899,1.039992933));
#2356=CARTESIAN_POINT('',(-36.469848349,-33.121241044,-0.297477208));
#2357=(BOUNDED_CURVE()
B_SPLINE_CURVE(2,(#2354,#2355,#2356),.UNSPECIFIED.,.F.,.F.)
B_SPLINE_CURVE_WITH_KNOTS((3,3),(150.851488288,237.902191734),.UNSPECIFIED.)
CURVE()
GEOMETRIC_REPRESENTATION_ITEM()
RATIONAL_B_SPLINE_CURVE((1.,0.725069723,1.))
REPRESENTATION_ITEM(''));
#2358=EDGE_CURVE('',#2351,#2353,#2357,.T.);
#2359=ORIENTED_EDGE('',*,*,#2358,.F.);
#2360=CARTESIAN_POINT('',(-34.334156693,-30.903455892,1.838214448));
#2361=VERTEX_POINT('',#2360);
#2362=CARTESIAN_POINT('',(-34.334156693,-30.903455892,1.838214448));
#2363=CARTESIAN_POINT('',(-35.901373375,-30.903455898,0.270997766));
#2364=B_SPLINE_CURVE_WITH_KNOTS('',1,(#2362,#2363),.UNSPECIFIED.,.F.,.F.,(2,2),(0.,2.216379087),.UNSPECIFIED.);
#2365=EDGE_CURVE('',#2361,#2351,#2364,.T.);
#2366=ORIENTED_EDGE('',*,*,#2365,.F.);
#2367=CARTESIAN_POINT('',(-34.334156693,-35.038193506,1.838214448));
#2368=VERTEX_POINT('',#2367);
#2369=CARTESIAN_POINT('',(-34.334156693,-35.038193506,1.838214448));
#2370=DIRECTION('',(-0.,1.,-0.));
#2371=VECTOR('',#2370,4.134737614);
#2372=LINE('',#2369,#2371);
#2373=EDGE_CURVE('',#2368,#2361,#2372,.T.);
#2374=ORIENTED_EDGE('',*,*,#2373,.F.);
#2375=CARTESIAN_POINT('',(-36.469848349,-35.038193506,-0.297477209));
#2376=VERTEX_POINT('',#2375);
#2377=CARTESIAN_POINT('',(-36.469848349,-35.038193506,-0.297477209));
#2378=DIRECTION('',(0.707106781,0.,0.707106781));
#2379=VECTOR('',#2378,3.020324106);
#2380=LINE('',#2377,#2379);
#2381=EDGE_CURVE('',#2376,#2368,#2380,.T.);
#2382=ORIENTED_EDGE('',*,*,#2381,.F.);
#2383=CARTESIAN_POINT('',(-36.469848349,-33.121241044,-0.297477208));
#2384=CARTESIAN_POINT('',(-36.469848349,-35.038193506,-0.297477208));
#2385=B_SPLINE_CURVE_WITH_KNOTS('',1,(#2383,#2384),.UNSPECIFIED.,.F.,.F.,(2,2),(0.429843194,2.346795656),.UNSPECIFIED.);
#2386=EDGE_CURVE('',#2353,#2376,#2385,.T.);
#2387=ORIENTED_EDGE('',*,*,#2386,.F.);
#2388=EDGE_LOOP('',(#2359,#2366,#2374,#2382,#2387));
#2389=FACE_BOUND('',#2388,.T.);
#2390=ADVANCED_FACE('',(#2389),#2349,.T.);
#2391=CARTESIAN_POINT('',(-49.086677835,-35.182007686,6.077389024));
#2392=DIRECTION('',(0.,0.,-1.));
#2393=DIRECTION('',(-1.,0.,0.));
#2394=AXIS2_PLACEMENT_3D('',#2391,#2392,#2393);
#2395=PLANE('',#2394);
#2396=CARTESIAN_POINT('',(-34.382603655,-20.665798581,6.077389024));
#2397=VERTEX_POINT('',#2396);
#2398=CARTESIAN_POINT('',(-34.383327379,-17.075652683,6.077389024));
#2399=VERTEX_POINT('',#2398);
#2400=CARTESIAN_POINT('',(-34.382603653,-20.665798581,6.077389024));
#2401=DIRECTION('',(-0.000201586,0.99999998,0.));
#2402=VECTOR('',#2401,3.590145971);
#2403=LINE('',#2400,#2402);
#2404=EDGE_CURVE('',#2397,#2399,#2403,.T.);
#2405=ORIENTED_EDGE('',*,*,#2404,.T.);
#2406=CARTESIAN_POINT('',(-34.373971248,-17.075652683,6.077389024));
#2407=VERTEX_POINT('',#2406);
#2408=CARTESIAN_POINT('',(-34.383327382,-17.075652683,6.077389024));
#2409=DIRECTION('',(1.,-0.,-0.));
#2410=VECTOR('',#2409,0.009356134);
#2411=LINE('',#2408,#2410);
#2412=EDGE_CURVE('',#2399,#2407,#2411,.T.);
#2413=ORIENTED_EDGE('',*,*,#2412,.T.);
#2414=CARTESIAN_POINT('',(-34.373971248,-17.075652683,6.077389024));
#2415=DIRECTION('',(0.,1.,0.));
#2416=VECTOR('',#2415,6.691141296);
#2417=LINE('',#2414,#2416);
#2418=EDGE_CURVE('',#2407,#1098,#2417,.T.);
#2419=ORIENTED_EDGE('',*,*,#2418,.T.);
#2420=ORIENTED_EDGE('',*,*,#1103,.T.);
#2421=CARTESIAN_POINT('',(13.5798347,-13.662689052,6.077389024));
#2422=VERTEX_POINT('',#2421);
#2423=CARTESIAN_POINT('',(13.579834724,-10.384511387,6.077389024));
#2424=DIRECTION('',(0.,-1.,0.));
#2425=VECTOR('',#2424,3.278177665);
#2426=LINE('',#2423,#2425);
#2427=EDGE_CURVE('',#1090,#2422,#2426,.T.);
#2428=ORIENTED_EDGE('',*,*,#2427,.T.);
#2429=CARTESIAN_POINT('',(13.579834729,-13.663176889,6.077389024));
#2430=VERTEX_POINT('',#2429);
#2431=CARTESIAN_POINT('',(15.999834675,-13.662689052,6.077389024));
#2432=DIRECTION('',(0.,0.,1.));
#2433=DIRECTION('',(1.,0.,-0.));
#2434=AXIS2_PLACEMENT_3D('',#2431,#2432,#2433);
#2435=CIRCLE('',#2434,2.42);
#2436=EDGE_CURVE('',#2422,#2430,#2435,.T.);
#2437=ORIENTED_EDGE('',*,*,#2436,.T.);
#2438=CARTESIAN_POINT('',(13.581246353,-20.665798581,6.077389024));
#2439=VERTEX_POINT('',#2438);
#2440=CARTESIAN_POINT('',(13.581246357,-20.665798581,6.077389024));
#2441=DIRECTION('',(-0.000201585,0.99999998,0.));
#2442=VECTOR('',#2441,7.002621834);
#2443=LINE('',#2440,#2442);
#2444=EDGE_CURVE('',#2439,#2430,#2443,.T.);
#2445=ORIENTED_EDGE('',*,*,#2444,.F.);
#2446=CARTESIAN_POINT('',(-34.382603657,-20.665798581,6.077389024));
#2447=DIRECTION('',(1.,-0.,-0.));
#2448=VECTOR('',#2447,47.963850007);
#2449=LINE('',#2446,#2448);
#2450=EDGE_CURVE('',#2397,#2439,#2449,.T.);
#2451=ORIENTED_EDGE('',*,*,#2450,.F.);
#2452=EDGE_LOOP('',(#2405,#2413,#2419,#2420,#2428,#2437,#2445,#2451));
#2453=FACE_BOUND('',#2452,.T.);
#2454=ADVANCED_FACE('',(#2453),#2395,.T.);
#2455=CARTESIAN_POINT('',(-34.380376718,-31.712873021,2.071382214));
#2456=DIRECTION('',(0.99999998,0.000201586,0.));
#2457=DIRECTION('',(-0.000201586,0.99999998,0.));
#2458=AXIS2_PLACEMENT_3D('',#2455,#2456,#2457);
#2459=PLANE('',#2458);
#2460=CARTESIAN_POINT('',(-34.383327379,-17.075652683,2.15488791));
#2461=VERTEX_POINT('',#2460);
#2462=CARTESIAN_POINT('',(-34.381088362,-28.182649456,2.15490674));
#2463=VERTEX_POINT('',#2462);
#2464=CARTESIAN_POINT('',(-34.383327376,-17.075652683,2.15488791));
#2465=CARTESIAN_POINT('',(-34.381088361,-28.182649456,2.15490674));
#2466=B_SPLINE_CURVE_WITH_KNOTS('',1,(#2464,#2465),.UNSPECIFIED.,.F.,.F.,(2,2),(0.,11.106996999),.UNSPECIFIED.);
#2467=EDGE_CURVE('',#2461,#2463,#2466,.T.);
#2468=ORIENTED_EDGE('',*,*,#2467,.F.);
#2469=CARTESIAN_POINT('',(-34.383327376,-17.075652683,2.15488791));
#2470=DIRECTION('',(0.,0.,1.));
#2471=VECTOR('',#2470,3.922501114);
#2472=LINE('',#2469,#2471);
#2473=EDGE_CURVE('',#2461,#2399,#2472,.T.);
#2474=ORIENTED_EDGE('',*,*,#2473,.T.);
#2475=ORIENTED_EDGE('',*,*,#2404,.F.);
#2476=CARTESIAN_POINT('',(-34.382603655,-20.665798581,4.785975287));
#2477=VERTEX_POINT('',#2476);
#2478=CARTESIAN_POINT('',(-34.382603653,-20.665798581,6.077389024));
#2479=DIRECTION('',(-0.,-0.,-1.));
#2480=VECTOR('',#2479,1.291413737);
#2481=LINE('',#2478,#2480);
#2482=EDGE_CURVE('',#2397,#2477,#2481,.T.);
#2483=ORIENTED_EDGE('',*,*,#2482,.T.);
#2484=CARTESIAN_POINT('',(-34.381788194,-24.71102289,4.785975287));
#2485=VERTEX_POINT('',#2484);
#2486=CARTESIAN_POINT('',(-34.382603653,-20.665798581,4.785975287));
#2487=DIRECTION('',(0.000201586,-0.99999998,-0.));
#2488=VECTOR('',#2487,4.045224391);
#2489=LINE('',#2486,#2488);
#2490=EDGE_CURVE('',#2477,#2485,#2489,.T.);
#2491=ORIENTED_EDGE('',*,*,#2490,.T.);
#2492=CARTESIAN_POINT('',(-34.381788194,-24.71102289,6.077389024));
#2493=VERTEX_POINT('',#2492);
#2494=CARTESIAN_POINT('',(-34.381788193,-24.71102289,6.077389024));
#2495=DIRECTION('',(-0.,-0.,-1.));
#2496=VECTOR('',#2495,1.291413737);
#2497=LINE('',#2494,#2496);
#2498=EDGE_CURVE('',#2493,#2485,#2497,.T.);
#2499=ORIENTED_EDGE('',*,*,#2498,.F.);
#2500=CARTESIAN_POINT('',(-34.381088362,-28.182649456,6.077389024));
#2501=VERTEX_POINT('',#2500);
#2502=CARTESIAN_POINT('',(-34.381088361,-28.182649456,6.077389024));
#2503=DIRECTION('',(-0.000201586,0.99999998,0.));
#2504=VECTOR('',#2503,3.471626637);
#2505=LINE('',#2502,#2504);
#2506=EDGE_CURVE('',#2501,#2493,#2505,.T.);
#2507=ORIENTED_EDGE('',*,*,#2506,.F.);
#2508=CARTESIAN_POINT('',(-34.381088361,-28.182649456,2.15490674));
#2509=DIRECTION('',(0.,0.,1.));
#2510=VECTOR('',#2509,3.922482284);
#2511=LINE('',#2508,#2510);
#2512=EDGE_CURVE('',#2463,#2501,#2511,.T.);
#2513=ORIENTED_EDGE('',*,*,#2512,.F.);
#2514=EDGE_LOOP('',(#2468,#2474,#2475,#2483,#2491,#2499,#2507,#2513));
#2515=FACE_BOUND('',#2514,.T.);
#2516=ADVANCED_FACE('',(#2515),#2459,.T.);
#2517=CARTESIAN_POINT('',(16.523488374,-31.713089958,0.088538906));
#2518=DIRECTION('',(0.,0.,1.));
#2519=DIRECTION('',(1.,0.,-0.));
#2520=AXIS2_PLACEMENT_3D('',#2517,#2518,#2519);
#2521=CYLINDRICAL_SURFACE('',#2520,2.912323952);
#2522=CARTESIAN_POINT('',(17.277351527,-28.900027366,1.624211203));
#2523=VERTEX_POINT('',#2522);
#2524=CARTESIAN_POINT('',(17.277351527,-28.900027366,1.624211203));
#2525=DIRECTION('',(0.,0.,1.));
#2526=VECTOR('',#2525,2.32195131);
#2527=LINE('',#2524,#2526);
#2528=EDGE_CURVE('',#2523,#1977,#2527,.T.);
#2529=ORIENTED_EDGE('',*,*,#2528,.F.);
#2530=CARTESIAN_POINT('',(15.674795217,-28.927169872,1.596764383));
#2531=VERTEX_POINT('',#2530);
#2532=CARTESIAN_POINT('',(15.674795217,-28.927169872,1.596764383));
#2533=CARTESIAN_POINT('',(16.472188971,-28.684254569,1.842403183));
#2534=CARTESIAN_POINT('',(17.277351527,-28.900027366,1.624211203));
#2535=(BOUNDED_CURVE()
B_SPLINE_CURVE(2,(#2532,#2533,#2534),.UNSPECIFIED.,.F.,.F.)
B_SPLINE_CURVE_WITH_KNOTS((3,3),(343.057346518,375.002001096),.UNSPECIFIED.)
CURVE()
GEOMETRIC_REPRESENTATION_ITEM()
RATIONAL_B_SPLINE_CURVE((1.,0.961394711,1.))
REPRESENTATION_ITEM(''));
#2536=EDGE_CURVE('',#2531,#2523,#2535,.T.);
#2537=ORIENTED_EDGE('',*,*,#2536,.F.);
#2538=CARTESIAN_POINT('',(15.674795217,-28.927169872,1.596764383));
#2539=DIRECTION('',(0.,0.,1.));
#2540=VECTOR('',#2539,2.34939813);
#2541=LINE('',#2538,#2540);
#2542=EDGE_CURVE('',#2531,#1986,#2541,.T.);
#2543=ORIENTED_EDGE('',*,*,#2542,.T.);
#2544=ORIENTED_EDGE('',*,*,#1992,.F.);
#2545=EDGE_LOOP('',(#2529,#2537,#2543,#2544));
#2546=FACE_BOUND('',#2545,.T.);
#2547=ADVANCED_FACE('',(#2546),#2521,.T.);
#2548=CARTESIAN_POINT('',(16.523488374,-31.713089958,0.088538906));
#2549=DIRECTION('',(0.,0.,1.));
#2550=DIRECTION('',(1.,0.,-0.));
#2551=AXIS2_PLACEMENT_3D('',#2548,#2549,#2550);
#2552=CYLINDRICAL_SURFACE('',#2551,2.912323952);
#2553=ORIENTED_EDGE('',*,*,#2528,.T.);
#2554=ORIENTED_EDGE('',*,*,#1983,.F.);
#2555=CARTESIAN_POINT('',(17.471706331,-28.959453543,1.564118757));
#2556=VERTEX_POINT('',#2555);
#2557=CARTESIAN_POINT('',(17.471706332,-28.959453543,3.946162513));
#2558=DIRECTION('',(-0.,-0.,-1.));
#2559=VECTOR('',#2558,2.382043756);
#2560=LINE('',#2557,#2559);
#2561=EDGE_CURVE('',#1969,#2556,#2560,.T.);
#2562=ORIENTED_EDGE('',*,*,#2561,.T.);
#2563=CARTESIAN_POINT('',(17.356777412,-28.922523675,1.601462672));
#2564=VERTEX_POINT('',#2563);
#2565=CARTESIAN_POINT('',(17.356777412,-28.922523675,1.601462672));
#2566=CARTESIAN_POINT('',(17.414624642,-28.939797396,1.583995283));
#2567=CARTESIAN_POINT('',(17.471706331,-28.959453543,1.564118757));
#2568=(BOUNDED_CURVE()
B_SPLINE_CURVE(2,(#2565,#2566,#2567),.UNSPECIFIED.,.F.,.F.)
B_SPLINE_CURVE_WITH_KNOTS((3,3),(16.626114104,19.001207291),.UNSPECIFIED.)
CURVE()
GEOMETRIC_REPRESENTATION_ITEM()
RATIONAL_B_SPLINE_CURVE((1.,0.999785212,1.))
REPRESENTATION_ITEM(''));
#2569=EDGE_CURVE('',#2564,#2556,#2568,.T.);
#2570=ORIENTED_EDGE('',*,*,#2569,.F.);
#2571=CARTESIAN_POINT('',(17.277351527,-28.900027366,1.624211203));
#2572=CARTESIAN_POINT('',(17.317223901,-28.910712629,1.61340614));
#2573=CARTESIAN_POINT('',(17.356777412,-28.922523675,1.601462672));
#2574=(BOUNDED_CURVE()
B_SPLINE_CURVE(2,(#2571,#2572,#2573),.UNSPECIFIED.,.F.,.F.)
B_SPLINE_CURVE_WITH_KNOTS((3,3),(15.002001096,16.626114104),.UNSPECIFIED.)
CURVE()
GEOMETRIC_REPRESENTATION_ITEM()
RATIONAL_B_SPLINE_CURVE((1.,0.999899564,1.))
REPRESENTATION_ITEM(''));
#2575=EDGE_CURVE('',#2523,#2564,#2574,.T.);
#2576=ORIENTED_EDGE('',*,*,#2575,.F.);
#2577=EDGE_LOOP('',(#2553,#2554,#2562,#2570,#2576));
#2578=FACE_BOUND('',#2577,.T.);
#2579=ADVANCED_FACE('',(#2578),#2552,.T.);
#2580=CARTESIAN_POINT('',(17.277351527,-11.607366524,18.001533192));
#2581=DIRECTION('',(-1.,0.,0.));
#2582=DIRECTION('',(0.,0.,1.));
#2583=AXIS2_PLACEMENT_3D('',#2580,#2581,#2582);
#2584=PLANE('',#2583);
#2585=ORIENTED_EDGE('',*,*,#2085,.F.);
#2586=ORIENTED_EDGE('',*,*,#1520,.F.);
#2587=ORIENTED_EDGE('',*,*,#2271,.F.);
#2588=ORIENTED_EDGE('',*,*,#2125,.T.);
#2589=EDGE_LOOP('',(#2585,#2586,#2587,#2588));
#2590=FACE_BOUND('',#2589,.T.);
#2591=ADVANCED_FACE('',(#2590),#2584,.T.);
#2592=CARTESIAN_POINT('',(16.565694431,-10.699487522,-0.282563893));
#2593=CARTESIAN_POINT('',(16.565694431,-10.699487522,-0.268151167));
#2594=CARTESIAN_POINT('',(16.426350135,-10.720000204,-0.282563893));
#2595=CARTESIAN_POINT('',(16.426350135,-10.720000204,-0.268151167));
#2596=CARTESIAN_POINT('',(16.287005838,-10.740512885,-0.282563893));
#2597=CARTESIAN_POINT('',(16.287005838,-10.740512885,-0.268151167));
#2598=CARTESIAN_POINT('',(16.147661542,-10.761025567,-0.282563893));
#2599=CARTESIAN_POINT('',(16.147661542,-10.761025567,-0.268151167));
#2600=CARTESIAN_POINT('',(16.094840036,-10.768801348,-0.282563893));
#2601=CARTESIAN_POINT('',(16.094840036,-10.768801348,-0.268151167));
#2602=CARTESIAN_POINT('',(16.0422875,-10.777835614,-0.282563893));
#2603=CARTESIAN_POINT('',(16.0422875,-10.777835614,-0.268151167));
#2604=CARTESIAN_POINT('',(15.990051206,-10.788103689,-0.282563893));
#2605=CARTESIAN_POINT('',(15.990051206,-10.788103689,-0.268151167));
#2606=CARTESIAN_POINT('',(15.990018414,-10.788110135,-0.282563893));
#2607=CARTESIAN_POINT('',(15.990018414,-10.788110135,-0.268151167));
#2608=CARTESIAN_POINT('',(15.989985947,-10.788117315,-0.282563893));
#2609=CARTESIAN_POINT('',(15.989985947,-10.788117315,-0.268151167));
#2610=CARTESIAN_POINT('',(15.989953318,-10.78812413,-0.282563893));
#2611=CARTESIAN_POINT('',(15.989953318,-10.78812413,-0.268151167));
#2612=CARTESIAN_POINT('',(15.89631724,-10.807678361,-0.282563893));
#2613=CARTESIAN_POINT('',(15.89631724,-10.807678361,-0.268151167));
#2614=CARTESIAN_POINT('',(15.80369215,-10.831190579,-0.282563893));
#2615=CARTESIAN_POINT('',(15.80369215,-10.831190579,-0.268151167));
#2616=CARTESIAN_POINT('',(15.712348291,-10.858530305,-0.282563893));
#2617=CARTESIAN_POINT('',(15.712348291,-10.858530305,-0.268151167));
#2618=CARTESIAN_POINT('',(15.712316316,-10.858539875,-0.282563893));
#2619=CARTESIAN_POINT('',(15.712316316,-10.858539875,-0.268151167));
#2620=CARTESIAN_POINT('',(15.712284647,-10.85855015,-0.282563893));
#2621=CARTESIAN_POINT('',(15.712284647,-10.85855015,-0.268151167));
#2622=CARTESIAN_POINT('',(15.712252825,-10.858560073,-0.282563893));
#2623=CARTESIAN_POINT('',(15.712252825,-10.858560073,-0.268151167));
#2624=CARTESIAN_POINT('',(15.621347476,-10.886907544,-0.282563893));
#2625=CARTESIAN_POINT('',(15.621347476,-10.886907544,-0.268151167));
#2626=CARTESIAN_POINT('',(15.531701968,-10.919064077,-0.282563893));
#2627=CARTESIAN_POINT('',(15.531701968,-10.919064077,-0.268151167));
#2628=CARTESIAN_POINT('',(15.443586451,-10.954912831,-0.282563893));
#2629=CARTESIAN_POINT('',(15.443586451,-10.954912831,-0.268151167));
#2630=CARTESIAN_POINT('',(15.443555577,-10.954925392,-0.282563893));
#2631=CARTESIAN_POINT('',(15.443555577,-10.954925392,-0.268151167));
#2632=CARTESIAN_POINT('',(15.443524988,-10.954938652,-0.282563893));
#2633=CARTESIAN_POINT('',(15.443524988,-10.954938652,-0.268151167));
#2634=CARTESIAN_POINT('',(15.443494257,-10.954951563,-0.282563893));
#2635=CARTESIAN_POINT('',(15.443494257,-10.954951563,-0.268151167));
#2636=CARTESIAN_POINT('',(15.3557874,-10.991800413,-0.282563893));
#2637=CARTESIAN_POINT('',(15.3557874,-10.991800413,-0.268151167));
#2638=CARTESIAN_POINT('',(15.269594397,-11.03234908,-0.282563893));
#2639=CARTESIAN_POINT('',(15.269594397,-11.03234908,-0.268151167));
#2640=CARTESIAN_POINT('',(15.185190599,-11.07649284,-0.282563893));
#2641=CARTESIAN_POINT('',(15.185190599,-11.07649284,-0.268151167));
#2642=CARTESIAN_POINT('',(15.185161103,-11.076508266,-0.282563893));
#2643=CARTESIAN_POINT('',(15.185161103,-11.076508266,-0.268151167));
#2644=CARTESIAN_POINT('',(15.185131882,-11.076524411,-0.282563893));
#2645=CARTESIAN_POINT('',(15.185131882,-11.076524411,-0.268151167));
#2646=CARTESIAN_POINT('',(15.185102524,-11.076540197,-0.282563893));
#2647=CARTESIAN_POINT('',(15.185102524,-11.076540197,-0.268151167));
#2648=CARTESIAN_POINT('',(15.101093115,-11.121712687,-0.282563893));
#2649=CARTESIAN_POINT('',(15.101093115,-11.121712687,-0.268151167));
#2650=CARTESIAN_POINT('',(15.018872069,-11.170509664,-0.282563893));
#2651=CARTESIAN_POINT('',(15.018872069,-11.170509664,-0.268151167));
#2652=CARTESIAN_POINT('',(14.938724729,-11.222835771,-0.282563893));
#2653=CARTESIAN_POINT('',(14.938724729,-11.222835771,-0.268151167));
#2654=CARTESIAN_POINT('',(14.938696893,-11.222853945,-0.282563893));
#2655=CARTESIAN_POINT('',(14.938696893,-11.222853945,-0.268151167));
#2656=CARTESIAN_POINT('',(14.93866934,-11.222872871,-0.282563893));
#2657=CARTESIAN_POINT('',(14.93866934,-11.222872871,-0.268151167));
#2658=CARTESIAN_POINT('',(14.938641645,-11.222891422,-0.282563893));
#2659=CARTESIAN_POINT('',(14.938641645,-11.222891422,-0.268151167));
#2660=CARTESIAN_POINT('',(14.858904409,-11.276302878,-0.282563893));
#2661=CARTESIAN_POINT('',(14.858904409,-11.276302878,-0.268151167));
#2662=CARTESIAN_POINT('',(14.781264521,-11.333287733,-0.282563893));
#2663=CARTESIAN_POINT('',(14.781264521,-11.333287733,-0.268151167));
#2664=CARTESIAN_POINT('',(14.70602169,-11.39375573,-0.282563893));
#2665=CARTESIAN_POINT('',(14.70602169,-11.39375573,-0.268151167));
#2666=CARTESIAN_POINT('',(14.705995805,-11.393776532,-0.282563893));
#2667=CARTESIAN_POINT('',(14.705995805,-11.393776532,-0.268151167));
#2668=CARTESIAN_POINT('',(14.705970243,-11.393798128,-0.282563893));
#2669=CARTESIAN_POINT('',(14.705970243,-11.393798128,-0.268151167));
#2670=CARTESIAN_POINT('',(14.70594452,-11.393819328,-0.282563893));
#2671=CARTESIAN_POINT('',(14.70594452,-11.393819328,-0.268151167));
#2672=CARTESIAN_POINT('',(14.631170589,-11.455444403,-0.282563893));
#2673=CARTESIAN_POINT('',(14.631170589,-11.455444403,-0.268151167));
#2674=CARTESIAN_POINT('',(14.558849963,-11.520601331,-0.282563893));
#2675=CARTESIAN_POINT('',(14.558849963,-11.520601331,-0.268151167));
#2676=CARTESIAN_POINT('',(14.489300319,-11.589198684,-0.282563893));
#2677=CARTESIAN_POINT('',(14.489300319,-11.589198684,-0.268151167));
#2678=CARTESIAN_POINT('',(14.489276587,-11.589222091,-0.282563893));
#2679=CARTESIAN_POINT('',(14.489276587,-11.589222091,-0.268151167));
#2680=CARTESIAN_POINT('',(14.489253463,-11.589246106,-0.282563893));
#2681=CARTESIAN_POINT('',(14.489253463,-11.589246106,-0.268151167));
#2682=CARTESIAN_POINT('',(14.489230035,-11.589269818,-0.282563893));
#2683=CARTESIAN_POINT('',(14.489230035,-11.589269818,-0.268151167));
#2684=CARTESIAN_POINT('',(14.420572984,-11.658759061,-0.282563893));
#2685=CARTESIAN_POINT('',(14.420572984,-11.658759061,-0.268151167));
#2686=CARTESIAN_POINT('',(14.355353087,-11.731022839,-0.282563893));
#2687=CARTESIAN_POINT('',(14.355353087,-11.731022839,-0.268151167));
#2688=CARTESIAN_POINT('',(14.29366217,-11.80574327,-0.282563893));
#2689=CARTESIAN_POINT('',(14.29366217,-11.80574327,-0.268151167));
#2690=CARTESIAN_POINT('',(14.293640867,-11.805769072,-0.282563893));
#2691=CARTESIAN_POINT('',(14.293640867,-11.805769072,-0.268151167));
#2692=CARTESIAN_POINT('',(14.293620362,-11.805795198,-0.282563893));
#2693=CARTESIAN_POINT('',(14.293620362,-11.805795198,-0.268151167));
#2694=CARTESIAN_POINT('',(14.293599458,-11.805821162,-0.282563893));
#2695=CARTESIAN_POINT('',(14.293599458,-11.805821162,-0.268151167));
#2696=CARTESIAN_POINT('',(14.233065801,-11.881010197,-0.282563893));
#2697=CARTESIAN_POINT('',(14.233065801,-11.881010197,-0.268151167));
#2698=CARTESIAN_POINT('',(14.176011922,-11.958599849,-0.282563893));
#2699=CARTESIAN_POINT('',(14.176011922,-11.958599849,-0.268151167));
#2700=CARTESIAN_POINT('',(14.122528542,-12.038290275,-0.282563893));
#2701=CARTESIAN_POINT('',(14.122528542,-12.038290275,-0.268151167));
#2702=CARTESIAN_POINT('',(14.122509917,-12.038318027,-0.282563893));
#2703=CARTESIAN_POINT('',(14.122509917,-12.038318027,-0.268151167));
#2704=CARTESIAN_POINT('',(14.122492046,-12.038346064,-0.282563893));
#2705=CARTESIAN_POINT('',(14.122492046,-12.038346064,-0.268151167));
#2706=CARTESIAN_POINT('',(14.122473798,-12.038373959,-0.282563893));
#2707=CARTESIAN_POINT('',(14.122473798,-12.038373959,-0.268151167));
#2708=CARTESIAN_POINT('',(14.070075313,-12.118474606,-0.282563893));
#2709=CARTESIAN_POINT('',(14.070075313,-12.118474606,-0.268151167));
#2710=CARTESIAN_POINT('',(14.021202707,-12.200652705,-0.282563893));
#2711=CARTESIAN_POINT('',(14.021202707,-12.200652705,-0.268151167));
#2712=CARTESIAN_POINT('',(13.975951871,-12.284622822,-0.282563893));
#2713=CARTESIAN_POINT('',(13.975951871,-12.284622822,-0.268151167));
#2714=CARTESIAN_POINT('',(13.975936036,-12.284652207,-0.282563893));
#2715=CARTESIAN_POINT('',(13.975936036,-12.284652207,-0.268151167));
#2716=CARTESIAN_POINT('',(13.975920919,-12.284681867,-0.282563893));
#2717=CARTESIAN_POINT('',(13.975920919,-12.284681867,-0.268151167));
#2718=CARTESIAN_POINT('',(13.975905443,-12.284711391,-0.282563893));
#2719=CARTESIAN_POINT('',(13.975905443,-12.284711391,-0.268151167));
#2720=CARTESIAN_POINT('',(13.931682467,-12.369076553,-0.282563893));
#2721=CARTESIAN_POINT('',(13.931682467,-12.369076553,-0.268151167));
#2722=CARTESIAN_POINT('',(13.891051656,-12.455234957,-0.282563893));
#2723=CARTESIAN_POINT('',(13.891051656,-12.455234957,-0.268151167));
#2724=CARTESIAN_POINT('',(13.854118336,-12.54291119,-0.282563893));
#2725=CARTESIAN_POINT('',(13.854118336,-12.54291119,-0.268151167));
#2726=CARTESIAN_POINT('',(13.854105396,-12.54294191,-0.282563893));
#2727=CARTESIAN_POINT('',(13.854105396,-12.54294191,-0.268151167));
#2728=CARTESIAN_POINT('',(13.854093153,-12.542972917,-0.282563893));
#2729=CARTESIAN_POINT('',(13.854093153,-12.542972917,-0.268151167));
#2730=CARTESIAN_POINT('',(13.854080563,-12.543003781,-0.282563893));
#2731=CARTESIAN_POINT('',(13.854080563,-12.543003781,-0.268151167));
#2732=CARTESIAN_POINT('',(13.818146265,-12.631089937,-0.282563893));
#2733=CARTESIAN_POINT('',(13.818146265,-12.631089937,-0.268151167));
#2734=CARTESIAN_POINT('',(13.785901789,-12.720710475,-0.282563893));
#2735=CARTESIAN_POINT('',(13.785901789,-12.720710475,-0.268151167));
#2736=CARTESIAN_POINT('',(13.75746465,-12.8115952,-0.282563893));
#2737=CARTESIAN_POINT('',(13.75746465,-12.8115952,-0.268151167));
#2738=CARTESIAN_POINT('',(13.757454709,-12.811626971,-0.282563893));
#2739=CARTESIAN_POINT('',(13.757454709,-12.811626971,-0.268151167));
#2740=CARTESIAN_POINT('',(13.757445471,-12.811659048,-0.282563893));
#2741=CARTESIAN_POINT('',(13.757445471,-12.811659048,-0.268151167));
#2742=CARTESIAN_POINT('',(13.757435882,-12.811690973,-0.282563893));
#2743=CARTESIAN_POINT('',(13.757435882,-12.811690973,-0.268151167));
#2744=CARTESIAN_POINT('',(13.730005417,-12.903016112,-0.282563893));
#2745=CARTESIAN_POINT('',(13.730005417,-12.903016112,-0.268151167));
#2746=CARTESIAN_POINT('',(13.706400802,-12.995627262,-0.282563893));
#2747=CARTESIAN_POINT('',(13.706400802,-12.995627262,-0.268151167));
#2748=CARTESIAN_POINT('',(13.686753259,-13.089254134,-0.282563893));
#2749=CARTESIAN_POINT('',(13.686753259,-13.089254134,-0.268151167));
#2750=CARTESIAN_POINT('',(13.686746431,-13.089286672,-0.282563893));
#2751=CARTESIAN_POINT('',(13.686746431,-13.089286672,-0.268151167));
#2752=CARTESIAN_POINT('',(13.686740335,-13.089319536,-0.282563893));
#2753=CARTESIAN_POINT('',(13.686740335,-13.089319536,-0.268151167));
#2754=CARTESIAN_POINT('',(13.686733874,-13.089352237,-0.282563893));
#2755=CARTESIAN_POINT('',(13.686733874,-13.089352237,-0.268151167));
#2756=CARTESIAN_POINT('',(13.668141703,-13.183449663,-0.282563893));
#2757=CARTESIAN_POINT('',(13.668141703,-13.183449663,-0.268151167));
#2758=CARTESIAN_POINT('',(13.653553076,-13.278578588,-0.282563893));
#2759=CARTESIAN_POINT('',(13.653553076,-13.278578588,-0.268151167));
#2760=CARTESIAN_POINT('',(13.643113099,-13.374462565,-0.282563893));
#2761=CARTESIAN_POINT('',(13.643113099,-13.374462565,-0.268151167));
#2762=CARTESIAN_POINT('',(13.643109505,-13.374495578,-0.282563893));
#2763=CARTESIAN_POINT('',(13.643109505,-13.374495578,-0.268151167));
#2764=CARTESIAN_POINT('',(13.643106698,-13.374528923,-0.282563893));
#2765=CARTESIAN_POINT('',(13.643106698,-13.374528923,-0.268151167));
#2766=CARTESIAN_POINT('',(13.643103497,-13.374562103,-0.282563893));
#2767=CARTESIAN_POINT('',(13.643103497,-13.374562103,-0.268151167));
#2768=CARTESIAN_POINT('',(13.633809108,-13.470928173,-0.282563893));
#2769=CARTESIAN_POINT('',(13.633809108,-13.470928173,-0.268151167));
#2770=CARTESIAN_POINT('',(13.628736418,-13.568045977,-0.282563893));
#2771=CARTESIAN_POINT('',(13.628736418,-13.568045977,-0.268151167));
#2772=CARTESIAN_POINT('',(13.628042682,-13.665625949,-0.282563893));
#2773=CARTESIAN_POINT('',(13.628042682,-13.665625949,-0.268151167));
#2774=CARTESIAN_POINT('',(13.628042445,-13.665659279,-0.282563893));
#2775=CARTESIAN_POINT('',(13.628042445,-13.665659279,-0.268151167));
#2776=CARTESIAN_POINT('',(13.628043065,-13.665692614,-0.282563893));
#2777=CARTESIAN_POINT('',(13.628043065,-13.665692614,-0.268151167));
#2778=CARTESIAN_POINT('',(13.628043258,-13.665725947,-0.282563893));
#2779=CARTESIAN_POINT('',(13.628043258,-13.665725947,-0.268151167));
#2780=CARTESIAN_POINT('',(13.628606348,-13.763312571,-0.282563893));
#2781=CARTESIAN_POINT('',(13.628606348,-13.763312571,-0.268151167));
#2782=CARTESIAN_POINT('',(13.633550114,-13.860436862,-0.282563893));
#2783=CARTESIAN_POINT('',(13.633550114,-13.860436862,-0.268151167));
#2784=CARTESIAN_POINT('',(13.642718296,-13.956810835,-0.282563893));
#2785=CARTESIAN_POINT('',(13.642718296,-13.956810835,-0.268151167));
#2786=CARTESIAN_POINT('',(13.642721465,-13.95684414,-0.282563893));
#2787=CARTESIAN_POINT('',(13.642721465,-13.95684414,-0.268151167));
#2788=CARTESIAN_POINT('',(13.642725426,-13.956877119,-0.282563893));
#2789=CARTESIAN_POINT('',(13.642725426,-13.956877119,-0.268151167));
#2790=CARTESIAN_POINT('',(13.642728991,-13.956910261,-0.282563893));
#2791=CARTESIAN_POINT('',(13.642728991,-13.956910261,-0.268151167));
#2792=CARTESIAN_POINT('',(13.653046034,-14.052810739,-0.282563893));
#2793=CARTESIAN_POINT('',(13.653046034,-14.052810739,-0.268151167));
#2794=CARTESIAN_POINT('',(13.667515533,-14.147954069,-0.282563893));
#2795=CARTESIAN_POINT('',(13.667515533,-14.147954069,-0.268151167));
#2796=CARTESIAN_POINT('',(13.685992696,-14.242065468,-0.282563893));
#2797=CARTESIAN_POINT('',(13.685992696,-14.242065468,-0.268151167));
#2798=CARTESIAN_POINT('',(13.685999135,-14.242098261,-0.282563893));
#2799=CARTESIAN_POINT('',(13.685999135,-14.242098261,-0.268151167));
#2800=CARTESIAN_POINT('',(13.68600631,-14.24213073,-0.282563893));
#2801=CARTESIAN_POINT('',(13.68600631,-14.24213073,-0.268151167));
#2802=CARTESIAN_POINT('',(13.686013118,-14.24216336,-0.282563893));
#2803=CARTESIAN_POINT('',(13.686013118,-14.24216336,-0.268151167));
#2804=CARTESIAN_POINT('',(13.705549616,-14.335807751,-0.282563893));
#2805=CARTESIAN_POINT('',(13.705549616,-14.335807751,-0.268151167));
#2806=CARTESIAN_POINT('',(13.729047186,-14.428432819,-0.282563893));
#2807=CARTESIAN_POINT('',(13.729047186,-14.428432819,-0.268151167));
#2808=CARTESIAN_POINT('',(13.756374387,-14.519770173,-0.282563893));
#2809=CARTESIAN_POINT('',(13.756374387,-14.519770173,-0.268151167));
#2810=CARTESIAN_POINT('',(13.756383954,-14.51980215,-0.282563893));
#2811=CARTESIAN_POINT('',(13.756383954,-14.51980215,-0.268151167));
#2812=CARTESIAN_POINT('',(13.756394227,-14.519833819,-0.282563893));
#2813=CARTESIAN_POINT('',(13.756394227,-14.519833819,-0.268151167));
#2814=CARTESIAN_POINT('',(13.756404148,-14.519865642,-0.282563893));
#2815=CARTESIAN_POINT('',(13.756404148,-14.519865642,-0.268151167));
#2816=CARTESIAN_POINT('',(13.766845656,-14.553358774,-0.282563893));
#2817=CARTESIAN_POINT('',(13.766845656,-14.553358774,-0.268151167));
#2818=CARTESIAN_POINT('',(13.777804476,-14.586679674,-0.282563893));
#2819=CARTESIAN_POINT('',(13.777804476,-14.586679674,-0.268151167));
#2820=CARTESIAN_POINT('',(13.789274698,-14.619814934,-0.282563893));
#2821=CARTESIAN_POINT('',(13.789274698,-14.619814934,-0.268151167));
#2822=B_SPLINE_SURFACE_WITH_KNOTS('',3,1,((#2592,#2593),(#2594,#2595),(#2596,#2597),(#2598,#2599),(#2600,#2601),(#2602,#2603),(#2604,#2605),(#2606,#2607),(#2608,#2609),(#2610,#2611),(#2612,#2613),(#2614,#2615),(#2616,#2617),(#2618,#2619),(#2620,#2621),(#2622,#2623),(#2624,#2625),(#2626,#2627),(#2628,#2629),(#2630,#2631),(#2632,#2633),(#2634,#2635),(#2636,#2637),(#2638,#2639),(#2640,#2641),(#2642,#2643),
(#2644,#2645),(#2646,#2647),(#2648,#2649),(#2650,#2651),(#2652,#2653),(#2654,#2655),(#2656,#2657),(#2658,#2659),(#2660,#2661),(#2662,#2663),(#2664,#2665),(#2666,#2667),(#2668,#2669),(#2670,#2671),(#2672,#2673),(#2674,#2675),(#2676,#2677),(#2678,#2679),(#2680,#2681),(#2682,#2683),(#2684,#2685),(#2686,#2687),(#2688,#2689),(#2690,#2691),(#2692,#2693),
(#2694,#2695),(#2696,#2697),(#2698,#2699),(#2700,#2701),(#2702,#2703),(#2704,#2705),(#2706,#2707),(#2708,#2709),(#2710,#2711),(#2712,#2713),(#2714,#2715),(#2716,#2717),(#2718,#2719),(#2720,#2721),(#2722,#2723),(#2724,#2725),(#2726,#2727),(#2728,#2729),(#2730,#2731),(#2732,#2733),(#2734,#2735),(#2736,#2737),(#2738,#2739),(#2740,#2741),(#2742,#2743),
(#2744,#2745),(#2746,#2747),(#2748,#2749),(#2750,#2751),(#2752,#2753),(#2754,#2755),(#2756,#2757),(#2758,#2759),(#2760,#2761),(#2762,#2763),(#2764,#2765),(#2766,#2767),(#2768,#2769),(#2770,#2771),(#2772,#2773),(#2774,#2775),(#2776,#2777),(#2778,#2779),(#2780,#2781),(#2782,#2783),(#2784,#2785),(#2786,#2787),(#2788,#2789),(#2790,#2791),(#2792,#2793),
(#2794,#2795),(#2796,#2797),(#2798,#2799),(#2800,#2801),(#2802,#2803),(#2804,#2805),(#2806,#2807),(#2808,#2809),(#2810,#2811),(#2812,#2813),(#2814,#2815),(#2816,#2817),(#2818,#2819),(#2820,#2821)),.UNSPECIFIED.,.F.,.F.,.U.,(4,3,3,3,3,3,3,3,3,3,3,3,3,3,3,3,3,3,3,3,3,3,3,3,3,3,
3,3,3,3,3,3,3,3,3,3,3,3,4),(2,2),(0.001717345,0.001874648,0.001934277,0.001934314,0.002041737,0.002041775,0.002149197,0.002149235,0.002256657,0.002256695,0.002364117,0.002364154,0.002471576,0.002471613,0.002579036,0.002579073,0.002686496,0.002686533,0.002793956,0.002793993,0.002901416,0.002901454,0.003008876,0.003008914,0.003116335,0.003116373,
0.003223795,0.003223832,0.003331255,0.003331292,0.003438715,0.003438752,0.003546175,0.003546212,0.003653635,0.003653672,0.003761095,0.003761133,0.003800715),(-0.187156896,-0.179888179),.UNSPECIFIED.);
#2823=CARTESIAN_POINT('',(13.784159066,-14.605469334,-0.282563893));
#2824=VERTEX_POINT('',#2823);
#2825=CARTESIAN_POINT('',(13.783992795,-14.605526056,-0.282563893));
#2826=CARTESIAN_POINT('',(13.788916925,-14.619938782,-0.268151167));
#2827=B_SPLINE_CURVE_WITH_KNOTS('',1,(#2825,#2826),.UNSPECIFIED.,.F.,.F.,(2,2),(0.,1.),.UNSPECIFIED.);
#2828=EDGE_CURVE('',#2824,#2143,#2827,.T.);
#2829=ORIENTED_EDGE('',*,*,#2828,.T.);
#2830=ORIENTED_EDGE('',*,*,#2176,.T.);
#2831=ORIENTED_EDGE('',*,*,#2300,.F.);
#2832=CARTESIAN_POINT('',(16.565694431,-10.699487522,-0.282563893));
#2833=CARTESIAN_POINT('',(16.450895492,-10.716386916,-0.282563893));
#2834=CARTESIAN_POINT('',(16.336096554,-10.733286309,-0.282563893));
#2835=CARTESIAN_POINT('',(16.221297615,-10.750185702,-0.282563893));
#2836=CARTESIAN_POINT('',(16.163898146,-10.758635399,-0.282563893));
#2837=CARTESIAN_POINT('',(16.106449821,-10.766845394,-0.282563893));
#2838=CARTESIAN_POINT('',(16.049335646,-10.777004933,-0.282563893));
#2839=CARTESIAN_POINT('',(15.99222147,-10.787164472,-0.282563893));
#2840=CARTESIAN_POINT('',(15.935494906,-10.799456503,-0.282563893));
#2841=CARTESIAN_POINT('',(15.879144772,-10.813223452,-0.282563893));
#2842=CARTESIAN_POINT('',(15.653744236,-10.868291249,-0.282563893));
#2843=CARTESIAN_POINT('',(15.434974433,-10.949941199,-0.282563893));
#2844=CARTESIAN_POINT('',(15.227845698,-11.054566765,-0.282563893));
#2845=CARTESIAN_POINT('',(14.813588228,-11.263817897,-0.282563893));
#2846=CARTESIAN_POINT('',(14.452127256,-11.575950073,-0.282563893));
#2847=CARTESIAN_POINT('',(14.181632138,-11.953114549,-0.282563893));
#2848=CARTESIAN_POINT('',(13.91113702,-12.330279024,-0.282563893));
#2849=CARTESIAN_POINT('',(13.732086021,-12.772467866,-0.282563893));
#2850=CARTESIAN_POINT('',(13.661853847,-13.231319544,-0.282563893));
#2851=CARTESIAN_POINT('',(13.626737759,-13.460745383,-0.282563893));
#2852=CARTESIAN_POINT('',(13.620118454,-13.694359141,-0.282563893));
#2853=CARTESIAN_POINT('',(13.639906302,-13.925682309,-0.282563893));
#2854=CARTESIAN_POINT('',(13.65969415,-14.157005477,-0.282563893));
#2855=CARTESIAN_POINT('',(13.709355533,-14.385650427,-0.282563893));
#2856=CARTESIAN_POINT('',(13.784325336,-14.605412613,-0.282563893));
#2857=B_SPLINE_CURVE_WITH_KNOTS('',3,(#2832,#2833,#2834,#2835,#2836,#2837,#2838,#2839,#2840,#2841,#2842,#2843,#2844,#2845,#2846,#2847,#2848,#2849,#2850,#2851,#2852,#2853,#2854,#2855,#2856),.UNSPECIFIED.,.F.,.F.,(4,3,3,3,3,3,3,3,4),(0.002162718,0.002510826,0.00268488,0.002858934,0.003555151,0.004947585,0.006340019,0.007036235,0.007732452),.UNSPECIFIED.);
#2858=EDGE_CURVE('',#2282,#2824,#2857,.T.);
#2859=ORIENTED_EDGE('',*,*,#2858,.T.);
#2860=EDGE_LOOP('',(#2829,#2830,#2831,#2859));
#2861=FACE_BOUND('',#2860,.T.);
#2862=ADVANCED_FACE('',(#2861),#2822,.T.);
#2863=CARTESIAN_POINT('',(15.661481628,-16.459196641,1.571324419));
#2864=CARTESIAN_POINT('',(15.661481628,-16.459196641,3.946162513));
#2865=CARTESIAN_POINT('',(15.676846581,-16.464259532,1.571324419));
#2866=CARTESIAN_POINT('',(15.676846581,-16.464259532,3.946162513));
#2867=CARTESIAN_POINT('',(15.692249703,-16.469213159,1.571324419));
#2868=CARTESIAN_POINT('',(15.692249703,-16.469213159,3.946162513));
#2869=CARTESIAN_POINT('',(15.707689676,-16.474056932,1.571324419));
#2870=CARTESIAN_POINT('',(15.707689676,-16.474056932,3.946162513));
#2871=CARTESIAN_POINT('',(15.707721437,-16.474066896,1.571324419));
#2872=CARTESIAN_POINT('',(15.707721437,-16.474066896,3.946162513));
#2873=CARTESIAN_POINT('',(15.70775351,-16.474076158,1.571324419));
#2874=CARTESIAN_POINT('',(15.70775351,-16.474076158,3.946162513));
#2875=CARTESIAN_POINT('',(15.707785428,-16.474085771,1.571324419));
#2876=CARTESIAN_POINT('',(15.707785428,-16.474085771,3.946162513));
#2877=CARTESIAN_POINT('',(15.799089711,-16.501583915,1.571324419));
#2878=CARTESIAN_POINT('',(15.799089711,-16.501583915,3.946162513));
#2879=CARTESIAN_POINT('',(15.891691296,-16.525258249,1.571324419));
#2880=CARTESIAN_POINT('',(15.891691296,-16.525258249,3.946162513));
#2881=CARTESIAN_POINT('',(15.985321238,-16.544975161,1.571324419));
#2882=CARTESIAN_POINT('',(15.985321238,-16.544975161,3.946162513));
#2883=CARTESIAN_POINT('',(15.98535377,-16.544982011,1.571324419));
#2884=CARTESIAN_POINT('',(15.98535377,-16.544982011,3.946162513));
#2885=CARTESIAN_POINT('',(15.985386631,-16.54498813,1.571324419));
#2886=CARTESIAN_POINT('',(15.985386631,-16.54498813,3.946162513));
#2887=CARTESIAN_POINT('',(15.985419328,-16.544994614,1.571324419));
#2888=CARTESIAN_POINT('',(15.985419328,-16.544994614,3.946162513));
#2889=CARTESIAN_POINT('',(16.07952447,-16.563655664,1.571324419));
#2890=CARTESIAN_POINT('',(16.07952447,-16.563655664,3.946162513));
#2891=CARTESIAN_POINT('',(16.174672579,-16.578311823,1.571324419));
#2892=CARTESIAN_POINT('',(16.174672579,-16.578311823,3.946162513));
#2893=CARTESIAN_POINT('',(16.270588268,-16.588815756,1.571324419));
#2894=CARTESIAN_POINT('',(16.270588268,-16.588815756,3.946162513));
#2895=CARTESIAN_POINT('',(16.270621279,-16.588819371,1.571324419));
#2896=CARTESIAN_POINT('',(16.270621279,-16.588819371,3.946162513));
#2897=CARTESIAN_POINT('',(16.270654623,-16.588822198,1.571324419));
#2898=CARTESIAN_POINT('',(16.270654623,-16.588822198,3.946162513));
#2899=CARTESIAN_POINT('',(16.270687801,-16.588825418,1.571324419));
#2900=CARTESIAN_POINT('',(16.270687801,-16.588825418,3.946162513));
#2901=CARTESIAN_POINT('',(16.367088043,-16.598182076,1.571324419));
#2902=CARTESIAN_POINT('',(16.367088043,-16.598182076,3.946162513));
#2903=CARTESIAN_POINT('',(16.464250813,-16.603312902,1.571324419));
#2904=CARTESIAN_POINT('',(16.464250813,-16.603312902,3.946162513));
#2905=CARTESIAN_POINT('',(16.561887335,-16.604058695,1.571324419));
#2906=CARTESIAN_POINT('',(16.561887335,-16.604058695,3.946162513));
#2907=CARTESIAN_POINT('',(16.561920667,-16.604058949,1.571324419));
#2908=CARTESIAN_POINT('',(16.561920667,-16.604058949,3.946162513));
#2909=CARTESIAN_POINT('',(16.561954001,-16.604058346,1.571324419));
#2910=CARTESIAN_POINT('',(16.561954001,-16.604058346,3.946162513));
#2911=CARTESIAN_POINT('',(16.561987334,-16.604058171,1.571324419));
#2912=CARTESIAN_POINT('',(16.561987334,-16.604058171,3.946162513));
#2913=CARTESIAN_POINT('',(16.659627723,-16.603544955,1.571324419));
#2914=CARTESIAN_POINT('',(16.659627723,-16.603544955,3.946162513));
#2915=CARTESIAN_POINT('',(16.756811913,-16.598645115,1.571324419));
#2916=CARTESIAN_POINT('',(16.756811913,-16.598645115,3.946162513));
#2917=CARTESIAN_POINT('',(16.853250343,-16.589514988,1.571324419));
#2918=CARTESIAN_POINT('',(16.853250343,-16.589514988,3.946162513));
#2919=CARTESIAN_POINT('',(16.853283651,-16.589511834,1.571324419));
#2920=CARTESIAN_POINT('',(16.853283651,-16.589511834,3.946162513));
#2921=CARTESIAN_POINT('',(16.853316631,-16.589507888,1.571324419));
#2922=CARTESIAN_POINT('',(16.853316631,-16.589507888,3.946162513));
#2923=CARTESIAN_POINT('',(16.853349774,-16.589504338,1.571324419));
#2924=CARTESIAN_POINT('',(16.853349774,-16.589504338,3.946162513));
#2925=CARTESIAN_POINT('',(16.949311386,-16.579224308,1.571324419));
#2926=CARTESIAN_POINT('',(16.949311386,-16.579224308,3.946162513));
#2927=CARTESIAN_POINT('',(17.044521994,-16.564786578,1.571324419));
#2928=CARTESIAN_POINT('',(17.044521994,-16.564786578,3.946162513));
#2929=CARTESIAN_POINT('',(17.138705225,-16.54633567,1.571324419));
#2930=CARTESIAN_POINT('',(17.138705225,-16.54633567,3.946162513));
#2931=CARTESIAN_POINT('',(17.138738022,-16.546329245,1.571324419));
#2932=CARTESIAN_POINT('',(17.138738022,-16.546329245,3.946162513));
#2933=CARTESIAN_POINT('',(17.138770493,-16.546322083,1.571324419));
#2934=CARTESIAN_POINT('',(17.138770493,-16.546322083,3.946162513));
#2935=CARTESIAN_POINT('',(17.138803126,-16.546315289,1.571324419));
#2936=CARTESIAN_POINT('',(17.138803126,-16.546315289,3.946162513));
#2937=CARTESIAN_POINT('',(17.185211423,-16.53665341,1.571324419));
#2938=CARTESIAN_POINT('',(17.185211423,-16.53665341,3.946162513));
#2939=CARTESIAN_POINT('',(17.231371223,-16.526018811,1.571324419));
#2940=CARTESIAN_POINT('',(17.231371223,-16.526018811,3.946162513));
#2941=CARTESIAN_POINT('',(17.277249728,-16.514427386,1.571324419));
#2942=CARTESIAN_POINT('',(17.277249728,-16.514427386,3.946162513));
#2943=CARTESIAN_POINT('',(17.277283661,-16.514418812,1.571324419));
#2944=CARTESIAN_POINT('',(17.277283661,-16.514418812,3.946162513));
#2945=CARTESIAN_POINT('',(17.277317594,-16.514410239,1.571324419));
#2946=CARTESIAN_POINT('',(17.277317594,-16.514410239,3.946162513));
#2947=CARTESIAN_POINT('',(17.277351527,-16.514401666,1.571324419));
#2948=CARTESIAN_POINT('',(17.277351527,-16.514401666,3.946162513));
#2949=B_SPLINE_SURFACE_WITH_KNOTS('',3,1,((#2863,#2864),(#2865,#2866),(#2867,#2868),(#2869,#2870),(#2871,#2872),(#2873,#2874),(#2875,#2876),(#2877,#2878),(#2879,#2880),(#2881,#2882),(#2883,#2884),(#2885,#2886),(#2887,#2888),(#2889,#2890),(#2891,#2892),(#2893,#2894),(#2895,#2896),(#2897,#2898),(#2899,#2900),(#2901,#2902),(#2903,#2904),(#2905,#2906),(#2907,#2908),(#2909,#2910),(#2911,#2912),(#2913,#2914),
(#2915,#2916),(#2917,#2918),(#2919,#2920),(#2921,#2922),(#2923,#2924),(#2925,#2926),(#2927,#2928),(#2929,#2930),(#2931,#2932),(#2933,#2934),(#2935,#2936),(#2937,#2938),(#2939,#2940),(#2941,#2942),(#2943,#2944),(#2945,#2946),(#2947,#2948)),.UNSPECIFIED.,.F.,.F.,.U.,(4,3,3,3,3,3,3,3,3,3,3,3,3,3,4),(2,2),(0.004817438,0.004835693,0.004835731,0.004943153,0.00494319,0.005050613,0.00505065,0.005158072,0.005158109,0.005265532,0.005265569,0.005372992,0.005373029,0.005426226,0.005426265),(0.74780771,1.945500984),.UNSPECIFIED.);
#2950=CARTESIAN_POINT('',(15.661445756,-16.459305504,1.571324419));
#2951=VERTEX_POINT('',#2950);
#2952=CARTESIAN_POINT('',(15.661409884,-16.459414368,1.571324419));
#2953=DIRECTION('',(0.,0.,1.));
#2954=VECTOR('',#2953,2.374838094);
#2955=LINE('',#2952,#2954);
#2956=EDGE_CURVE('',#2951,#2010,#2955,.T.);
#2957=ORIENTED_EDGE('',*,*,#2956,.F.);
#2958=CARTESIAN_POINT('',(17.277300628,-16.514628845,1.626740356));
#2959=VERTEX_POINT('',#2958);
#2960=CARTESIAN_POINT('',(15.661410258,-16.459414489,1.57132454));
#2961=CARTESIAN_POINT('',(15.786987869,-16.500272231,1.612182282));
#2962=CARTESIAN_POINT('',(15.916644763,-16.533316481,1.645226532));
#2963=CARTESIAN_POINT('',(16.05087122,-16.557607216,1.669517267));
#2964=CARTESIAN_POINT('',(16.185097677,-16.58189795,1.693808001));
#2965=CARTESIAN_POINT('',(16.324198861,-16.597168227,1.709078279));
#2966=CARTESIAN_POINT('',(16.461795506,-16.602175423,1.714085474));
#2967=CARTESIAN_POINT('',(16.59939215,-16.60718262,1.719092671));
#2968=CARTESIAN_POINT('',(16.737029169,-16.60220033,1.714110381));
#2969=CARTESIAN_POINT('',(16.874706398,-16.587268706,1.699178757));
#2970=CARTESIAN_POINT('',(17.012383627,-16.572337082,1.684247133));
#2971=CARTESIAN_POINT('',(17.147422415,-16.547654531,1.659564582));
#2972=CARTESIAN_POINT('',(17.277351527,-16.514830305,1.626740356));
#2973=B_SPLINE_CURVE_WITH_KNOTS('',3,(#2960,#2961,#2962,#2963,#2964,#2965,#2966,#2967,#2968,#2969,#2970,#2971,#2972),.UNSPECIFIED.,.F.,.F.,(4,3,3,3,4),(0.004192088,0.004602072,0.005012056,0.00542204,0.005832023),.UNSPECIFIED.);
#2974=EDGE_CURVE('',#2951,#2959,#2973,.T.);
#2975=ORIENTED_EDGE('',*,*,#2974,.T.);
#2976=CARTESIAN_POINT('',(17.277351527,-16.514401666,1.626740356));
#2977=CARTESIAN_POINT('',(17.277351527,-16.514401666,2.399881075));
#2978=CARTESIAN_POINT('',(17.277351527,-16.514401666,3.173021794));
#2979=CARTESIAN_POINT('',(17.277351527,-16.514401666,3.946162513));
#2980=B_SPLINE_CURVE_WITH_KNOTS('',3,(#2976,#2977,#2978,#2979),.UNSPECIFIED.,.F.,.F.,(4,4),(0.,0.002319422),.UNSPECIFIED.);
#2981=EDGE_CURVE('',#2959,#2018,#2980,.T.);
#2982=ORIENTED_EDGE('',*,*,#2981,.T.);
#2983=ORIENTED_EDGE('',*,*,#2027,.F.);
#2984=EDGE_LOOP('',(#2957,#2975,#2982,#2983));
#2985=FACE_BOUND('',#2984,.T.);
#2986=ADVANCED_FACE('',(#2985),#2949,.T.);
#2987=CARTESIAN_POINT('',(17.797351527,-22.689018119,-0.282563893));
#2988=DIRECTION('',(0.,0.,-1.));
#2989=DIRECTION('',(-1.,0.,0.));
#2990=AXIS2_PLACEMENT_3D('',#2987,#2988,#2989);
#2991=PLANE('',#2990);
#2992=ORIENTED_EDGE('',*,*,#2858,.F.);
#2993=ORIENTED_EDGE('',*,*,#2294,.F.);
#2994=CARTESIAN_POINT('',(17.277351527,-12.194080175,-0.282563893));
#2995=VERTEX_POINT('',#2994);
#2996=CARTESIAN_POINT('',(17.277351527,-10.819162196,-0.282563893));
#2997=DIRECTION('',(-0.,-1.,-0.));
#2998=VECTOR('',#2997,1.374917979);
#2999=LINE('',#2996,#2998);
#3000=EDGE_CURVE('',#2274,#2995,#2999,.T.);
#3001=ORIENTED_EDGE('',*,*,#3000,.T.);
#3002=CARTESIAN_POINT('',(16.523431013,-12.013268984,-0.282563893));
#3003=VERTEX_POINT('',#3002);
#3004=CARTESIAN_POINT('',(16.523431013,-13.675469268,-0.282563893));
#3005=DIRECTION('',(0.,0.,-1.));
#3006=DIRECTION('',(0.,1.,0.));
#3007=AXIS2_PLACEMENT_3D('',#3004,#3005,#3006);
#3008=CIRCLE('',#3007,1.662200284);
#3009=EDGE_CURVE('',#3003,#2995,#3008,.T.);
#3010=ORIENTED_EDGE('',*,*,#3009,.F.);
#3011=CARTESIAN_POINT('',(15.145786591,-14.605526056,-0.282563893));
#3012=VERTEX_POINT('',#3011);
#3013=CARTESIAN_POINT('',(16.523431013,-13.675469268,-0.282563893));
#3014=DIRECTION('',(0.,0.,-1.));
#3015=DIRECTION('',(0.,1.,0.));
#3016=AXIS2_PLACEMENT_3D('',#3013,#3014,#3015);
#3017=CIRCLE('',#3016,1.662200284);
#3018=EDGE_CURVE('',#3012,#3003,#3017,.T.);
#3019=ORIENTED_EDGE('',*,*,#3018,.F.);
#3020=CARTESIAN_POINT('',(15.14578659,-14.605526056,-0.282563893));
#3021=CARTESIAN_POINT('',(13.783992795,-14.605526056,-0.282563893));
#3022=B_SPLINE_CURVE_WITH_KNOTS('',1,(#3020,#3021),.UNSPECIFIED.,.F.,.F.,(2,2),(0.,1.361793795),.UNSPECIFIED.);
#3023=EDGE_CURVE('',#3012,#2824,#3022,.T.);
#3024=ORIENTED_EDGE('',*,*,#3023,.T.);
#3025=EDGE_LOOP('',(#2992,#2993,#3001,#3010,#3019,#3024));
#3026=FACE_BOUND('',#3025,.T.);
#3027=ADVANCED_FACE('',(#3026),#2991,.T.);
#3028=CARTESIAN_POINT('',(13.58018339,-15.392792154,-0.252616245));
#3029=DIRECTION('',(0.999999995,0.000101113,0.));
#3030=DIRECTION('',(-0.000101113,0.999999995,0.));
#3031=AXIS2_PLACEMENT_3D('',#3028,#3029,#3030);
#3032=PLANE('',#3031);
#3033=CARTESIAN_POINT('',(13.580291282,-16.459833891,1.571743943));
#3034=VERTEX_POINT('',#3033);
#3035=CARTESIAN_POINT('',(13.580291282,-16.459833892,1.571743943));
#3036=CARTESIAN_POINT('',(13.580105245,-14.619938782,-0.268151167));
#3037=B_SPLINE_CURVE_WITH_KNOTS('',1,(#3035,#3036),.UNSPECIFIED.,.F.,.F.,(2,2),(0.,2.602004625),.UNSPECIFIED.);
#3038=EDGE_CURVE('',#3034,#2179,#3037,.T.);
#3039=ORIENTED_EDGE('',*,*,#3038,.F.);
#3040=CARTESIAN_POINT('',(13.580291282,-16.459833892,1.571743943));
#3041=CARTESIAN_POINT('',(13.580291282,-16.459833881,3.946162513));
#3042=B_SPLINE_CURVE_WITH_KNOTS('',1,(#3040,#3041),.UNSPECIFIED.,.F.,.F.,(2,2),(0.,2.374418572),.UNSPECIFIED.);
#3043=EDGE_CURVE('',#3034,#2002,#3042,.T.);
#3044=ORIENTED_EDGE('',*,*,#3043,.T.);
#3045=CARTESIAN_POINT('',(13.580183394,-15.392792154,3.946162513));
#3046=VERTEX_POINT('',#3045);
#3047=CARTESIAN_POINT('',(13.58018339,-15.392792154,3.946162513));
#3048=DIRECTION('',(0.000101113,-0.999999995,-0.));
#3049=VECTOR('',#3048,1.067041732);
#3050=LINE('',#3047,#3049);
#3051=EDGE_CURVE('',#3046,#2002,#3050,.T.);
#3052=ORIENTED_EDGE('',*,*,#3051,.F.);
#3053=CARTESIAN_POINT('',(13.579834725,-11.944524318,3.946162513));
#3054=VERTEX_POINT('',#3053);
#3055=CARTESIAN_POINT('',(13.58018339,-15.392792154,3.946162513));
#3056=DIRECTION('',(-0.000101113,0.999999995,0.));
#3057=VECTOR('',#3056,3.448267854);
#3058=LINE('',#3055,#3057);
#3059=EDGE_CURVE('',#3046,#3054,#3058,.T.);
#3060=ORIENTED_EDGE('',*,*,#3059,.T.);
#3061=CARTESIAN_POINT('',(13.579834726,-11.944524318,3.946162513));
#3062=DIRECTION('',(-0.,-0.,-1.));
#3063=VECTOR('',#3062,4.21431368);
#3064=LINE('',#3061,#3063);
#3065=EDGE_CURVE('',#3054,#2105,#3064,.T.);
#3066=ORIENTED_EDGE('',*,*,#3065,.T.);
#3067=ORIENTED_EDGE('',*,*,#2190,.F.);
#3068=EDGE_LOOP('',(#3039,#3044,#3052,#3060,#3066,#3067));
#3069=FACE_BOUND('',#3068,.T.);
#3070=ADVANCED_FACE('',(#3069),#3032,.F.);
#3071=CARTESIAN_POINT('',(15.849931609,-16.459376365,-0.252616245));
#3072=DIRECTION('',(-0.000201585,0.99999998,0.));
#3073=DIRECTION('',(-0.99999998,-0.000201585,0.));
#3074=AXIS2_PLACEMENT_3D('',#3071,#3072,#3073);
#3075=PLANE('',#3074);
#3076=CARTESIAN_POINT('',(15.661409884,-16.459414368,1.571324419));
#3077=CARTESIAN_POINT('',(13.580291282,-16.45983389,1.571743943));
#3078=B_SPLINE_CURVE_WITH_KNOTS('',1,(#3076,#3077),.UNSPECIFIED.,.F.,.F.,(2,2),(0.,2.081118687),.UNSPECIFIED.);
#3079=EDGE_CURVE('',#2951,#3034,#3078,.T.);
#3080=ORIENTED_EDGE('',*,*,#3079,.F.);
#3081=ORIENTED_EDGE('',*,*,#2956,.T.);
#3082=ORIENTED_EDGE('',*,*,#2015,.T.);
#3083=ORIENTED_EDGE('',*,*,#3043,.F.);
#3084=EDGE_LOOP('',(#3080,#3081,#3082,#3083));
#3085=FACE_BOUND('',#3084,.T.);
#3086=ADVANCED_FACE('',(#3085),#3075,.F.);
#3087=CARTESIAN_POINT('',(16.523488374,-31.713089958,0.088538906));
#3088=DIRECTION('',(0.,0.,1.));
#3089=DIRECTION('',(1.,0.,-0.));
#3090=AXIS2_PLACEMENT_3D('',#3087,#3088,#3089);
#3091=CYLINDRICAL_SURFACE('',#3090,2.912323952);
#3092=CARTESIAN_POINT('',(13.75867678,-30.797968299,-0.278628945));
#3093=VERTEX_POINT('',#3092);
#3094=CARTESIAN_POINT('',(13.757377383,-30.801903487,-0.282564132));
#3095=VERTEX_POINT('',#3094);
#3096=CARTESIAN_POINT('',(13.758676756,-30.797968371,-0.278629017));
#3097=CARTESIAN_POINT('',(13.757377384,-30.801903487,-0.282564132));
#3098=B_SPLINE_CURVE_WITH_KNOTS('',1,(#3096,#3097),.UNSPECIFIED.,.F.,.F.,(2,2),(0.000060714,1.),.UNSPECIFIED.);
#3099=EDGE_CURVE('',#3093,#3095,#3098,.T.);
#3100=ORIENTED_EDGE('',*,*,#3099,.T.);
#3101=CARTESIAN_POINT('',(17.277351527,-34.52615255,-0.282563893));
#3102=VERTEX_POINT('',#3101);
#3103=CARTESIAN_POINT('',(13.757377462,-30.801903248,-0.282563893));
#3104=CARTESIAN_POINT('',(13.214015564,-32.451399732,-0.282563893));
#3105=CARTESIAN_POINT('',(14.406936112,-33.713549236,-0.282563893));
#3106=CARTESIAN_POINT('',(15.599856661,-34.97569874,-0.282563893));
#3107=CARTESIAN_POINT('',(17.277351527,-34.52615255,-0.282563893));
#3108=(BOUNDED_CURVE()
B_SPLINE_CURVE(2,(#3103,#3104,#3105,#3106,#3107),.UNSPECIFIED.,.F.,.F.)
B_SPLINE_CURVE_WITH_KNOTS((3,2,3),(341.767560621,403.38478086,465.002001098),.UNSPECIFIED.)
CURVE()
GEOMETRIC_REPRESENTATION_ITEM()
RATIONAL_B_SPLINE_CURVE((1.,0.85888294,1.,0.85888294,1.))
REPRESENTATION_ITEM(''));
#3109=EDGE_CURVE('',#3095,#3102,#3108,.T.);
#3110=ORIENTED_EDGE('',*,*,#3109,.T.);
#3111=CARTESIAN_POINT('',(17.277351527,-34.52615255,-0.282563893));
#3112=DIRECTION('',(-0.,-0.,1.));
#3113=VECTOR('',#3112,0.003361999);
#3114=LINE('',#3111,#3113);
#3115=EDGE_CURVE('',#3102,#1238,#3114,.T.);
#3116=ORIENTED_EDGE('',*,*,#3115,.T.);
#3117=CARTESIAN_POINT('',(17.277351527,-34.52615255,-0.278628873));
#3118=VERTEX_POINT('',#3117);
#3119=CARTESIAN_POINT('',(17.277351527,-34.52615255,-0.279201894));
#3120=DIRECTION('',(-0.,-0.,1.));
#3121=VECTOR('',#3120,0.000573021);
#3122=LINE('',#3119,#3121);
#3123=EDGE_CURVE('',#1238,#3118,#3122,.T.);
#3124=ORIENTED_EDGE('',*,*,#3123,.T.);
#3125=CARTESIAN_POINT('',(17.277351527,-34.52615255,-0.278628873));
#3126=CARTESIAN_POINT('',(15.598499838,-34.97606235,-0.278628873));
#3127=CARTESIAN_POINT('',(14.405513405,-33.712042891,-0.278628873));
#3128=CARTESIAN_POINT('',(13.212526971,-32.448023433,-0.278628873));
#3129=CARTESIAN_POINT('',(13.758676804,-30.797968227,-0.278628873));
#3130=(BOUNDED_CURVE()
B_SPLINE_CURVE(2,(#3125,#3126,#3127,#3128,#3129),.UNSPECIFIED.,.F.,.F.)
B_SPLINE_CURVE_WITH_KNOTS((3,2,3),(74.997998902,136.655982693,198.313966485),.UNSPECIFIED.)
CURVE()
GEOMETRIC_REPRESENTATION_ITEM()
RATIONAL_B_SPLINE_CURVE((1.,0.858700691,1.,0.858700691,1.))
REPRESENTATION_ITEM(''));
#3131=EDGE_CURVE('',#3118,#3093,#3130,.T.);
#3132=ORIENTED_EDGE('',*,*,#3131,.T.);
#3133=EDGE_LOOP('',(#3100,#3110,#3116,#3124,#3132));
#3134=FACE_BOUND('',#3133,.T.);
#3135=ADVANCED_FACE('',(#3134),#3091,.T.);
#3136=CARTESIAN_POINT('',(17.797351527,-22.689018119,-0.282563893));
#3137=DIRECTION('',(0.,0.,-1.));
#3138=DIRECTION('',(-1.,0.,0.));
#3139=AXIS2_PLACEMENT_3D('',#3136,#3137,#3138);
#3140=PLANE('',#3139);
#3141=ORIENTED_EDGE('',*,*,#3109,.F.);
#3142=CARTESIAN_POINT('',(15.168861489,-30.801903248,-0.282563893));
#3143=VERTEX_POINT('',#3142);
#3144=CARTESIAN_POINT('',(13.757377462,-30.801903248,-0.282563893));
#3145=CARTESIAN_POINT('',(15.168861489,-30.801903248,-0.282563893));
#3146=B_SPLINE_CURVE_WITH_KNOTS('',1,(#3144,#3145),.UNSPECIFIED.,.F.,.F.,(2,2),(0.,1.411484027),.UNSPECIFIED.);
#3147=EDGE_CURVE('',#3095,#3143,#3146,.T.);
#3148=ORIENTED_EDGE('',*,*,#3147,.T.);
#3149=CARTESIAN_POINT('',(14.89092131,-31.713089958,-0.282563893));
#3150=VERTEX_POINT('',#3149);
#3151=CARTESIAN_POINT('',(16.523488374,-31.713089958,-0.282563893));
#3152=DIRECTION('',(0.,0.,-1.));
#3153=DIRECTION('',(-1.,0.,0.));
#3154=AXIS2_PLACEMENT_3D('',#3151,#3152,#3153);
#3155=CIRCLE('',#3154,1.632567064);
#3156=EDGE_CURVE('',#3150,#3143,#3155,.T.);
#3157=ORIENTED_EDGE('',*,*,#3156,.F.);
#3158=CARTESIAN_POINT('',(17.277351527,-33.161180274,-0.282563893));
#3159=VERTEX_POINT('',#3158);
#3160=CARTESIAN_POINT('',(16.523488374,-31.713089958,-0.282563893));
#3161=DIRECTION('',(0.,0.,-1.));
#3162=DIRECTION('',(-1.,0.,0.));
#3163=AXIS2_PLACEMENT_3D('',#3160,#3161,#3162);
#3164=CIRCLE('',#3163,1.632567064);
#3165=EDGE_CURVE('',#3159,#3150,#3164,.T.);
#3166=ORIENTED_EDGE('',*,*,#3165,.F.);
#3167=CARTESIAN_POINT('',(17.277351527,-33.161180274,-0.282563893));
#3168=DIRECTION('',(0.,-1.,-0.));
#3169=VECTOR('',#3168,1.364972276);
#3170=LINE('',#3167,#3169);
#3171=EDGE_CURVE('',#3159,#3102,#3170,.T.);
#3172=ORIENTED_EDGE('',*,*,#3171,.T.);
#3173=EDGE_LOOP('',(#3141,#3148,#3157,#3166,#3172));
#3174=FACE_BOUND('',#3173,.T.);
#3175=ADVANCED_FACE('',(#3174),#3140,.T.);
#3176=CARTESIAN_POINT('',(17.277351527,-28.959453543,1.601462672));
#3177=DIRECTION('',(0.,1.,0.));
#3178=DIRECTION('',(0.,0.,1.));
#3179=AXIS2_PLACEMENT_3D('',#3176,#3177,#3178);
#3180=PLANE('',#3179);
#3181=CARTESIAN_POINT('',(17.471706331,-28.959453543,1.564118757));
#3182=DIRECTION('',(1.,0.,0.));
#3183=VECTOR('',#3182,0.906141516);
#3184=LINE('',#3181,#3183);
#3185=EDGE_CURVE('',#2556,#1927,#3184,.T.);
#3186=ORIENTED_EDGE('',*,*,#3185,.F.);
#3187=ORIENTED_EDGE('',*,*,#2561,.F.);
#3188=ORIENTED_EDGE('',*,*,#1974,.T.);
#3189=ORIENTED_EDGE('',*,*,#1938,.T.);
#3190=EDGE_LOOP('',(#3186,#3187,#3188,#3189));
#3191=FACE_BOUND('',#3190,.T.);
#3192=ADVANCED_FACE('',(#3191),#3180,.T.);
#3193=CARTESIAN_POINT('',(17.277351527,-33.770669714,19.377581173));
#3194=DIRECTION('',(1.,0.,0.));
#3195=DIRECTION('',(0.,0.,-1.));
#3196=AXIS2_PLACEMENT_3D('',#3193,#3194,#3195);
#3197=PLANE('',#3196);
#3198=ORIENTED_EDGE('',*,*,#1243,.F.);
#3199=CARTESIAN_POINT('',(17.277351527,-35.052560515,-0.278628873));
#3200=VERTEX_POINT('',#3199);
#3201=CARTESIAN_POINT('',(17.277351527,-35.052560515,-0.279201894));
#3202=DIRECTION('',(0.,0.,1.));
#3203=VECTOR('',#3202,0.000573021);
#3204=LINE('',#3201,#3203);
#3205=EDGE_CURVE('',#1230,#3200,#3204,.T.);
#3206=ORIENTED_EDGE('',*,*,#3205,.T.);
#3207=CARTESIAN_POINT('',(17.277351527,-35.052560515,-0.278628873));
#3208=DIRECTION('',(-0.,1.,0.));
#3209=VECTOR('',#3208,0.526407965);
#3210=LINE('',#3207,#3209);
#3211=EDGE_CURVE('',#3200,#3118,#3210,.T.);
#3212=ORIENTED_EDGE('',*,*,#3211,.T.);
#3213=ORIENTED_EDGE('',*,*,#3123,.F.);
#3214=EDGE_LOOP('',(#3198,#3206,#3212,#3213));
#3215=FACE_BOUND('',#3214,.T.);
#3216=ADVANCED_FACE('',(#3215),#3197,.F.);
#3217=CARTESIAN_POINT('',(-10.938345899,-22.688410735,2.071382214));
#3218=DIRECTION('',(0.,0.,1.));
#3219=DIRECTION('',(1.,0.,0.));
#3220=AXIS2_PLACEMENT_3D('',#3217,#3218,#3219);
#3221=PLANE('',#3220);
#3222=ORIENTED_EDGE('',*,*,#2327,.T.);
#3223=CARTESIAN_POINT('',(-40.717106899,-17.075652683,2.071382214));
#3224=VERTEX_POINT('',#3223);
#3225=CARTESIAN_POINT('',(-40.717106899,-28.182649481,2.071382214));
#3226=DIRECTION('',(0.,1.,0.));
#3227=VECTOR('',#3226,11.106996799);
#3228=LINE('',#3225,#3227);
#3229=EDGE_CURVE('',#2312,#3224,#3228,.T.);
#3230=ORIENTED_EDGE('',*,*,#3229,.T.);
#3231=CARTESIAN_POINT('',(-36.296512324,-17.075652683,2.071382214));
#3232=VERTEX_POINT('',#3231);
#3233=CARTESIAN_POINT('',(-36.296512324,-17.075652683,2.071382214));
#3234=DIRECTION('',(-1.,-0.,0.));
#3235=VECTOR('',#3234,4.420594576);
#3236=LINE('',#3233,#3235);
#3237=EDGE_CURVE('',#3232,#3224,#3236,.T.);
#3238=ORIENTED_EDGE('',*,*,#3237,.F.);
#3239=CARTESIAN_POINT('',(-36.296512324,-17.075652683,2.071382214));
#3240=DIRECTION('',(-0.,-1.,-0.));
#3241=VECTOR('',#3240,11.106996781);
#3242=LINE('',#3239,#3241);
#3243=EDGE_CURVE('',#3232,#2322,#3242,.T.);
#3244=ORIENTED_EDGE('',*,*,#3243,.T.);
#3245=EDGE_LOOP('',(#3222,#3230,#3238,#3244));
#3246=FACE_BOUND('',#3245,.T.);
#3247=ADVANCED_FACE('',(#3246),#3221,.F.);
#3248=CARTESIAN_POINT('',(33.336473494,-35.047411349,7.597381249));
#3249=DIRECTION('',(0.,-1.,0.));
#3250=DIRECTION('',(0.,0.,-1.));
#3251=AXIS2_PLACEMENT_3D('',#3248,#3249,#3250);
#3252=PLANE('',#3251);
#3253=CARTESIAN_POINT('',(12.723222064,-35.047411349,6.077389024));
#3254=VERTEX_POINT('',#3253);
#3255=CARTESIAN_POINT('',(10.302181406,-35.047411349,6.077389024));
#3256=VERTEX_POINT('',#3255);
#3257=CARTESIAN_POINT('',(12.723222064,-35.047411349,6.077389024));
#3258=DIRECTION('',(-1.,0.,0.));
#3259=VECTOR('',#3258,2.421040658);
#3260=LINE('',#3257,#3259);
#3261=EDGE_CURVE('',#3254,#3256,#3260,.T.);
#3262=ORIENTED_EDGE('',*,*,#3261,.F.);
#3263=CARTESIAN_POINT('',(13.525576803,-35.047411349,6.077389024));
#3264=VERTEX_POINT('',#3263);
#3265=CARTESIAN_POINT('',(12.723222064,-35.047411349,6.077389024));
#3266=DIRECTION('',(1.,0.,-0.));
#3267=VECTOR('',#3266,0.802354739);
#3268=LINE('',#3265,#3267);
#3269=EDGE_CURVE('',#3254,#3264,#3268,.T.);
#3270=ORIENTED_EDGE('',*,*,#3269,.T.);
#3271=CARTESIAN_POINT('',(13.525576803,-35.047411349,15.180472398));
#3272=VERTEX_POINT('',#3271);
#3273=CARTESIAN_POINT('',(13.525576803,-35.047411349,15.180472398));
#3274=DIRECTION('',(0.,0.,-1.));
#3275=VECTOR('',#3274,9.103083374);
#3276=LINE('',#3273,#3275);
#3277=EDGE_CURVE('',#3272,#3264,#3276,.T.);
#3278=ORIENTED_EDGE('',*,*,#3277,.F.);
#3279=CARTESIAN_POINT('',(9.424933462,-35.047411349,9.805173681));
#3280=VERTEX_POINT('',#3279);
#3281=CARTESIAN_POINT('',(13.525576803,-35.047411349,15.180472398));
#3282=DIRECTION('',(-0.606527651,0.,-0.795062393));
#3283=VECTOR('',#3282,6.760851434);
#3284=LINE('',#3281,#3283);
#3285=EDGE_CURVE('',#3272,#3280,#3284,.T.);
#3286=ORIENTED_EDGE('',*,*,#3285,.T.);
#3287=CARTESIAN_POINT('',(7.828210337,-35.047411349,9.805173681));
#3288=VERTEX_POINT('',#3287);
#3289=CARTESIAN_POINT('',(9.424933462,-35.047411349,9.805173681));
#3290=DIRECTION('',(-1.,0.,0.));
#3291=VECTOR('',#3290,1.596723125);
#3292=LINE('',#3289,#3291);
#3293=EDGE_CURVE('',#3280,#3288,#3292,.T.);
#3294=ORIENTED_EDGE('',*,*,#3293,.T.);
#3295=CARTESIAN_POINT('',(-26.276174226,-35.047411349,9.805173681));
#3296=VERTEX_POINT('',#3295);
#3297=CARTESIAN_POINT('',(-26.276174226,-35.047411349,9.805173681));
#3298=DIRECTION('',(1.,0.,-0.));
#3299=VECTOR('',#3298,34.104384563);
#3300=LINE('',#3297,#3299);
#3301=EDGE_CURVE('',#3296,#3288,#3300,.T.);
#3302=ORIENTED_EDGE('',*,*,#3301,.F.);
#3303=CARTESIAN_POINT('',(-26.276174226,-35.042501115,6.077389024));
#3304=VERTEX_POINT('',#3303);
#3305=CARTESIAN_POINT('',(-26.276174226,-35.047411349,6.077389024));
#3306=DIRECTION('',(0.,0.,1.));
#3307=VECTOR('',#3306,3.727784657);
#3308=LINE('',#3305,#3307);
#3309=EDGE_CURVE('',#3304,#3296,#3308,.T.);
#3310=ORIENTED_EDGE('',*,*,#3309,.F.);
#3311=CARTESIAN_POINT('',(7.625065183,-35.047411349,6.077389024));
#3312=VERTEX_POINT('',#3311);
#3313=CARTESIAN_POINT('',(7.625065183,-35.047411349,6.077389024));
#3314=DIRECTION('',(-1.,0.,0.));
#3315=VECTOR('',#3314,33.901239409);
#3316=LINE('',#3313,#3315);
#3317=EDGE_CURVE('',#3312,#3304,#3316,.T.);
#3318=ORIENTED_EDGE('',*,*,#3317,.F.);
#3319=CARTESIAN_POINT('',(7.625065183,-35.047411349,6.077389024));
#3320=DIRECTION('',(1.,0.,-0.));
#3321=VECTOR('',#3320,2.677116223);
#3322=LINE('',#3319,#3321);
#3323=EDGE_CURVE('',#3312,#3256,#3322,.T.);
#3324=ORIENTED_EDGE('',*,*,#3323,.T.);
#3325=EDGE_LOOP('',(#3262,#3270,#3278,#3286,#3294,#3302,#3310,#3318,#3324));
#3326=FACE_BOUND('',#3325,.T.);
#3327=ADVANCED_FACE('',(#3326),#3252,.T.);
#3328=CARTESIAN_POINT('',(-49.086677835,-35.157369933,9.804836515));
#3329=DIRECTION('',(0.,0.003066284,-0.999995299));
#3330=DIRECTION('',(0.,0.999995299,0.003066284));
#3331=AXIS2_PLACEMENT_3D('',#3328,#3329,#3330);
#3332=PLANE('',#3331);
#3333=ORIENTED_EDGE('',*,*,#3293,.F.);
#3334=CARTESIAN_POINT('',(9.424933462,-35.047411349,9.805173681));
#3335=DIRECTION('',(-0.000840103,0.999994946,0.003066283));
#3336=VECTOR('',#3335,24.663024608);
#3337=LINE('',#3334,#3336);
#3338=EDGE_CURVE('',#3280,#1056,#3337,.T.);
#3339=ORIENTED_EDGE('',*,*,#3338,.T.);
#3340=ORIENTED_EDGE('',*,*,#1149,.F.);
#3341=CARTESIAN_POINT('',(-35.86632372,-35.038193506,9.805201946));
#3342=VERTEX_POINT('',#3341);
#3343=CARTESIAN_POINT('',(-35.86632372,-10.384511387,9.880797492));
#3344=DIRECTION('',(0.,-0.999995299,-0.003066284));
#3345=VECTOR('',#3344,24.653798018);
#3346=LINE('',#3343,#3345);
#3347=EDGE_CURVE('',#1138,#3342,#3346,.T.);
#3348=ORIENTED_EDGE('',*,*,#3347,.T.);
#3349=CARTESIAN_POINT('',(-26.276174226,-35.038193506,9.805201946));
#3350=VERTEX_POINT('',#3349);
#3351=CARTESIAN_POINT('',(-35.86632372,-35.038193506,9.805201946));
#3352=DIRECTION('',(1.,0.,-0.));
#3353=VECTOR('',#3352,9.590149494);
#3354=LINE('',#3351,#3353);
#3355=EDGE_CURVE('',#3342,#3350,#3354,.T.);
#3356=ORIENTED_EDGE('',*,*,#3355,.T.);
#3357=CARTESIAN_POINT('',(-26.276174226,-35.038193506,9.805201946));
#3358=DIRECTION('',(0.,-0.999995299,-0.003066284));
#3359=VECTOR('',#3358,0.009217887);
#3360=LINE('',#3357,#3359);
#3361=EDGE_CURVE('',#3350,#3296,#3360,.T.);
#3362=ORIENTED_EDGE('',*,*,#3361,.T.);
#3363=ORIENTED_EDGE('',*,*,#3301,.T.);
#3364=EDGE_LOOP('',(#3333,#3339,#3340,#3348,#3356,#3362,#3363));
#3365=FACE_BOUND('',#3364,.T.);
#3366=ADVANCED_FACE('',(#3365),#3332,.F.);
#3367=CARTESIAN_POINT('',(-49.086677835,-35.038193506,6.077389024));
#3368=DIRECTION('',(0.,1.,0.));
#3369=DIRECTION('',(-1.,0.,0.));
#3370=AXIS2_PLACEMENT_3D('',#3367,#3368,#3369);
#3371=PLANE('',#3370);
#3372=ORIENTED_EDGE('',*,*,#3355,.F.);
#3373=CARTESIAN_POINT('',(-40.717106899,-35.038193506,4.954395962));
#3374=VERTEX_POINT('',#3373);
#3375=CARTESIAN_POINT('',(-35.86632372,-35.038193506,9.805201946));
#3376=DIRECTION('',(-0.707105119,-0.,-0.707108443));
#3377=VECTOR('',#3376,6.860059486);
#3378=LINE('',#3375,#3377);
#3379=EDGE_CURVE('',#3342,#3374,#3378,.T.);
#3380=ORIENTED_EDGE('',*,*,#3379,.T.);
#3381=CARTESIAN_POINT('',(-40.717106899,-35.038193506,-0.297477209));
#3382=VERTEX_POINT('',#3381);
#3383=CARTESIAN_POINT('',(-40.717106899,-35.038193506,4.954395962));
#3384=DIRECTION('',(0.,0.,-1.));
#3385=VECTOR('',#3384,5.251873171);
#3386=LINE('',#3383,#3385);
#3387=EDGE_CURVE('',#3374,#3382,#3386,.T.);
#3388=ORIENTED_EDGE('',*,*,#3387,.T.);
#3389=CARTESIAN_POINT('',(-40.717106899,-35.038193506,-0.297477209));
#3390=DIRECTION('',(1.,0.,-0.));
#3391=VECTOR('',#3390,4.247258551);
#3392=LINE('',#3389,#3391);
#3393=EDGE_CURVE('',#3382,#2376,#3392,.T.);
#3394=ORIENTED_EDGE('',*,*,#3393,.T.);
#3395=ORIENTED_EDGE('',*,*,#2381,.T.);
#3396=CARTESIAN_POINT('',(-34.334156693,-35.038193506,6.077389024));
#3397=VERTEX_POINT('',#3396);
#3398=CARTESIAN_POINT('',(-34.334156693,-35.038193506,1.838214448));
#3399=DIRECTION('',(0.,0.,1.));
#3400=VECTOR('',#3399,4.239174576);
#3401=LINE('',#3398,#3400);
#3402=EDGE_CURVE('',#2368,#3397,#3401,.T.);
#3403=ORIENTED_EDGE('',*,*,#3402,.T.);
#3404=CARTESIAN_POINT('',(-26.276174226,-35.038193506,6.077389024));
#3405=DIRECTION('',(-1.,0.,0.));
#3406=VECTOR('',#3405,8.057982467);
#3407=LINE('',#3404,#3406);
#3408=EDGE_CURVE('',#3304,#3397,#3407,.T.);
#3409=ORIENTED_EDGE('',*,*,#3408,.F.);
#3410=CARTESIAN_POINT('',(-26.276174226,-35.038193506,9.805201946));
#3411=DIRECTION('',(0.,0.,-1.));
#3412=VECTOR('',#3411,3.727812922);
#3413=LINE('',#3410,#3412);
#3414=EDGE_CURVE('',#3350,#3304,#3413,.T.);
#3415=ORIENTED_EDGE('',*,*,#3414,.F.);
#3416=EDGE_LOOP('',(#3372,#3380,#3388,#3394,#3395,#3403,#3409,#3415));
#3417=FACE_BOUND('',#3416,.T.);
#3418=ADVANCED_FACE('',(#3417),#3371,.F.);
#3419=CARTESIAN_POINT('',(-49.086677835,-35.182007686,6.077389024));
#3420=DIRECTION('',(0.,0.,-1.));
#3421=DIRECTION('',(-1.,0.,0.));
#3422=AXIS2_PLACEMENT_3D('',#3419,#3420,#3421);
#3423=PLANE('',#3422);
#3424=CARTESIAN_POINT('',(13.579834727,-35.052560515,6.077389024));
#3425=VERTEX_POINT('',#3424);
#3426=CARTESIAN_POINT('',(13.583473423,-35.052560515,6.077389024));
#3427=VERTEX_POINT('',#3426);
#3428=CARTESIAN_POINT('',(13.579834727,-35.052560515,6.077389024));
#3429=DIRECTION('',(1.,-0.,0.));
#3430=VECTOR('',#3429,0.003638696);
#3431=LINE('',#3428,#3430);
#3432=EDGE_CURVE('',#3425,#3427,#3431,.T.);
#3433=ORIENTED_EDGE('',*,*,#3432,.F.);
#3434=CARTESIAN_POINT('',(13.579834727,-35.052560515,6.077389024));
#3435=DIRECTION('',(0.,-1.,0.));
#3436=VECTOR('',#3435,0.003260761);
#3437=LINE('',#3434,#3436);
#3438=EDGE_CURVE('',#3425,#1359,#3437,.T.);
#3439=ORIENTED_EDGE('',*,*,#3438,.T.);
#3440=ORIENTED_EDGE('',*,*,#1364,.T.);
#3441=CARTESIAN_POINT('',(13.525576803,-35.055821276,6.077389024));
#3442=DIRECTION('',(0.,1.,0.));
#3443=VECTOR('',#3442,0.008409927);
#3444=LINE('',#3441,#3443);
#3445=EDGE_CURVE('',#1351,#3264,#3444,.T.);
#3446=ORIENTED_EDGE('',*,*,#3445,.T.);
#3447=ORIENTED_EDGE('',*,*,#3269,.F.);
#3448=ORIENTED_EDGE('',*,*,#3261,.T.);
#3449=ORIENTED_EDGE('',*,*,#3323,.F.);
#3450=ORIENTED_EDGE('',*,*,#3317,.T.);
#3451=ORIENTED_EDGE('',*,*,#3408,.T.);
#3452=CARTESIAN_POINT('',(-34.334156693,-28.182649455,6.077389024));
#3453=VERTEX_POINT('',#3452);
#3454=CARTESIAN_POINT('',(-34.334156693,-28.182649455,6.077389024));
#3455=DIRECTION('',(-0.,-1.,-0.));
#3456=VECTOR('',#3455,6.855544051);
#3457=LINE('',#3454,#3456);
#3458=EDGE_CURVE('',#3453,#3397,#3457,.T.);
#3459=ORIENTED_EDGE('',*,*,#3458,.F.);
#3460=CARTESIAN_POINT('',(-34.381088363,-28.182649455,6.077389024));
#3461=DIRECTION('',(1.,0.000000004,-0.));
#3462=VECTOR('',#3461,0.04693167);
#3463=LINE('',#3460,#3462);
#3464=EDGE_CURVE('',#2501,#3453,#3463,.T.);
#3465=ORIENTED_EDGE('',*,*,#3464,.F.);
#3466=ORIENTED_EDGE('',*,*,#2506,.T.);
#3467=CARTESIAN_POINT('',(13.582061812,-24.711022807,6.077389024));
#3468=VERTEX_POINT('',#3467);
#3469=CARTESIAN_POINT('',(13.58206181,-24.71102289,6.077389024));
#3470=DIRECTION('',(-1.,-0.,-0.));
#3471=VECTOR('',#3470,47.963850005);
#3472=LINE('',#3469,#3471);
#3473=EDGE_CURVE('',#3468,#2493,#3472,.T.);
#3474=ORIENTED_EDGE('',*,*,#3473,.F.);
#3475=CARTESIAN_POINT('',(13.583473423,-31.713577795,6.077389024));
#3476=VERTEX_POINT('',#3475);
#3477=CARTESIAN_POINT('',(13.583473423,-31.713577795,6.077389024));
#3478=DIRECTION('',(-0.000201585,0.99999998,0.));
#3479=VECTOR('',#3478,7.002555212);
#3480=LINE('',#3477,#3479);
#3481=EDGE_CURVE('',#3476,#3468,#3480,.T.);
#3482=ORIENTED_EDGE('',*,*,#3481,.F.);
#3483=CARTESIAN_POINT('',(13.583473423,-31.713577795,6.077389024));
#3484=DIRECTION('',(-0.,-1.,-0.));
#3485=VECTOR('',#3484,3.33898272);
#3486=LINE('',#3483,#3485);
#3487=EDGE_CURVE('',#3476,#3427,#3486,.T.);
#3488=ORIENTED_EDGE('',*,*,#3487,.T.);
#3489=EDGE_LOOP('',(#3433,#3439,#3440,#3446,#3447,#3448,#3449,#3450,#3451,#3459,#3465,#3466,#3474,#3482,#3488));
#3490=FACE_BOUND('',#3489,.T.);
#3491=ADVANCED_FACE('',(#3490),#3423,.T.);
#3492=CARTESIAN_POINT('',(17.277351527,-11.607366524,18.001533192));
#3493=DIRECTION('',(-1.,0.,0.));
#3494=DIRECTION('',(0.,0.,1.));
#3495=AXIS2_PLACEMENT_3D('',#3492,#3493,#3494);
#3496=PLANE('',#3495);
#3497=ORIENTED_EDGE('',*,*,#1514,.F.);
#3498=CARTESIAN_POINT('',(17.277351527,-12.194080175,-0.279201894));
#3499=DIRECTION('',(-0.,-0.,-1.));
#3500=VECTOR('',#3499,0.003361999);
#3501=LINE('',#3498,#3500);
#3502=EDGE_CURVE('',#1500,#2995,#3501,.T.);
#3503=ORIENTED_EDGE('',*,*,#3502,.T.);
#3504=ORIENTED_EDGE('',*,*,#3000,.F.);
#3505=ORIENTED_EDGE('',*,*,#2279,.F.);
#3506=EDGE_LOOP('',(#3497,#3503,#3504,#3505));
#3507=FACE_BOUND('',#3506,.T.);
#3508=ADVANCED_FACE('',(#3507),#3496,.F.);
#3509=CARTESIAN_POINT('',(17.277351527,-22.689018119,3.946162513));
#3510=DIRECTION('',(0.,0.,-1.));
#3511=DIRECTION('',(-1.,0.,0.));
#3512=AXIS2_PLACEMENT_3D('',#3509,#3510,#3511);
#3513=PLANE('',#3512);
#3514=ORIENTED_EDGE('',*,*,#3059,.F.);
#3515=CARTESIAN_POINT('',(13.579834729,-13.663176893,3.946162513));
#3516=VERTEX_POINT('',#3515);
#3517=CARTESIAN_POINT('',(13.580183398,-15.392792154,3.946162513));
#3518=DIRECTION('',(-0.000201585,0.99999998,0.));
#3519=VECTOR('',#3518,1.7296153);
#3520=LINE('',#3517,#3519);
#3521=EDGE_CURVE('',#3046,#3516,#3520,.T.);
#3522=ORIENTED_EDGE('',*,*,#3521,.T.);
#3523=CARTESIAN_POINT('',(13.5798347,-13.662689052,3.946162513));
#3524=VERTEX_POINT('',#3523);
#3525=CARTESIAN_POINT('',(15.999834675,-13.662689052,3.946162513));
#3526=DIRECTION('',(0.,0.,1.));
#3527=DIRECTION('',(1.,0.,-0.));
#3528=AXIS2_PLACEMENT_3D('',#3525,#3526,#3527);
#3529=CIRCLE('',#3528,2.42);
#3530=EDGE_CURVE('',#3524,#3516,#3529,.T.);
#3531=ORIENTED_EDGE('',*,*,#3530,.F.);
#3532=CARTESIAN_POINT('',(13.579834724,-13.662689052,3.946162513));
#3533=DIRECTION('',(-0.,1.,-0.));
#3534=VECTOR('',#3533,1.718164734);
#3535=LINE('',#3532,#3534);
#3536=EDGE_CURVE('',#3524,#3054,#3535,.T.);
#3537=ORIENTED_EDGE('',*,*,#3536,.T.);
#3538=EDGE_LOOP('',(#3514,#3522,#3531,#3537));
#3539=FACE_BOUND('',#3538,.T.);
#3540=ADVANCED_FACE('',(#3539),#3513,.T.);
#3541=CARTESIAN_POINT('',(-35.457938147,-24.71102289,21.144784198));
#3542=DIRECTION('',(0.,1.,0.));
#3543=DIRECTION('',(0.,0.,1.));
#3544=AXIS2_PLACEMENT_3D('',#3541,#3542,#3543);
#3545=PLANE('',#3544);
#3546=CARTESIAN_POINT('',(13.582061812,-24.711022807,4.785975287));
#3547=VERTEX_POINT('',#3546);
#3548=CARTESIAN_POINT('',(13.58206181,-24.71102289,6.077389024));
#3549=DIRECTION('',(-0.,0.,-1.));
#3550=VECTOR('',#3549,1.291413737);
#3551=LINE('',#3548,#3550);
#3552=EDGE_CURVE('',#3468,#3547,#3551,.T.);
#3553=ORIENTED_EDGE('',*,*,#3552,.F.);
#3554=ORIENTED_EDGE('',*,*,#3473,.T.);
#3555=ORIENTED_EDGE('',*,*,#2498,.T.);
#3556=CARTESIAN_POINT('',(-34.381788195,-24.71102289,4.785975287));
#3557=DIRECTION('',(1.,0.,0.));
#3558=VECTOR('',#3557,47.963850005);
#3559=LINE('',#3556,#3558);
#3560=EDGE_CURVE('',#2485,#3547,#3559,.T.);
#3561=ORIENTED_EDGE('',*,*,#3560,.T.);
#3562=EDGE_LOOP('',(#3553,#3554,#3555,#3561));
#3563=FACE_BOUND('',#3562,.T.);
#3564=ADVANCED_FACE('',(#3563),#3545,.F.);
#3565=CARTESIAN_POINT('',(13.58124635,-20.665798581,21.144784198));
#3566=DIRECTION('',(0.,-1.,0.));
#3567=DIRECTION('',(0.,0.,-1.));
#3568=AXIS2_PLACEMENT_3D('',#3565,#3566,#3567);
#3569=PLANE('',#3568);
#3570=ORIENTED_EDGE('',*,*,#2482,.F.);
#3571=ORIENTED_EDGE('',*,*,#2450,.T.);
#3572=CARTESIAN_POINT('',(13.581246353,-20.665798581,4.785975287));
#3573=VERTEX_POINT('',#3572);
#3574=CARTESIAN_POINT('',(13.58124635,-20.665798581,6.077389024));
#3575=DIRECTION('',(0.,0.,-1.));
#3576=VECTOR('',#3575,1.291413737);
#3577=LINE('',#3574,#3576);
#3578=EDGE_CURVE('',#2439,#3573,#3577,.T.);
#3579=ORIENTED_EDGE('',*,*,#3578,.T.);
#3580=CARTESIAN_POINT('',(13.58124635,-20.665798581,4.785975287));
#3581=DIRECTION('',(-1.,-0.,-0.));
#3582=VECTOR('',#3581,47.963850007);
#3583=LINE('',#3580,#3582);
#3584=EDGE_CURVE('',#3573,#2477,#3583,.T.);
#3585=ORIENTED_EDGE('',*,*,#3584,.T.);
#3586=EDGE_LOOP('',(#3570,#3571,#3579,#3585));
#3587=FACE_BOUND('',#3586,.T.);
#3588=ADVANCED_FACE('',(#3587),#3569,.F.);
#3589=CARTESIAN_POINT('',(13.583473423,-31.713577795,2.071382214));
#3590=DIRECTION('',(0.99999998,0.000201585,0.));
#3591=DIRECTION('',(-0.000201585,0.99999998,0.));
#3592=AXIS2_PLACEMENT_3D('',#3589,#3590,#3591);
#3593=PLANE('',#3592);
#3594=ORIENTED_EDGE('',*,*,#3051,.T.);
#3595=ORIENTED_EDGE('',*,*,#2007,.F.);
#3596=ORIENTED_EDGE('',*,*,#1412,.F.);
#3597=CARTESIAN_POINT('',(13.583473423,-31.713577794,3.946162513));
#3598=CARTESIAN_POINT('',(13.583473423,-31.713577795,6.077389024));
#3599=B_SPLINE_CURVE_WITH_KNOTS('',1,(#3597,#3598),.UNSPECIFIED.,.F.,.F.,(2,2),(0.,2.131226513),.UNSPECIFIED.);
#3600=EDGE_CURVE('',#1399,#3476,#3599,.T.);
#3601=ORIENTED_EDGE('',*,*,#3600,.T.);
#3602=ORIENTED_EDGE('',*,*,#3481,.T.);
#3603=ORIENTED_EDGE('',*,*,#3552,.T.);
#3604=CARTESIAN_POINT('',(13.581246357,-20.665798581,4.785975287));
#3605=DIRECTION('',(0.000201585,-0.99999998,-0.));
#3606=VECTOR('',#3605,4.045224226);
#3607=LINE('',#3604,#3606);
#3608=EDGE_CURVE('',#3573,#3547,#3607,.T.);
#3609=ORIENTED_EDGE('',*,*,#3608,.F.);
#3610=ORIENTED_EDGE('',*,*,#3578,.F.);
#3611=ORIENTED_EDGE('',*,*,#2444,.T.);
#3612=CARTESIAN_POINT('',(13.579834733,-13.663176889,3.946162513));
#3613=DIRECTION('',(0.,0.,1.));
#3614=VECTOR('',#3613,2.131226511);
#3615=LINE('',#3612,#3614);
#3616=EDGE_CURVE('',#3516,#2430,#3615,.T.);
#3617=ORIENTED_EDGE('',*,*,#3616,.F.);
#3618=ORIENTED_EDGE('',*,*,#3521,.F.);
#3619=EDGE_LOOP('',(#3594,#3595,#3596,#3601,#3602,#3603,#3609,#3610,#3611,#3617,#3618));
#3620=FACE_BOUND('',#3619,.T.);
#3621=ADVANCED_FACE('',(#3620),#3593,.F.);
#3622=CARTESIAN_POINT('',(-10.938345899,-22.688410735,4.785975287));
#3623=DIRECTION('',(0.,0.,1.));
#3624=DIRECTION('',(1.,0.,0.));
#3625=AXIS2_PLACEMENT_3D('',#3622,#3623,#3624);
#3626=PLANE('',#3625);
#3627=ORIENTED_EDGE('',*,*,#3584,.F.);
#3628=ORIENTED_EDGE('',*,*,#3608,.T.);
#3629=ORIENTED_EDGE('',*,*,#3560,.F.);
#3630=ORIENTED_EDGE('',*,*,#2490,.F.);
#3631=EDGE_LOOP('',(#3627,#3628,#3629,#3630));
#3632=FACE_BOUND('',#3631,.T.);
#3633=ADVANCED_FACE('',(#3632),#3626,.F.);
#3634=CARTESIAN_POINT('',(15.999834675,-13.662689052,2.071382214));
#3635=DIRECTION('',(0.,0.,1.));
#3636=DIRECTION('',(1.,0.,-0.));
#3637=AXIS2_PLACEMENT_3D('',#3634,#3635,#3636);
#3638=CYLINDRICAL_SURFACE('',#3637,2.42);
#3639=ORIENTED_EDGE('',*,*,#2436,.F.);
#3640=CARTESIAN_POINT('',(13.579834724,-13.662689052,6.077389024));
#3641=DIRECTION('',(-0.,-0.,-1.));
#3642=VECTOR('',#3641,2.131226511);
#3643=LINE('',#3640,#3642);
#3644=EDGE_CURVE('',#2422,#3524,#3643,.T.);
#3645=ORIENTED_EDGE('',*,*,#3644,.T.);
#3646=ORIENTED_EDGE('',*,*,#3530,.T.);
#3647=ORIENTED_EDGE('',*,*,#3616,.T.);
#3648=EDGE_LOOP('',(#3639,#3645,#3646,#3647));
#3649=FACE_BOUND('',#3648,.T.);
#3650=ADVANCED_FACE('',(#3649),#3638,.T.);
#3651=CARTESIAN_POINT('',(13.579834724,-13.663176889,18.001533192));
#3652=DIRECTION('',(-1.,0.,0.));
#3653=DIRECTION('',(0.,-1.,0.));
#3654=AXIS2_PLACEMENT_3D('',#3651,#3652,#3653);
#3655=PLANE('',#3654);
#3656=CARTESIAN_POINT('',(13.579834724,-10.255876454,8.67421817));
#3657=VERTEX_POINT('',#3656);
#3658=CARTESIAN_POINT('',(13.579834724,-10.255876454,8.67421817));
#3659=DIRECTION('',(0.,-1.,0.));
#3660=VECTOR('',#3659,0.128634933);
#3661=LINE('',#3658,#3660);
#3662=EDGE_CURVE('',#3657,#1082,#3661,.T.);
#3663=ORIENTED_EDGE('',*,*,#3662,.F.);
#3664=CARTESIAN_POINT('',(13.579834728,-8.88682456,7.305166223));
#3665=VERTEX_POINT('',#3664);
#3666=CARTESIAN_POINT('',(13.579834724,-10.255876454,8.67421817));
#3667=DIRECTION('',(0.,0.707106767,-0.707106795));
#3668=VECTOR('',#3667,1.936131793);
#3669=LINE('',#3666,#3668);
#3670=EDGE_CURVE('',#3657,#3665,#3669,.T.);
#3671=ORIENTED_EDGE('',*,*,#3670,.T.);
#3672=CARTESIAN_POINT('',(13.579834722,-8.88682456,-4.793593391));
#3673=VERTEX_POINT('',#3672);
#3674=CARTESIAN_POINT('',(13.579834722,-8.88682456,-4.793593391));
#3675=DIRECTION('',(0.000000001,0.,1.));
#3676=VECTOR('',#3675,12.098759614);
#3677=LINE('',#3674,#3676);
#3678=EDGE_CURVE('',#3673,#3665,#3677,.T.);
#3679=ORIENTED_EDGE('',*,*,#3678,.F.);
#3680=CARTESIAN_POINT('',(13.579834724,-9.871145416,-5.777914247));
#3681=VERTEX_POINT('',#3680);
#3682=CARTESIAN_POINT('',(13.579834724,-8.88682456,-4.793593391));
#3683=DIRECTION('',(0.,-0.707106781,-0.707106781));
#3684=VECTOR('',#3683,1.392039904);
#3685=LINE('',#3682,#3684);
#3686=EDGE_CURVE('',#3673,#3681,#3685,.T.);
#3687=ORIENTED_EDGE('',*,*,#3686,.T.);
#3688=CARTESIAN_POINT('',(13.579834724,-10.384511387,-5.777914247));
#3689=VERTEX_POINT('',#3688);
#3690=CARTESIAN_POINT('',(13.579834724,-9.871145416,-5.777914247));
#3691=DIRECTION('',(0.,-1.,0.));
#3692=VECTOR('',#3691,0.513365971);
#3693=LINE('',#3690,#3692);
#3694=EDGE_CURVE('',#3681,#3689,#3693,.T.);
#3695=ORIENTED_EDGE('',*,*,#3694,.T.);
#3696=CARTESIAN_POINT('',(13.579834724,-10.384511387,-5.777914247));
#3697=DIRECTION('',(0.,0.,1.));
#3698=VECTOR('',#3697,5.50976308);
#3699=LINE('',#3696,#3698);
#3700=EDGE_CURVE('',#3689,#2103,#3699,.T.);
#3701=ORIENTED_EDGE('',*,*,#3700,.T.);
#3702=ORIENTED_EDGE('',*,*,#2110,.T.);
#3703=ORIENTED_EDGE('',*,*,#3065,.F.);
#3704=ORIENTED_EDGE('',*,*,#3536,.F.);
#3705=ORIENTED_EDGE('',*,*,#3644,.F.);
#3706=ORIENTED_EDGE('',*,*,#2427,.F.);
#3707=ORIENTED_EDGE('',*,*,#1095,.T.);
#3708=EDGE_LOOP('',(#3663,#3671,#3679,#3687,#3695,#3701,#3702,#3703,#3704,#3705,#3706,#3707));
#3709=FACE_BOUND('',#3708,.T.);
#3710=ADVANCED_FACE('',(#3709),#3655,.T.);
#3711=CARTESIAN_POINT('',(17.277351527,-33.770669714,19.377581173));
#3712=DIRECTION('',(1.,0.,0.));
#3713=DIRECTION('',(0.,0.,-1.));
#3714=AXIS2_PLACEMENT_3D('',#3711,#3712,#3713);
#3715=PLANE('',#3714);
#3716=CARTESIAN_POINT('',(17.277351527,-33.161180274,-0.279201894));
#3717=DIRECTION('',(0.,0.,-1.));
#3718=VECTOR('',#3717,0.003361999);
#3719=LINE('',#3716,#3718);
#3720=EDGE_CURVE('',#1246,#3159,#3719,.T.);
#3721=ORIENTED_EDGE('',*,*,#3720,.F.);
#3722=ORIENTED_EDGE('',*,*,#1251,.F.);
#3723=ORIENTED_EDGE('',*,*,#3115,.F.);
#3724=ORIENTED_EDGE('',*,*,#3171,.F.);
#3725=EDGE_LOOP('',(#3721,#3722,#3723,#3724));
#3726=FACE_BOUND('',#3725,.T.);
#3727=ADVANCED_FACE('',(#3726),#3715,.T.);
#3728=CARTESIAN_POINT('',(13.583473423,-31.713577795,19.377581173));
#3729=DIRECTION('',(-1.,0.,0.));
#3730=DIRECTION('',(0.,0.,1.));
#3731=AXIS2_PLACEMENT_3D('',#3728,#3729,#3730);
#3732=PLANE('',#3731);
#3733=CARTESIAN_POINT('',(13.583473423,-35.052560515,6.07738801));
#3734=DIRECTION('',(0.,-0.,-1.));
#3735=VECTOR('',#3734,2.131225497);
#3736=LINE('',#3733,#3735);
#3737=EDGE_CURVE('',#3427,#1391,#3736,.T.);
#3738=ORIENTED_EDGE('',*,*,#3737,.F.);
#3739=ORIENTED_EDGE('',*,*,#3487,.F.);
#3740=ORIENTED_EDGE('',*,*,#3600,.F.);
#3741=ORIENTED_EDGE('',*,*,#1404,.F.);
#3742=EDGE_LOOP('',(#3738,#3739,#3740,#3741));
#3743=FACE_BOUND('',#3742,.T.);
#3744=ADVANCED_FACE('',(#3743),#3732,.T.);
#3745=CARTESIAN_POINT('',(-40.717106899,-22.727689958,11.996808571));
#3746=DIRECTION('',(1.,0.,0.));
#3747=DIRECTION('',(0.,0.,-1.));
#3748=AXIS2_PLACEMENT_3D('',#3745,#3746,#3747);
#3749=PLANE('',#3748);
#3750=ORIENTED_EDGE('',*,*,#3387,.F.);
#3751=CARTESIAN_POINT('',(-40.717106899,-35.038193506,4.954395962));
#3752=DIRECTION('',(-0.,0.999995299,0.003066284));
#3753=VECTOR('',#3752,24.653798018);
#3754=LINE('',#3751,#3753);
#3755=EDGE_CURVE('',#3374,#1130,#3754,.T.);
#3756=ORIENTED_EDGE('',*,*,#3755,.T.);
#3757=ORIENTED_EDGE('',*,*,#1135,.F.);
#3758=CARTESIAN_POINT('',(-40.717106899,-17.075652683,-0.290233247));
#3759=VERTEX_POINT('',#3758);
#3760=CARTESIAN_POINT('',(-40.717106899,-17.075652683,-0.290233247));
#3761=DIRECTION('',(0.,1.,0.));
#3762=VECTOR('',#3761,6.691141296);
#3763=LINE('',#3760,#3762);
#3764=EDGE_CURVE('',#3759,#1122,#3763,.T.);
#3765=ORIENTED_EDGE('',*,*,#3764,.F.);
#3766=CARTESIAN_POINT('',(-40.717106899,-17.075652683,2.071382214));
#3767=DIRECTION('',(0.,0.,-1.));
#3768=VECTOR('',#3767,2.361615461);
#3769=LINE('',#3766,#3768);
#3770=EDGE_CURVE('',#3224,#3759,#3769,.T.);
#3771=ORIENTED_EDGE('',*,*,#3770,.F.);
#3772=ORIENTED_EDGE('',*,*,#3229,.F.);
#3773=ORIENTED_EDGE('',*,*,#2319,.T.);
#3774=CARTESIAN_POINT('',(-40.717106899,-35.038193506,-0.297477209));
#3775=DIRECTION('',(0.,1.,0.));
#3776=VECTOR('',#3775,6.855544024);
#3777=LINE('',#3774,#3776);
#3778=EDGE_CURVE('',#3382,#2314,#3777,.T.);
#3779=ORIENTED_EDGE('',*,*,#3778,.F.);
#3780=EDGE_LOOP('',(#3750,#3756,#3757,#3765,#3771,#3772,#3773,#3779));
#3781=FACE_BOUND('',#3780,.T.);
#3782=ADVANCED_FACE('',(#3781),#3749,.F.);
#3783=CARTESIAN_POINT('',(15.847518659,-28.927135052,-0.263611446));
#3784=DIRECTION('',(-0.000201594,0.99999998,0.));
#3785=DIRECTION('',(-0.99999998,-0.000201594,0.));
#3786=AXIS2_PLACEMENT_3D('',#3783,#3784,#3785);
#3787=PLANE('',#3786);
#3788=ORIENTED_EDGE('',*,*,#2542,.F.);
#3789=CARTESIAN_POINT('',(15.674795217,-28.927169872,1.596764383));
#3790=CARTESIAN_POINT('',(13.583015802,-28.927591562,1.596337964));
#3791=B_SPLINE_CURVE_WITH_KNOTS('',1,(#3789,#3790),.UNSPECIFIED.,.F.,.F.,(2,2),(0.,2.091779501),.UNSPECIFIED.);
#3792=EDGE_CURVE('',#2531,#1423,#3791,.T.);
#3793=ORIENTED_EDGE('',*,*,#3792,.T.);
#3794=ORIENTED_EDGE('',*,*,#1428,.T.);
#3795=ORIENTED_EDGE('',*,*,#1998,.F.);
#3796=EDGE_LOOP('',(#3788,#3793,#3794,#3795));
#3797=FACE_BOUND('',#3796,.T.);
#3798=ADVANCED_FACE('',(#3797),#3787,.T.);
#3799=CARTESIAN_POINT('',(14.715425356,-31.695838047,-0.278628873));
#3800=DIRECTION('',(0.,0.,1.));
#3801=DIRECTION('',(1.,0.,0.));
#3802=AXIS2_PLACEMENT_3D('',#3799,#3800,#3801);
#3803=PLANE('',#3802);
#3804=ORIENTED_EDGE('',*,*,#3211,.F.);
#3805=CARTESIAN_POINT('',(13.5862937,-35.052560515,-0.278628873));
#3806=VERTEX_POINT('',#3805);
#3807=CARTESIAN_POINT('',(17.277351527,-35.052560515,-0.278628873));
#3808=DIRECTION('',(-1.,0.,0.));
#3809=VECTOR('',#3808,3.691057827);
#3810=LINE('',#3807,#3809);
#3811=EDGE_CURVE('',#3200,#3806,#3810,.T.);
#3812=ORIENTED_EDGE('',*,*,#3811,.T.);
#3813=CARTESIAN_POINT('',(13.5862937,-35.055821276,-0.278628873));
#3814=DIRECTION('',(0.,1.,0.));
#3815=VECTOR('',#3814,0.003260761);
#3816=LINE('',#3813,#3815);
#3817=EDGE_CURVE('',#1311,#3806,#3816,.T.);
#3818=ORIENTED_EDGE('',*,*,#3817,.F.);
#3819=ORIENTED_EDGE('',*,*,#1316,.F.);
#3820=ORIENTED_EDGE('',*,*,#1448,.F.);
#3821=CARTESIAN_POINT('',(13.727715123,-30.797947256,-0.278623346));
#3822=VERTEX_POINT('',#3821);
#3823=CARTESIAN_POINT('',(13.583206235,-30.797968227,-0.278628873));
#3824=CARTESIAN_POINT('',(13.727713802,-30.797939095,-0.278628873));
#3825=B_SPLINE_CURVE_WITH_KNOTS('',1,(#3823,#3824),.UNSPECIFIED.,.F.,.F.,(2,2),(0.,0.14450757),.UNSPECIFIED.);
#3826=EDGE_CURVE('',#1438,#3822,#3825,.T.);
#3827=ORIENTED_EDGE('',*,*,#3826,.T.);
#3828=CARTESIAN_POINT('',(13.758676804,-30.797968227,-0.278628873));
#3829=CARTESIAN_POINT('',(13.727713802,-30.797939095,-0.278628873));
#3830=B_SPLINE_CURVE_WITH_KNOTS('',1,(#3828,#3829),.UNSPECIFIED.,.F.,.F.,(2,2),(0.,0.030963016),.UNSPECIFIED.);
#3831=EDGE_CURVE('',#3093,#3822,#3830,.T.);
#3832=ORIENTED_EDGE('',*,*,#3831,.F.);
#3833=ORIENTED_EDGE('',*,*,#3131,.F.);
#3834=EDGE_LOOP('',(#3804,#3812,#3818,#3819,#3820,#3827,#3832,#3833));
#3835=FACE_BOUND('',#3834,.T.);
#3836=ADVANCED_FACE('',(#3835),#3803,.F.);
#3837=CARTESIAN_POINT('',(17.277351527,-33.422217111,-0.279201894));
#3838=DIRECTION('',(1.,0.,0.));
#3839=DIRECTION('',(0.,0.,-1.));
#3840=AXIS2_PLACEMENT_3D('',#3837,#3838,#3839);
#3841=PLANE('',#3840);
#3842=ORIENTED_EDGE('',*,*,#2035,.T.);
#3843=ORIENTED_EDGE('',*,*,#2981,.F.);
#3844=CARTESIAN_POINT('',(17.277351527,-16.48702111,1.599774998));
#3845=VERTEX_POINT('',#3844);
#3846=CARTESIAN_POINT('',(17.277351527,-16.487489908,1.59939996));
#3847=DIRECTION('',(-0.,-0.707106781,0.707106781));
#3848=VECTOR('',#3847,0.038522706);
#3849=LINE('',#3846,#3848);
#3850=EDGE_CURVE('',#3845,#2959,#3849,.T.);
#3851=ORIENTED_EDGE('',*,*,#3850,.F.);
#3852=CARTESIAN_POINT('',(17.277351527,-16.486552312,3.946162513));
#3853=DIRECTION('',(0.,0.,-1.));
#3854=VECTOR('',#3853,2.346387515);
#3855=LINE('',#3852,#3854);
#3856=EDGE_CURVE('',#2030,#3845,#3855,.T.);
#3857=ORIENTED_EDGE('',*,*,#3856,.F.);
#3858=EDGE_LOOP('',(#3842,#3843,#3851,#3857));
#3859=FACE_BOUND('',#3858,.T.);
#3860=ADVANCED_FACE('',(#3859),#3841,.T.);
#3861=CARTESIAN_POINT('',(18.178964468,-16.486552312,1.601462672));
#3862=DIRECTION('',(0.,-1.,0.));
#3863=DIRECTION('',(0.,0.,-1.));
#3864=AXIS2_PLACEMENT_3D('',#3861,#3862,#3863);
#3865=PLANE('',#3864);
#3866=ORIENTED_EDGE('',*,*,#2041,.T.);
#3867=ORIENTED_EDGE('',*,*,#3856,.T.);
#3868=CARTESIAN_POINT('',(17.277352102,-16.486552312,1.600150036));
#3869=CARTESIAN_POINT('',(18.377847847,-16.486552312,1.598462363));
#3870=B_SPLINE_CURVE_WITH_KNOTS('',1,(#3868,#3869),.UNSPECIFIED.,.F.,.F.,(2,2),(0.000000575,1.10049763),.UNSPECIFIED.);
#3871=EDGE_CURVE('',#3845,#1786,#3870,.T.);
#3872=ORIENTED_EDGE('',*,*,#3871,.T.);
#3873=ORIENTED_EDGE('',*,*,#1791,.F.);
#3874=EDGE_LOOP('',(#3866,#3867,#3872,#3873));
#3875=FACE_BOUND('',#3874,.T.);
#3876=ADVANCED_FACE('',(#3875),#3865,.T.);
#3877=CARTESIAN_POINT('',(13.525576803,-29.163891079,12.844551679));
#3878=DIRECTION('',(-1.,0.,0.));
#3879=DIRECTION('',(0.,0.,1.));
#3880=AXIS2_PLACEMENT_3D('',#3877,#3878,#3879);
#3881=PLANE('',#3880);
#3882=ORIENTED_EDGE('',*,*,#1356,.F.);
#3883=CARTESIAN_POINT('',(13.525576803,-35.055821276,15.18043735));
#3884=DIRECTION('',(0.,0.999991316,0.00416751));
#3885=VECTOR('',#3884,0.00841);
#3886=LINE('',#3883,#3885);
#3887=EDGE_CURVE('',#1343,#3272,#3886,.T.);
#3888=ORIENTED_EDGE('',*,*,#3887,.T.);
#3889=ORIENTED_EDGE('',*,*,#3277,.T.);
#3890=ORIENTED_EDGE('',*,*,#3445,.F.);
#3891=EDGE_LOOP('',(#3882,#3888,#3889,#3890));
#3892=FACE_BOUND('',#3891,.T.);
#3893=ADVANCED_FACE('',(#3892),#3881,.T.);
#3894=CARTESIAN_POINT('',(-26.276174226,-29.095017027,12.844551679));
#3895=DIRECTION('',(-1.,0.,0.));
#3896=DIRECTION('',(0.,0.,1.));
#3897=AXIS2_PLACEMENT_3D('',#3894,#3895,#3896);
#3898=PLANE('',#3897);
#3899=ORIENTED_EDGE('',*,*,#3414,.T.);
#3900=ORIENTED_EDGE('',*,*,#3309,.T.);
#3901=ORIENTED_EDGE('',*,*,#3361,.F.);
#3902=EDGE_LOOP('',(#3899,#3900,#3901));
#3903=FACE_BOUND('',#3902,.T.);
#3904=ADVANCED_FACE('',(#3903),#3898,.T.);
#3905=CARTESIAN_POINT('',(-35.487338468,-28.18264946,-0.1461031));
#3906=DIRECTION('',(-0.000000004,1.,0.));
#3907=DIRECTION('',(-1.,-0.000000004,0.));
#3908=AXIS2_PLACEMENT_3D('',#3905,#3906,#3907);
#3909=PLANE('',#3908);
#3910=CARTESIAN_POINT('',(-34.334156693,-28.182649455,2.15530144));
#3911=VERTEX_POINT('',#3910);
#3912=CARTESIAN_POINT('',(-34.381088363,-28.182649455,2.15490674));
#3913=CARTESIAN_POINT('',(-34.334156693,-28.182649455,2.15530144));
#3914=B_SPLINE_CURVE_WITH_KNOTS('',1,(#3912,#3913),.UNSPECIFIED.,.F.,.F.,(2,2),(0.,0.04693333),.UNSPECIFIED.);
#3915=EDGE_CURVE('',#2463,#3911,#3914,.T.);
#3916=ORIENTED_EDGE('',*,*,#3915,.F.);
#3917=ORIENTED_EDGE('',*,*,#2512,.T.);
#3918=ORIENTED_EDGE('',*,*,#3464,.T.);
#3919=CARTESIAN_POINT('',(-34.334156693,-28.182649455,2.15530144));
#3920=DIRECTION('',(0.,0.,1.));
#3921=VECTOR('',#3920,3.922087584);
#3922=LINE('',#3919,#3921);
#3923=EDGE_CURVE('',#3911,#3453,#3922,.T.);
#3924=ORIENTED_EDGE('',*,*,#3923,.F.);
#3925=EDGE_LOOP('',(#3916,#3917,#3918,#3924));
#3926=FACE_BOUND('',#3925,.T.);
#3927=ADVANCED_FACE('',(#3926),#3909,.T.);
#3928=CARTESIAN_POINT('',(-34.334156693,-33.422217111,-0.1461031));
#3929=DIRECTION('',(1.,0.,0.));
#3930=DIRECTION('',(0.,0.,-1.));
#3931=AXIS2_PLACEMENT_3D('',#3928,#3929,#3930);
#3932=PLANE('',#3931);
#3933=CARTESIAN_POINT('',(-34.334156693,-30.903455892,2.15530144));
#3934=VERTEX_POINT('',#3933);
#3935=CARTESIAN_POINT('',(-34.334156693,-30.903455892,2.15530144));
#3936=DIRECTION('',(0.,0.,-1.));
#3937=VECTOR('',#3936,0.317086992);
#3938=LINE('',#3935,#3937);
#3939=EDGE_CURVE('',#3934,#2361,#3938,.T.);
#3940=ORIENTED_EDGE('',*,*,#3939,.F.);
#3941=CARTESIAN_POINT('',(-34.334156693,-30.903455892,2.15530144));
#3942=DIRECTION('',(-0.,1.,0.));
#3943=VECTOR('',#3942,2.720806437);
#3944=LINE('',#3941,#3943);
#3945=EDGE_CURVE('',#3934,#3911,#3944,.T.);
#3946=ORIENTED_EDGE('',*,*,#3945,.T.);
#3947=ORIENTED_EDGE('',*,*,#3923,.T.);
#3948=ORIENTED_EDGE('',*,*,#3458,.T.);
#3949=ORIENTED_EDGE('',*,*,#3402,.F.);
#3950=ORIENTED_EDGE('',*,*,#2373,.T.);
#3951=EDGE_LOOP('',(#3940,#3946,#3947,#3948,#3949,#3950));
#3952=FACE_BOUND('',#3951,.T.);
#3953=ADVANCED_FACE('',(#3952),#3932,.T.);
#3954=CARTESIAN_POINT('',(-37.89193252,-31.324223393,-0.297477209));
#3955=DIRECTION('',(0.,0.,1.));
#3956=DIRECTION('',(1.,0.,0.));
#3957=AXIS2_PLACEMENT_3D('',#3954,#3955,#3956);
#3958=PLANE('',#3957);
#3959=ORIENTED_EDGE('',*,*,#3393,.F.);
#3960=ORIENTED_EDGE('',*,*,#3778,.T.);
#3961=ORIENTED_EDGE('',*,*,#2340,.F.);
#3962=ORIENTED_EDGE('',*,*,#2223,.T.);
#3963=CARTESIAN_POINT('',(-39.015341678,-31.713089958,-0.297477209));
#3964=VERTEX_POINT('',#3963);
#3965=CARTESIAN_POINT('',(-37.3531048,-31.713089958,-0.297477209));
#3966=DIRECTION('',(0.,0.,-1.));
#3967=DIRECTION('',(-1.,0.,0.));
#3968=AXIS2_PLACEMENT_3D('',#3965,#3966,#3967);
#3969=CIRCLE('',#3968,1.662236878);
#3970=EDGE_CURVE('',#3964,#2211,#3969,.T.);
#3971=ORIENTED_EDGE('',*,*,#3970,.F.);
#3972=CARTESIAN_POINT('',(-37.3531048,-31.713089958,-0.297477209));
#3973=DIRECTION('',(0.,0.,-1.));
#3974=DIRECTION('',(-1.,0.,0.));
#3975=AXIS2_PLACEMENT_3D('',#3972,#3973,#3974);
#3976=CIRCLE('',#3975,1.662236878);
#3977=EDGE_CURVE('',#2353,#3964,#3976,.T.);
#3978=ORIENTED_EDGE('',*,*,#3977,.F.);
#3979=ORIENTED_EDGE('',*,*,#2386,.T.);
#3980=EDGE_LOOP('',(#3959,#3960,#3961,#3962,#3971,#3978,#3979));
#3981=FACE_BOUND('',#3980,.T.);
#3982=ADVANCED_FACE('',(#3981),#3958,.F.);
#3983=CARTESIAN_POINT('',(-37.89193252,-31.324223393,-0.290233247));
#3984=DIRECTION('',(0.,0.,1.));
#3985=DIRECTION('',(1.,0.,0.));
#3986=AXIS2_PLACEMENT_3D('',#3983,#3984,#3985);
#3987=PLANE('',#3986);
#3988=CARTESIAN_POINT('',(-36.509662904,-17.075652683,-0.290233247));
#3989=VERTEX_POINT('',#3988);
#3990=CARTESIAN_POINT('',(-36.509662904,-17.075652683,-0.290233247));
#3991=DIRECTION('',(-1.,-0.,0.));
#3992=VECTOR('',#3991,4.207443996);
#3993=LINE('',#3990,#3992);
#3994=EDGE_CURVE('',#3989,#3759,#3993,.T.);
#3995=ORIENTED_EDGE('',*,*,#3994,.T.);
#3996=ORIENTED_EDGE('',*,*,#3764,.T.);
#3997=ORIENTED_EDGE('',*,*,#1127,.T.);
#3998=CARTESIAN_POINT('',(-36.508780053,-12.247576916,-0.28639857));
#3999=VERTEX_POINT('',#3998);
#4000=CARTESIAN_POINT('',(-36.509661716,-10.384511387,-0.290233247));
#4001=CARTESIAN_POINT('',(-36.5096676,-12.247331231,-0.290233247));
#4002=B_SPLINE_CURVE_WITH_KNOTS('',1,(#4000,#4001),.UNSPECIFIED.,.F.,.F.,(2,2),(-0.376090411,1.486728001),.UNSPECIFIED.);
#4003=EDGE_CURVE('',#1114,#3999,#4002,.T.);
#4004=ORIENTED_EDGE('',*,*,#4003,.T.);
#4005=CARTESIAN_POINT('',(-38.974136423,-14.010399531,-0.28639857));
#4006=VERTEX_POINT('',#4005);
#4007=CARTESIAN_POINT('',(-36.5096676,-12.247331231,-0.290233247));
#4008=CARTESIAN_POINT('',(-36.635309491,-12.172688814,-0.290233247));
#4009=CARTESIAN_POINT('',(-36.767968376,-12.115553658,-0.290233247));
#4010=CARTESIAN_POINT('',(-36.907647874,-12.075931849,-0.290233247));
#4011=CARTESIAN_POINT('',(-36.942567748,-12.066026397,-0.290233247));
#4012=CARTESIAN_POINT('',(-36.97792641,-12.05721553,-0.290233247));
#4013=CARTESIAN_POINT('',(-37.013723861,-12.049499246,-0.290233247));
#4014=CARTESIAN_POINT('',(-37.031622587,-12.045641104,-0.290233247));
#4015=CARTESIAN_POINT('',(-37.049667832,-12.042044806,-0.290233247));
#4016=CARTESIAN_POINT('',(-37.06770875,-12.038757398,-0.290233247));
#4017=CARTESIAN_POINT('',(-37.085749668,-12.03546999,-0.290233247));
#4018=CARTESIAN_POINT('',(-37.103792449,-12.032491271,-0.290233247));
#4019=CARTESIAN_POINT('',(-37.121837092,-12.029821241,-0.290233247));
#4020=CARTESIAN_POINT('',(-37.194015666,-12.019141119,-0.290233247));
#4021=CARTESIAN_POINT('',(-37.266224041,-12.013400016,-0.290233247));
#4022=CARTESIAN_POINT('',(-37.338462218,-12.012597931,-0.290233247));
#4023=CARTESIAN_POINT('',(-37.410700394,-12.011795845,-0.290233247));
#4024=CARTESIAN_POINT('',(-37.482968372,-12.015932778,-0.290233247));
#4025=CARTESIAN_POINT('',(-37.555266152,-12.025008728,-0.290233247));
#4026=CARTESIAN_POINT('',(-37.591415041,-12.029546704,-0.290233247));
#4027=CARTESIAN_POINT('',(-37.627571381,-12.035319433,-0.290233247));
#4028=CARTESIAN_POINT('',(-37.663735172,-12.042326918,-0.290233247));
#4029=CARTESIAN_POINT('',(-37.672776119,-12.044078789,-0.290233247));
#4030=CARTESIAN_POINT('',(-37.681817533,-12.045907832,-0.290233247));
#4031=CARTESIAN_POINT('',(-37.690859412,-12.047814047,-0.290233247));
#4032=CARTESIAN_POINT('',(-37.69990129,-12.049720263,-0.290233247));
#4033=CARTESIAN_POINT('',(-37.708870025,-12.051687197,-0.290233247));
#4034=CARTESIAN_POINT('',(-37.717816598,-12.053722696,-0.290233247));
#4035=CARTESIAN_POINT('',(-37.735709745,-12.057793695,-0.290233247));
#4036=CARTESIAN_POINT('',(-37.753488969,-12.062137026,-0.290233247));
#4037=CARTESIAN_POINT('',(-37.77115427,-12.06675269,-0.290233247));
#4038=CARTESIAN_POINT('',(-37.912476681,-12.103677998,-0.290233247));
#4039=CARTESIAN_POINT('',(-38.046508034,-12.15803257,-0.290233247));
#4040=CARTESIAN_POINT('',(-38.173248328,-12.229816407,-0.290233247));
#4041=CARTESIAN_POINT('',(-38.204933402,-12.247762366,-0.290233247));
#4042=CARTESIAN_POINT('',(-38.236162785,-12.266797654,-0.290233247));
#4043=CARTESIAN_POINT('',(-38.266936476,-12.286922272,-0.290233247));
#4044=CARTESIAN_POINT('',(-38.274629899,-12.291953426,-0.290233247));
#4045=CARTESIAN_POINT('',(-38.282294841,-12.297052663,-0.290233247));
#4046=CARTESIAN_POINT('',(-38.289931302,-12.302219984,-0.290233247));
#4047=CARTESIAN_POINT('',(-38.293749533,-12.304803644,-0.290233247));
#4048=CARTESIAN_POINT('',(-38.297503991,-12.307366318,-0.290233247));
#4049=CARTESIAN_POINT('',(-38.301262963,-12.309954992,-0.290233247));
#4050=CARTESIAN_POINT('',(-38.305021936,-12.312543666,-0.290233247));
#4051=CARTESIAN_POINT('',(-38.308767562,-12.315146022,-0.290233247));
#4052=CARTESIAN_POINT('',(-38.312499842,-12.317762059,-0.290233247));
#4053=CARTESIAN_POINT('',(-38.327428961,-12.328226207,-0.290233247));
#4054=CARTESIAN_POINT('',(-38.342144539,-12.338909262,-0.290233247));
#4055=CARTESIAN_POINT('',(-38.356646575,-12.349811222,-0.290233247));
#4056=CARTESIAN_POINT('',(-38.414654722,-12.393419063,-0.290233247));
#4057=CARTESIAN_POINT('',(-38.469246209,-12.440529396,-0.290233247));
#4058=CARTESIAN_POINT('',(-38.520421037,-12.491142223,-0.290233247));
#4059=CARTESIAN_POINT('',(-38.571595864,-12.54175505,-0.290233247));
#4060=CARTESIAN_POINT('',(-38.619354033,-12.59587037,-0.290233247));
#4061=CARTESIAN_POINT('',(-38.663695542,-12.653488184,-0.290233247));
#4062=CARTESIAN_POINT('',(-38.685866297,-12.68229709,-0.290233247));
#4063=CARTESIAN_POINT('',(-38.707182887,-12.71198162,-0.290233247));
#4064=CARTESIAN_POINT('',(-38.727645312,-12.742541774,-0.290233247));
#4065=CARTESIAN_POINT('',(-38.732760918,-12.750181812,-0.290233247));
#4066=CARTESIAN_POINT('',(-38.737839191,-12.757901822,-0.290233247));
#4067=CARTESIAN_POINT('',(-38.742826556,-12.765617636,-0.290233247));
#4068=CARTESIAN_POINT('',(-38.747813922,-12.773333449,-0.290233247));
#4069=CARTESIAN_POINT('',(-38.752732679,-12.781077365,-0.290233247));
#4070=CARTESIAN_POINT('',(-38.757582827,-12.788849384,-0.290233247));
#4071=CARTESIAN_POINT('',(-38.767283125,-12.804393422,-0.290233247));
#4072=CARTESIAN_POINT('',(-38.776708988,-12.82004987,-0.290233247));
#4073=CARTESIAN_POINT('',(-38.785860418,-12.835818728,-0.290233247));
#4074=CARTESIAN_POINT('',(-38.859071858,-12.961969597,-0.290233247));
#4075=CARTESIAN_POINT('',(-38.914719545,-13.095314735,-0.290233247));
#4076=CARTESIAN_POINT('',(-38.95280348,-13.235854143,-0.290233247));
#4077=CARTESIAN_POINT('',(-38.962324464,-13.270988995,-0.290233247));
#4078=CARTESIAN_POINT('',(-38.970747713,-13.306573489,-0.290233247));
#4079=CARTESIAN_POINT('',(-38.978073227,-13.342607625,-0.290233247));
#4080=CARTESIAN_POINT('',(-38.981735985,-13.360624693,-0.290233247));
#4081=CARTESIAN_POINT('',(-38.985137148,-13.378816254,-0.290233247));
#4082=CARTESIAN_POINT('',(-38.988218438,-13.396972516,-0.290233247));
#4083=CARTESIAN_POINT('',(-38.991299729,-13.415128778,-0.290233247));
#4084=CARTESIAN_POINT('',(-38.994071331,-13.433280762,-0.290233247));
#4085=CARTESIAN_POINT('',(-38.996533245,-13.451428468,-0.290233247));
#4086=CARTESIAN_POINT('',(-39.006380901,-13.524019293,-0.290233247));
#4087=CARTESIAN_POINT('',(-39.011273545,-13.596541669,-0.290233247));
#4088=CARTESIAN_POINT('',(-39.011211178,-13.668995597,-0.290233247));
#4089=CARTESIAN_POINT('',(-39.01114881,-13.741449525,-0.290233247));
#4090=CARTESIAN_POINT('',(-39.006131431,-13.813835005,-0.290233247));
#4091=CARTESIAN_POINT('',(-38.996159041,-13.886152036,-0.290233247));
#4092=CARTESIAN_POINT('',(-38.991172845,-13.922310552,-0.290233247));
#4093=CARTESIAN_POINT('',(-38.984947897,-13.958451955,-0.290233247));
#4094=CARTESIAN_POINT('',(-38.977484196,-13.994576247,-0.290233247));
#4095=CARTESIAN_POINT('',(-38.976391933,-13.999862795,-0.290233247));
#4096=CARTESIAN_POINT('',(-38.975276301,-14.00513715,-0.290233247));
#4097=CARTESIAN_POINT('',(-38.974137344,-14.010399731,-0.290233247));
#4098=B_SPLINE_CURVE_WITH_KNOTS('',3,(#4007,#4008,#4009,#4010,#4011,#4012,#4013,#4014,#4015,#4016,#4017,#4018,#4019,#4020,#4021,#4022,#4023,#4024,#4025,#4026,#4027,#4028,#4029,#4030,#4031,#4032,
#4033,#4034,#4035,#4036,#4037,#4038,#4039,#4040,#4041,#4042,#4043,#4044,#4045,#4046,#4047,#4048,#4049,#4050,#4051,#4052,#4053,#4054,#4055,#4056,#4057,
#4058,#4059,#4060,#4061,#4062,#4063,#4064,#4065,#4066,#4067,#4068,#4069,#4070,#4071,#4072,#4073,#4074,#4075,#4076,#4077,#4078,#4079,#4080,#4081,#4082,
#4083,#4084,#4085,#4086,#4087,#4088,#4089,#4090,#4091,#4092,#4093,#4094,#4095,#4096,#4097),.UNSPECIFIED.,.F.,.F.,(4,3,3,3,3,3,3,3,3,3,3,3,3,3,3,3,3,3,3,3,3,3,3,3,3,3,
3,3,3,3,4),(0.631391462,0.673343135,0.683831053,0.689075012,0.694318971,0.715294807,0.736270643,0.746758561,0.749380541,0.75200252,0.757246479,0.799198152,0.80968607,0.812308049,0.813619039,0.814930029,0.820173988,0.841149824,0.86212566,0.872613578,0.875235558,0.877857538,0.883101497,0.925053169,0.935541087,0.940785046,
0.946029005,0.967004841,0.987980677,0.998468596,1.000003433),.UNSPECIFIED.);
#4099=EDGE_CURVE('',#3999,#4006,#4098,.T.);
#4100=ORIENTED_EDGE('',*,*,#4099,.T.);
#4101=CARTESIAN_POINT('',(-36.508159893,-15.086200584,-0.28639857));
#4102=VERTEX_POINT('',#4101);
#4103=CARTESIAN_POINT('',(-38.974137344,-14.010399731,-0.290233247));
#4104=CARTESIAN_POINT('',(-38.967493531,-14.041097663,-0.290233247));
#4105=CARTESIAN_POINT('',(-38.960056069,-14.071394978,-0.290233247));
#4106=CARTESIAN_POINT('',(-38.951833938,-14.101375158,-0.290233247));
#4107=CARTESIAN_POINT('',(-38.913307295,-14.241854021,-0.290233247));
#4108=CARTESIAN_POINT('',(-38.857417339,-14.375013931,-0.290233247));
#4109=CARTESIAN_POINT('',(-38.784164069,-14.500854889,-0.290233247));
#4110=CARTESIAN_POINT('',(-38.765850752,-14.532315128,-0.290233247));
#4111=CARTESIAN_POINT('',(-38.746452227,-14.563317933,-0.290233247));
#4112=CARTESIAN_POINT('',(-38.725968496,-14.593863303,-0.290233247));
#4113=CARTESIAN_POINT('',(-38.71572663,-14.609135988,-0.290233247));
#4114=CARTESIAN_POINT('',(-38.705320507,-14.624130138,-0.290233247));
#4115=CARTESIAN_POINT('',(-38.694686549,-14.638915881,-0.290233247));
#4116=CARTESIAN_POINT('',(-38.68405259,-14.653701624,-0.290233247));
#4117=CARTESIAN_POINT('',(-38.673200234,-14.668271827,-0.290233247));
#4118=CARTESIAN_POINT('',(-38.662129481,-14.682626491,-0.290233247));
#4119=CARTESIAN_POINT('',(-38.617846467,-14.740045143,-0.290233247));
#4120=CARTESIAN_POINT('',(-38.570069096,-14.794015157,-0.290233247));
#4121=CARTESIAN_POINT('',(-38.518797366,-14.844536531,-0.290233247));
#4122=CARTESIAN_POINT('',(-38.467525636,-14.895057905,-0.290233247));
#4123=CARTESIAN_POINT('',(-38.412759548,-14.94213064,-0.290233247));
#4124=CARTESIAN_POINT('',(-38.354499101,-14.985754736,-0.290233247));
#4125=CARTESIAN_POINT('',(-38.325368878,-15.007566784,-0.290233247));
#4126=CARTESIAN_POINT('',(-38.295365065,-15.028516673,-0.290233247));
#4127=CARTESIAN_POINT('',(-38.264487662,-15.048604401,-0.290233247));
#4128=CARTESIAN_POINT('',(-38.249048961,-15.058648265,-0.290233247));
#4129=CARTESIAN_POINT('',(-38.233530516,-15.068394152,-0.290233247));
#4130=CARTESIAN_POINT('',(-38.217893152,-15.077876074,-0.290233247));
#4131=CARTESIAN_POINT('',(-38.202255788,-15.087357997,-0.290233247));
#4132=CARTESIAN_POINT('',(-38.186507876,-15.096567855,-0.290233247));
#4133=CARTESIAN_POINT('',(-38.170649416,-15.105505649,-0.290233247));
#4134=CARTESIAN_POINT('',(-38.043781732,-15.177008003,-0.290233247));
#4135=CARTESIAN_POINT('',(-37.909838957,-15.23109826,-0.290233247));
#4136=CARTESIAN_POINT('',(-37.76882109,-15.267776419,-0.290233247));
#4137=CARTESIAN_POINT('',(-37.733566623,-15.276945959,-0.290233247));
#4138=CARTESIAN_POINT('',(-37.697869963,-15.285027242,-0.290233247));
#4139=CARTESIAN_POINT('',(-37.66173111,-15.29202027,-0.290233247));
#4140=CARTESIAN_POINT('',(-37.657213753,-15.292894399,-0.290233247));
#4141=CARTESIAN_POINT('',(-37.652741451,-15.29374124,-0.290233247));
#4142=CARTESIAN_POINT('',(-37.648255779,-15.294571194,-0.290233247));
#4143=CARTESIAN_POINT('',(-37.643770106,-15.295401147,-0.290233247));
#4144=CARTESIAN_POINT('',(-37.63928419,-15.296211934,-0.290233247));
#4145=CARTESIAN_POINT('',(-37.634798031,-15.297003553,-0.290233247));
#4146=CARTESIAN_POINT('',(-37.625825712,-15.298586792,-0.290233247));
#4147=CARTESIAN_POINT('',(-37.616852422,-15.300093362,-0.290233247));
#4148=CARTESIAN_POINT('',(-37.607878159,-15.301523262,-0.290233247));
#4149=CARTESIAN_POINT('',(-37.589929633,-15.304383063,-0.290233247));
#4150=CARTESIAN_POINT('',(-37.571977217,-15.306936187,-0.290233247));
#4151=CARTESIAN_POINT('',(-37.554020911,-15.309182635,-0.290233247));
#4152=CARTESIAN_POINT('',(-37.482195688,-15.318168427,-0.290233247));
#4153=CARTESIAN_POINT('',(-37.41030823,-15.322247394,-0.290233247));
#4154=CARTESIAN_POINT('',(-37.338358535,-15.321419537,-0.290233247));
#4155=CARTESIAN_POINT('',(-37.26640884,-15.320591681,-0.290233247));
#4156=CARTESIAN_POINT('',(-37.194396909,-15.314857,-0.290233247));
#4157=CARTESIAN_POINT('',(-37.122322742,-15.304215495,-0.290233247));
#4158=CARTESIAN_POINT('',(-37.104304201,-15.301555119,-0.290233247));
#4159=CARTESIAN_POINT('',(-37.086281769,-15.298588066,-0.290233247));
#4160=CARTESIAN_POINT('',(-37.068255448,-15.295314337,-0.290233247));
#4161=CARTESIAN_POINT('',(-37.059242287,-15.293677472,-0.290233247));
#4162=CARTESIAN_POINT('',(-37.050228154,-15.291963938,-0.290233247));
#4163=CARTESIAN_POINT('',(-37.041213049,-15.290173736,-0.290233247));
#4164=CARTESIAN_POINT('',(-37.032197943,-15.288383533,-0.290233247));
#4165=CARTESIAN_POINT('',(-37.023160824,-15.28651184,-0.290233247));
#4166=CARTESIAN_POINT('',(-37.014169693,-15.284574201,-0.290233247));
#4167=CARTESIAN_POINT('',(-36.978205171,-15.276823642,-0.290233247));
#4168=CARTESIAN_POINT('',(-36.942706564,-15.267990063,-0.290233247));
#4169=CARTESIAN_POINT('',(-36.907673871,-15.258073465,-0.290233247));
#4170=CARTESIAN_POINT('',(-36.767543101,-15.218407072,-0.290233247));
#4171=CARTESIAN_POINT('',(-36.634866968,-15.161412362,-0.290233247));
#4172=CARTESIAN_POINT('',(-36.50964983,-15.087081996,-0.290233247));
#4173=B_SPLINE_CURVE_WITH_KNOTS('',3,(#4103,#4104,#4105,#4106,#4107,#4108,#4109,#4110,#4111,#4112,#4113,#4114,#4115,#4116,#4117,#4118,#4119,#4120,#4121,#4122,#4123,#4124,#4125,#4126,#4127,#4128,
#4129,#4130,#4131,#4132,#4133,#4134,#4135,#4136,#4137,#4138,#4139,#4140,#4141,#4142,#4143,#4144,#4145,#4146,#4147,#4148,#4149,#4150,#4151,#4152,#4153,
#4154,#4155,#4156,#4157,#4158,#4159,#4160,#4161,#4162,#4163,#4164,#4165,#4166,#4167,#4168,#4169,#4170,#4171,#4172),.UNSPECIFIED.,.F.,.F.,(4,3,3,3,3,3,3,3,3,3,3,3,3,3,3,3,3,3,3,3,3,3,3,4),(1.000003433,1.008956514,1.050908186,1.061396104,1.066640063,1.071884022,1.092859858,1.113835694,1.124323613,1.129567572,1.134811531,1.176763203,1.187251121,1.188562111,1.189873101,1.19249508,1.197739039,1.218714875,1.239690712,1.244934671,1.24755665,1.25017863,1.260666548,1.30261822),.UNSPECIFIED.);
#4174=EDGE_CURVE('',#4006,#4102,#4173,.T.);
#4175=ORIENTED_EDGE('',*,*,#4174,.T.);
#4176=CARTESIAN_POINT('',(-36.50964983,-15.087081996,-0.290233247));
#4177=CARTESIAN_POINT('',(-36.509662904,-17.075652683,-0.290233247));
#4178=B_SPLINE_CURVE_WITH_KNOTS('',1,(#4176,#4177),.UNSPECIFIED.,.F.,.F.,(2,2),(0.,1.988581725),.UNSPECIFIED.);
#4179=EDGE_CURVE('',#4102,#3989,#4178,.T.);
#4180=ORIENTED_EDGE('',*,*,#4179,.T.);
#4181=EDGE_LOOP('',(#3995,#3996,#3997,#4004,#4100,#4175,#4180));
#4182=FACE_BOUND('',#4181,.T.);
#4183=ADVANCED_FACE('',(#4182),#3987,.F.);
#4184=CARTESIAN_POINT('',(-35.488098848,-17.075652683,0.191535157));
#4185=DIRECTION('',(0.,1.,0.));
#4186=DIRECTION('',(-1.,0.,0.));
#4187=AXIS2_PLACEMENT_3D('',#4184,#4185,#4186);
#4188=PLANE('',#4187);
#4189=ORIENTED_EDGE('',*,*,#3237,.T.);
#4190=ORIENTED_EDGE('',*,*,#3770,.T.);
#4191=ORIENTED_EDGE('',*,*,#3994,.F.);
#4192=CARTESIAN_POINT('',(-34.373971248,-17.075652683,1.845458409));
#4193=VERTEX_POINT('',#4192);
#4194=CARTESIAN_POINT('',(-36.509662904,-17.075652683,-0.290233247));
#4195=DIRECTION('',(0.707106781,0.,0.707106781));
#4196=VECTOR('',#4195,3.020324105);
#4197=LINE('',#4194,#4196);
#4198=EDGE_CURVE('',#3989,#4193,#4197,.T.);
#4199=ORIENTED_EDGE('',*,*,#4198,.T.);
#4200=CARTESIAN_POINT('',(-34.373971248,-17.075652683,1.845458409));
#4201=DIRECTION('',(0.,-0.,1.));
#4202=VECTOR('',#4201,4.231930615);
#4203=LINE('',#4200,#4202);
#4204=EDGE_CURVE('',#4193,#2407,#4203,.T.);
#4205=ORIENTED_EDGE('',*,*,#4204,.T.);
#4206=ORIENTED_EDGE('',*,*,#2412,.F.);
#4207=ORIENTED_EDGE('',*,*,#2473,.F.);
#4208=CARTESIAN_POINT('',(-36.296512324,-17.075652683,2.138797854));
#4209=VERTEX_POINT('',#4208);
#4210=CARTESIAN_POINT('',(-36.296512324,-17.075652683,2.138797853));
#4211=DIRECTION('',(0.999964637,0.,0.008409792));
#4212=VECTOR('',#4211,1.9132526);
#4213=LINE('',#4210,#4212);
#4214=EDGE_CURVE('',#4209,#2461,#4213,.T.);
#4215=ORIENTED_EDGE('',*,*,#4214,.F.);
#4216=CARTESIAN_POINT('',(-36.296512324,-17.075652683,2.071382214));
#4217=DIRECTION('',(0.,-0.,1.));
#4218=VECTOR('',#4217,0.06741564);
#4219=LINE('',#4216,#4218);
#4220=EDGE_CURVE('',#3232,#4209,#4219,.T.);
#4221=ORIENTED_EDGE('',*,*,#4220,.F.);
#4222=EDGE_LOOP('',(#4189,#4190,#4191,#4199,#4205,#4206,#4207,#4215,#4221));
#4223=FACE_BOUND('',#4222,.T.);
#4224=ADVANCED_FACE('',(#4223),#4188,.F.);
#4225=CARTESIAN_POINT('',(-34.373971248,-11.944524318,0.191535157));
#4226=DIRECTION('',(-1.,0.,0.));
#4227=DIRECTION('',(0.,0.,1.));
#4228=AXIS2_PLACEMENT_3D('',#4225,#4226,#4227);
#4229=PLANE('',#4228);
#4230=ORIENTED_EDGE('',*,*,#2418,.F.);
#4231=ORIENTED_EDGE('',*,*,#4204,.F.);
#4232=CARTESIAN_POINT('',(-34.373971248,-17.075652683,1.845458409));
#4233=DIRECTION('',(0.,1.,0.));
#4234=VECTOR('',#4233,6.691141296);
#4235=LINE('',#4232,#4234);
#4236=EDGE_CURVE('',#4193,#1106,#4235,.T.);
#4237=ORIENTED_EDGE('',*,*,#4236,.T.);
#4238=ORIENTED_EDGE('',*,*,#1111,.T.);
#4239=EDGE_LOOP('',(#4230,#4231,#4237,#4238));
#4240=FACE_BOUND('',#4239,.T.);
#4241=ADVANCED_FACE('',(#4240),#4229,.F.);
#4242=CARTESIAN_POINT('',(17.728157997,-22.710644034,4.789957809));
#4243=DIRECTION('',(0.,0.,1.));
#4244=DIRECTION('',(1.,0.,0.));
#4245=AXIS2_PLACEMENT_3D('',#4242,#4243,#4244);
#4246=PLANE('',#4245);
#4247=CARTESIAN_POINT('',(18.156055438,-31.713089958,4.789957809));
#4248=VERTEX_POINT('',#4247);
#4249=CARTESIAN_POINT('',(14.89092131,-31.713089958,4.789957809));
#4250=VERTEX_POINT('',#4249);
#4251=CARTESIAN_POINT('',(16.523488374,-31.713089958,4.789957809));
#4252=DIRECTION('',(0.,0.,-1.));
#4253=DIRECTION('',(-1.,0.,0.));
#4254=AXIS2_PLACEMENT_3D('',#4251,#4252,#4253);
#4255=CIRCLE('',#4254,1.632567064);
#4256=EDGE_CURVE('',#4248,#4250,#4255,.T.);
#4257=ORIENTED_EDGE('',*,*,#4256,.T.);
#4258=CARTESIAN_POINT('',(16.523488374,-31.713089958,4.789957809));
#4259=DIRECTION('',(0.,0.,-1.));
#4260=DIRECTION('',(-1.,0.,0.));
#4261=AXIS2_PLACEMENT_3D('',#4258,#4259,#4260);
#4262=CIRCLE('',#4261,1.632567064);
#4263=EDGE_CURVE('',#4250,#4248,#4262,.T.);
#4264=ORIENTED_EDGE('',*,*,#4263,.T.);
#4265=EDGE_LOOP('',(#4257,#4264));
#4266=FACE_BOUND('',#4265,.T.);
#4267=CARTESIAN_POINT('',(17.623488374,-31.713089958,4.789957809));
#4268=VERTEX_POINT('',#4267);
#4269=CARTESIAN_POINT('',(16.523488374,-31.713089958,4.789957809));
#4270=DIRECTION('',(-0.,-0.,-1.));
#4271=DIRECTION('',(1.,0.,-0.));
#4272=AXIS2_PLACEMENT_3D('',#4269,#4270,#4271);
#4273=CIRCLE('',#4272,1.1);
#4274=EDGE_CURVE('',#4268,#4268,#4273,.T.);
#4275=ORIENTED_EDGE('',*,*,#4274,.F.);
#4276=EDGE_LOOP('',(#4275));
#4277=FACE_BOUND('',#4276,.T.);
#4278=ADVANCED_FACE('',(#4266,#4277),#4246,.F.);
#4279=CARTESIAN_POINT('',(16.523488374,-31.713089958,4.789957809));
#4280=DIRECTION('',(0.,0.,-1.));
#4281=DIRECTION('',(-1.,0.,0.));
#4282=AXIS2_PLACEMENT_3D('',#4279,#4280,#4281);
#4283=CYLINDRICAL_SURFACE('',#4282,1.632567064);
#4284=ORIENTED_EDGE('',*,*,#1260,.F.);
#4285=ORIENTED_EDGE('',*,*,#3720,.T.);
#4286=ORIENTED_EDGE('',*,*,#3165,.T.);
#4287=CARTESIAN_POINT('',(14.89092131,-31.713089958,-0.282563893));
#4288=DIRECTION('',(-0.,-0.,1.));
#4289=VECTOR('',#4288,5.072521702);
#4290=LINE('',#4287,#4289);
#4291=EDGE_CURVE('',#3150,#4250,#4290,.T.);
#4292=ORIENTED_EDGE('',*,*,#4291,.T.);
#4293=ORIENTED_EDGE('',*,*,#4256,.F.);
#4294=ORIENTED_EDGE('',*,*,#4263,.F.);
#4295=ORIENTED_EDGE('',*,*,#4291,.F.);
#4296=ORIENTED_EDGE('',*,*,#3156,.T.);
#4297=CARTESIAN_POINT('',(15.168861489,-30.801903248,-0.282563893));
#4298=CARTESIAN_POINT('',(15.653370295,-30.081602297,0.437737058));
#4299=CARTESIAN_POINT('',(16.521460774,-30.080524153,0.438815202));
#4300=CARTESIAN_POINT('',(17.389551254,-30.07944601,0.439893345));
#4301=CARTESIAN_POINT('',(17.875847748,-30.798541248,-0.279201894));
#4302=(BOUNDED_CURVE()
B_SPLINE_CURVE(2,(#4297,#4298,#4299,#4300,#4301),.UNSPECIFIED.,.F.,.F.)
B_SPLINE_CURVE_WITH_KNOTS((3,2,3),(123.926660092,179.928840319,235.931020546),.UNSPECIFIED.)
CURVE()
GEOMETRIC_REPRESENTATION_ITEM()
RATIONAL_B_SPLINE_CURVE((1.,0.88293866,1.,0.88293866,1.))
REPRESENTATION_ITEM(''));
#4303=EDGE_CURVE('',#3143,#1254,#4302,.T.);
#4304=ORIENTED_EDGE('',*,*,#4303,.T.);
#4305=EDGE_LOOP('',(#4284,#4285,#4286,#4292,#4293,#4294,#4295,#4296,#4304));
#4306=FACE_BOUND('',#4305,.T.);
#4307=ADVANCED_FACE('',(#4306),#4283,.F.);
#4308=CARTESIAN_POINT('',(14.715425356,-31.695838047,6.735284495));
#4309=DIRECTION('',(0.,0.,1.));
#4310=DIRECTION('',(1.,0.,0.));
#4311=AXIS2_PLACEMENT_3D('',#4308,#4309,#4310);
#4312=PLANE('',#4311);
#4313=CARTESIAN_POINT('',(17.623488374,-31.713089958,6.735284495));
#4314=VERTEX_POINT('',#4313);
#4315=CARTESIAN_POINT('',(16.523488374,-31.713089958,6.735284495));
#4316=DIRECTION('',(-0.,-0.,-1.));
#4317=DIRECTION('',(1.,0.,-0.));
#4318=AXIS2_PLACEMENT_3D('',#4315,#4316,#4317);
#4319=CIRCLE('',#4318,1.1);
#4320=EDGE_CURVE('',#4314,#4314,#4319,.T.);
#4321=ORIENTED_EDGE('',*,*,#4320,.T.);
#4322=EDGE_LOOP('',(#4321));
#4323=FACE_BOUND('',#4322,.T.);
#4324=ADVANCED_FACE('',(#4323),#4312,.F.);
#4325=CARTESIAN_POINT('',(16.523488374,-31.713089958,0.088538906));
#4326=DIRECTION('',(0.,0.,1.));
#4327=DIRECTION('',(1.,0.,-0.));
#4328=AXIS2_PLACEMENT_3D('',#4325,#4326,#4327);
#4329=CYLINDRICAL_SURFACE('',#4328,1.1);
#4330=CARTESIAN_POINT('',(17.623488374,-31.713089958,6.735284495));
#4331=DIRECTION('',(-0.,-0.,-1.));
#4332=VECTOR('',#4331,1.945326686);
#4333=LINE('',#4330,#4332);
#4334=EDGE_CURVE('',#4314,#4268,#4333,.T.);
#4335=ORIENTED_EDGE('',*,*,#4334,.F.);
#4336=ORIENTED_EDGE('',*,*,#4320,.F.);
#4337=ORIENTED_EDGE('',*,*,#4334,.T.);
#4338=ORIENTED_EDGE('',*,*,#4274,.T.);
#4339=EDGE_LOOP('',(#4335,#4336,#4337,#4338));
#4340=FACE_BOUND('',#4339,.T.);
#4341=ADVANCED_FACE('',(#4340),#4329,.F.);
#4342=CARTESIAN_POINT('',(17.728157997,-22.710644034,4.736586193));
#4343=DIRECTION('',(0.,0.,1.));
#4344=DIRECTION('',(1.,0.,0.));
#4345=AXIS2_PLACEMENT_3D('',#4342,#4343,#4344);
#4346=PLANE('',#4345);
#4347=CARTESIAN_POINT('',(-38.974135502,-14.01039933,4.736586193));
#4348=VERTEX_POINT('',#4347);
#4349=CARTESIAN_POINT('',(-38.974135502,-14.010399332,4.736586193));
#4350=CARTESIAN_POINT('',(-38.927783584,-14.224341932,4.736586193));
#4351=CARTESIAN_POINT('',(-38.84289323,-14.422039879,4.736586193));
#4352=CARTESIAN_POINT('',(-38.719464441,-14.603493173,4.736586193));
#4353=CARTESIAN_POINT('',(-38.717535866,-14.60632838,4.736586193));
#4354=CARTESIAN_POINT('',(-38.715624663,-14.609119441,4.736586193));
#4355=CARTESIAN_POINT('',(-38.713693412,-14.611921363,4.736586193));
#4356=CARTESIAN_POINT('',(-38.711762162,-14.614723285,4.736586193));
#4357=CARTESIAN_POINT('',(-38.709823337,-14.617517731,4.736586193));
#4358=CARTESIAN_POINT('',(-38.707876939,-14.620304703,4.736586193));
#4359=CARTESIAN_POINT('',(-38.703984142,-14.625878647,4.736586193));
#4360=CARTESIAN_POINT('',(-38.700061049,-14.63142269,4.736586193));
#4361=CARTESIAN_POINT('',(-38.696107659,-14.636936834,4.736586193));
#4362=CARTESIAN_POINT('',(-38.68820088,-14.647965122,4.736586193));
#4363=CARTESIAN_POINT('',(-38.680172917,-14.65887381,4.736586193));
#4364=CARTESIAN_POINT('',(-38.672023768,-14.669662899,4.736586193));
#4365=CARTESIAN_POINT('',(-38.65572547,-14.691241077,4.736586193));
#4366=CARTESIAN_POINT('',(-38.638942432,-14.712340856,4.736586193));
#4367=CARTESIAN_POINT('',(-38.621674654,-14.732962238,4.736586193));
#4368=CARTESIAN_POINT('',(-38.587139098,-14.774205002,4.736586193));
#4369=CARTESIAN_POINT('',(-38.550664581,-14.813534174,4.736586193));
#4370=CARTESIAN_POINT('',(-38.512251104,-14.850949755,4.736586193));
#4371=CARTESIAN_POINT('',(-38.435424151,-14.925780916,4.736586193));
#4372=CARTESIAN_POINT('',(-38.350841356,-14.992957711,4.736586193));
#4373=CARTESIAN_POINT('',(-38.25850272,-15.05248014,4.736586193));
#4374=CARTESIAN_POINT('',(-38.252731556,-15.056200292,4.736586193));
#4375=CARTESIAN_POINT('',(-38.246982491,-15.059858571,4.736586193));
#4376=CARTESIAN_POINT('',(-38.241199374,-15.063491176,4.736586193));
#4377=CARTESIAN_POINT('',(-38.235416256,-15.06712378,4.736586193));
#4378=CARTESIAN_POINT('',(-38.229617803,-15.070718643,4.736586193));
#4379=CARTESIAN_POINT('',(-38.223804015,-15.074275766,4.736586193));
#4380=CARTESIAN_POINT('',(-38.212176438,-15.08139001,4.736586193));
#4381=CARTESIAN_POINT('',(-38.20048752,-15.088353291,4.736586193));
#4382=CARTESIAN_POINT('',(-38.188737261,-15.095165609,4.736586193));
#4383=CARTESIAN_POINT('',(-38.165236742,-15.108790243,4.736586193));
#4384=CARTESIAN_POINT('',(-38.141490858,-15.121811023,4.736586193));
#4385=CARTESIAN_POINT('',(-38.117499608,-15.134227948,4.736586193));
#4386=CARTESIAN_POINT('',(-38.069517108,-15.159061798,4.736586193));
#4387=CARTESIAN_POINT('',(-38.020553146,-15.181480228,4.736586193));
#4388=CARTESIAN_POINT('',(-37.970607722,-15.201483238,4.736586193));
#4389=CARTESIAN_POINT('',(-37.870716874,-15.241489259,4.736586193));
#4390=CARTESIAN_POINT('',(-37.766900178,-15.271833602,4.736586193));
#4391=CARTESIAN_POINT('',(-37.659157632,-15.292516266,4.736586193));
#4392=CARTESIAN_POINT('',(-37.655790677,-15.2931626,4.736586193));
#4393=CARTESIAN_POINT('',(-37.652475286,-15.293788373,4.736586193));
#4394=CARTESIAN_POINT('',(-37.64913391,-15.294408473,4.736586193));
#4395=CARTESIAN_POINT('',(-37.645792535,-15.295028573,4.736586193));
#4396=CARTESIAN_POINT('',(-37.642451025,-15.295638038,4.736586193));
#4397=CARTESIAN_POINT('',(-37.63910938,-15.296236866,4.736586193));
#4398=CARTESIAN_POINT('',(-37.632426089,-15.297434524,4.736586193));
#4399=CARTESIAN_POINT('',(-37.625742259,-15.298589639,4.736586193));
#4400=CARTESIAN_POINT('',(-37.61905789,-15.299702212,4.736586193));
#4401=CARTESIAN_POINT('',(-37.60568915,-15.301927358,4.736586193));
#4402=CARTESIAN_POINT('',(-37.592318253,-15.303982334,4.736586193));
#4403=CARTESIAN_POINT('',(-37.578945197,-15.30586714,4.736586193));
#4404=CARTESIAN_POINT('',(-37.552199085,-15.309636753,4.736586193));
#4405=CARTESIAN_POINT('',(-37.52544434,-15.312725687,4.736586193));
#4406=CARTESIAN_POINT('',(-37.498680962,-15.315133943,4.736586193));
#4407=CARTESIAN_POINT('',(-37.445154204,-15.319950455,4.736586193));
#4408=CARTESIAN_POINT('',(-37.391592913,-15.322044253,4.736586193));
#4409=CARTESIAN_POINT('',(-37.337997089,-15.321415337,4.736586193));
#4410=CARTESIAN_POINT('',(-37.23080544,-15.320157506,4.736586193));
#4411=CARTESIAN_POINT('',(-37.123475655,-15.30800882,4.736586193));
#4412=CARTESIAN_POINT('',(-37.016007736,-15.284969279,4.736586193));
#4413=CARTESIAN_POINT('',(-37.009290991,-15.283529308,4.736586193));
#4414=CARTESIAN_POINT('',(-37.002622911,-15.282058746,4.736586193));
#4415=CARTESIAN_POINT('',(-36.995954736,-15.280547141,4.736586193));
#4416=CARTESIAN_POINT('',(-36.98928656,-15.279035536,4.736586193));
#4417=CARTESIAN_POINT('',(-36.982634543,-15.277486371,4.736586193));
#4418=CARTESIAN_POINT('',(-36.975998684,-15.275899647,4.736586193));
#4419=CARTESIAN_POINT('',(-36.962726965,-15.272726198,4.736586193));
#4420=CARTESIAN_POINT('',(-36.949519878,-15.269402513,4.736586193));
#4421=CARTESIAN_POINT('',(-36.936377423,-15.26592859,4.736586193));
#4422=CARTESIAN_POINT('',(-36.910092514,-15.258980744,4.736586193));
#4423=CARTESIAN_POINT('',(-36.884066133,-15.251431949,4.736586193));
#4424=CARTESIAN_POINT('',(-36.858298281,-15.243282204,4.736586193));
#4425=CARTESIAN_POINT('',(-36.806762575,-15.226982715,4.736586193));
#4426=CARTESIAN_POINT('',(-36.756260983,-15.208279429,4.736586193));
#4427=CARTESIAN_POINT('',(-36.706793504,-15.187172345,4.736586193));
#4428=CARTESIAN_POINT('',(-36.607858545,-15.144958177,4.736586193));
#4429=CARTESIAN_POINT('',(-36.513060039,-15.09312882,4.736586193));
#4430=CARTESIAN_POINT('',(-36.422397986,-15.031684274,4.736586193));
#4431=CARTESIAN_POINT('',(-36.377066959,-15.000962,4.736586193));
#4432=CARTESIAN_POINT('',(-36.333687639,-14.968303904,4.736586193));
#4433=CARTESIAN_POINT('',(-36.29222421,-14.933685712,4.736586193));
#4434=CARTESIAN_POINT('',(-36.250760782,-14.89906752,4.736586193));
#4435=CARTESIAN_POINT('',(-36.211225184,-14.862497322,4.736586193));
#4436=CARTESIAN_POINT('',(-36.173617416,-14.82397512,4.736586193));
#4437=CARTESIAN_POINT('',(-36.098401881,-14.746930716,4.736586193));
#4438=CARTESIAN_POINT('',(-36.030897665,-14.662078293,4.736586193));
#4439=CARTESIAN_POINT('',(-35.971104771,-14.569417849,4.736586193));
#4440=CARTESIAN_POINT('',(-35.969236243,-14.56652221,4.736586193));
#4441=CARTESIAN_POINT('',(-35.967403651,-14.563663723,4.736586193));
#4442=CARTESIAN_POINT('',(-35.965567267,-14.560780822,4.736586193));
#4443=CARTESIAN_POINT('',(-35.963730884,-14.557897921,4.736586193));
#4444=CARTESIAN_POINT('',(-35.961903951,-14.555011128,4.736586193));
#4445=CARTESIAN_POINT('',(-35.960086469,-14.552120443,4.736586193));
#4446=CARTESIAN_POINT('',(-35.956451505,-14.546339073,4.736586193));
#4447=CARTESIAN_POINT('',(-35.952854345,-14.540542136,4.736586193));
#4448=CARTESIAN_POINT('',(-35.949294988,-14.53472963,4.736586193));
#4449=CARTESIAN_POINT('',(-35.942176274,-14.523104619,4.736586193));
#4450=CARTESIAN_POINT('',(-35.935208774,-14.511417337,4.736586193));
#4451=CARTESIAN_POINT('',(-35.928392488,-14.499667784,4.736586193));
#4452=CARTESIAN_POINT('',(-35.914759916,-14.476168677,4.736586193));
#4453=CARTESIAN_POINT('',(-35.9017322,-14.452420486,4.736586193));
#4454=CARTESIAN_POINT('',(-35.88930934,-14.428423209,4.736586193));
#4455=CARTESIAN_POINT('',(-35.864463619,-14.380428656,4.736586193));
#4456=CARTESIAN_POINT('',(-35.842037322,-14.331437762,4.736586193));
#4457=CARTESIAN_POINT('',(-35.822030449,-14.281450529,4.736586193));
#4458=CARTESIAN_POINT('',(-35.782016701,-14.181476063,4.736586193));
#4459=CARTESIAN_POINT('',(-35.751680647,-14.077516237,4.736586193));
#4460=CARTESIAN_POINT('',(-35.731022287,-13.969571051,4.736586193));
#4461=CARTESIAN_POINT('',(-35.730376714,-13.966197764,4.736586193));
#4462=CARTESIAN_POINT('',(-35.72975108,-13.962872932,4.736586193));
#4463=CARTESIAN_POINT('',(-35.729131463,-13.959523798,4.736586193));
#4464=CARTESIAN_POINT('',(-35.728511846,-13.956174665,4.736586193));
#4465=CARTESIAN_POINT('',(-35.727902886,-13.952825482,4.736586193));
#4466=CARTESIAN_POINT('',(-35.727304584,-13.949476249,4.736586193));
#4467=CARTESIAN_POINT('',(-35.72610798,-13.942777785,4.736586193));
#4468=CARTESIAN_POINT('',(-35.724954007,-13.936079123,4.736586193));
#4469=CARTESIAN_POINT('',(-35.723842664,-13.929380263,4.736586193));
#4470=CARTESIAN_POINT('',(-35.721619979,-13.915982545,4.736586193));
#4471=CARTESIAN_POINT('',(-35.719567815,-13.902584037,4.736586193));
#4472=CARTESIAN_POINT('',(-35.717686174,-13.889184739,4.736586193));
#4473=CARTESIAN_POINT('',(-35.713922891,-13.862386144,4.736586193));
#4474=CARTESIAN_POINT('',(-35.710841696,-13.835584392,4.736586193));
#4475=CARTESIAN_POINT('',(-35.708442589,-13.808779482,4.736586193));
#4476=CARTESIAN_POINT('',(-35.703644376,-13.755169661,4.736586193));
#4477=CARTESIAN_POINT('',(-35.701574515,-13.70154721,4.736586193));
#4478=CARTESIAN_POINT('',(-35.702233007,-13.647912128,4.736586193));
#4479=CARTESIAN_POINT('',(-35.703549992,-13.540641964,4.736586193));
#4480=CARTESIAN_POINT('',(-35.715780387,-13.433321278,4.736586193));
#4481=CARTESIAN_POINT('',(-35.738924194,-13.325950069,4.736586193));
#4482=CARTESIAN_POINT('',(-35.740370682,-13.319239369,4.736586193));
#4483=CARTESIAN_POINT('',(-35.741844888,-13.312590274,4.736586193));
#4484=CARTESIAN_POINT('',(-35.743361641,-13.305934001,4.736586193));
#4485=CARTESIAN_POINT('',(-35.744878393,-13.299277727,4.736586193));
#4486=CARTESIAN_POINT('',(-35.746432748,-13.292637203,4.736586193));
#4487=CARTESIAN_POINT('',(-35.748024707,-13.286012429,4.736586193));
#4488=CARTESIAN_POINT('',(-35.751208625,-13.272762879,4.736586193));
#4489=CARTESIAN_POINT('',(-35.754542955,-13.259576328,4.736586193));
#4490=CARTESIAN_POINT('',(-35.758027699,-13.246452774,4.736586193));
#4491=CARTESIAN_POINT('',(-35.764997186,-13.220205666,4.736586193));
#4492=CARTESIAN_POINT('',(-35.772568325,-13.194210549,4.736586193));
#4493=CARTESIAN_POINT('',(-35.780741117,-13.168467423,4.736586193));
#4494=CARTESIAN_POINT('',(-35.7970867,-13.11698117,4.736586193));
#4495=CARTESIAN_POINT('',(-35.815838891,-13.066502879,4.736586193));
#4496=CARTESIAN_POINT('',(-35.836997691,-13.017032551,4.736586193));
#4497=CARTESIAN_POINT('',(-35.879315291,-12.918091896,4.736586193));
#4498=CARTESIAN_POINT('',(-35.931259325,-12.82318309,4.736586193));
#4499=CARTESIAN_POINT('',(-35.992829793,-12.732306135,4.736586193));
#4500=CARTESIAN_POINT('',(-35.993791831,-12.730886183,4.736586193));
#4501=CARTESIAN_POINT('',(-35.994740279,-12.729490954,4.736586193));
#4502=CARTESIAN_POINT('',(-35.995698374,-12.728086147,4.736586193));
#4503=CARTESIAN_POINT('',(-35.996656469,-12.726681341,4.736586193));
#4504=CARTESIAN_POINT('',(-35.997616465,-12.725278391,4.736586193));
#4505=CARTESIAN_POINT('',(-35.998578363,-12.723877297,4.736586193));
#4506=CARTESIAN_POINT('',(-36.000502159,-12.72107511,4.736586193));
#4507=CARTESIAN_POINT('',(-36.00243356,-12.718280347,4.736586193));
#4508=CARTESIAN_POINT('',(-36.004372567,-12.71549301,4.736586193));
#4509=CARTESIAN_POINT('',(-36.008250581,-12.709918336,4.736586193));
#4510=CARTESIAN_POINT('',(-36.012159017,-12.704373363,4.736586193));
#4511=CARTESIAN_POINT('',(-36.016097876,-12.69885809,4.736586193));
#4512=CARTESIAN_POINT('',(-36.023975594,-12.687827544,4.736586193));
#4513=CARTESIAN_POINT('',(-36.031975002,-12.676915802,4.736586193));
#4514=CARTESIAN_POINT('',(-36.0400961,-12.666122863,4.736586193));
#4515=CARTESIAN_POINT('',(-36.056338296,-12.644536984,4.736586193));
#4516=CARTESIAN_POINT('',(-36.073067253,-12.623426318,4.736586193));
#4517=CARTESIAN_POINT('',(-36.09028297,-12.602790864,4.736586193));
#4518=CARTESIAN_POINT('',(-36.124714404,-12.561519956,4.736586193));
#4519=CARTESIAN_POINT('',(-36.161092879,-12.522149897,4.736586193));
#4520=CARTESIAN_POINT('',(-36.199418396,-12.484680687,4.736586193));
#4521=CARTESIAN_POINT('',(-36.27606943,-12.409742268,4.736586193));
#4522=CARTESIAN_POINT('',(-36.36050863,-12.342407244,4.736586193));
#4523=CARTESIAN_POINT('',(-36.452735997,-12.282675617,4.736586193));
#4524=CARTESIAN_POINT('',(-36.458500207,-12.278942391,4.736586193));
#4525=CARTESIAN_POINT('',(-36.464250593,-12.275265934,4.736586193));
#4526=CARTESIAN_POINT('',(-36.470030716,-12.271618032,4.736586193));
#4527=CARTESIAN_POINT('',(-36.47581084,-12.267970131,4.736586193));
#4528=CARTESIAN_POINT('',(-36.481606181,-12.26436019,4.736586193));
#4529=CARTESIAN_POINT('',(-36.48741674,-12.26078821,4.736586193));
#4530=CARTESIAN_POINT('',(-36.499037856,-12.253644249,4.736586193));
#4531=CARTESIAN_POINT('',(-36.510719842,-12.24665213,4.736586193));
#4532=CARTESIAN_POINT('',(-36.522462697,-12.239811852,4.736586193));
#4533=CARTESIAN_POINT('',(-36.545948407,-12.226131297,4.736586193));
#4534=CARTESIAN_POINT('',(-36.569677593,-12.213058107,4.736586193));
#4535=CARTESIAN_POINT('',(-36.593650255,-12.200592285,4.736586193));
#4536=CARTESIAN_POINT('',(-36.641595579,-12.175660639,4.736586193));
#4537=CARTESIAN_POINT('',(-36.690514808,-12.153158458,4.736586193));
#4538=CARTESIAN_POINT('',(-36.740407941,-12.133085743,4.736586193));
#4539=CARTESIAN_POINT('',(-36.840194209,-12.092940313,4.736586193));
#4540=CARTESIAN_POINT('',(-36.943876095,-12.062512743,4.736586193));
#4541=CARTESIAN_POINT('',(-37.0514536,-12.041803035,4.736586193));
#4542=CARTESIAN_POINT('',(-37.078347976,-12.036625608,4.736586193));
#4543=CARTESIAN_POINT('',(-37.105209463,-12.032140452,4.736586193));
#4544=CARTESIAN_POINT('',(-37.132093596,-12.028336878,4.736586193));
#4545=CARTESIAN_POINT('',(-37.158977728,-12.024533303,4.736586193));
#4546=CARTESIAN_POINT('',(-37.185865995,-12.021414873,4.736586193));
#4547=CARTESIAN_POINT('',(-37.212758396,-12.018981587,4.736586193));
#4548=CARTESIAN_POINT('',(-37.266543198,-12.014115015,4.736586193));
#4549=CARTESIAN_POINT('',(-37.320344535,-12.011989021,4.736586193));
#4550=CARTESIAN_POINT('',(-37.37416241,-12.012603605,4.736586193));
#4551=CARTESIAN_POINT('',(-37.481798158,-12.013832771,4.736586193));
#4552=CARTESIAN_POINT('',(-37.589500052,-12.026024248,4.736586193));
#4553=CARTESIAN_POINT('',(-37.697268091,-12.049178036,4.736586193));
#4554=CARTESIAN_POINT('',(-37.700635842,-12.049901592,4.736586193));
#4555=CARTESIAN_POINT('',(-37.703960891,-12.050626266,4.736586193));
#4556=CARTESIAN_POINT('',(-37.707301365,-12.051364549,4.736586193));
#4557=CARTESIAN_POINT('',(-37.710641839,-12.052102831,4.736586193));
#4558=CARTESIAN_POINT('',(-37.713978362,-12.052850557,4.736586193));
#4559=CARTESIAN_POINT('',(-37.717310935,-12.053607729,4.736586193));
#4560=CARTESIAN_POINT('',(-37.723976079,-12.055122071,4.736586193));
#4561=CARTESIAN_POINT('',(-37.73062542,-12.056674191,4.736586193));
#4562=CARTESIAN_POINT('',(-37.737258957,-12.05826409,4.736586193));
#4563=CARTESIAN_POINT('',(-37.750526032,-12.061443887,4.736586193));
#4564=CARTESIAN_POINT('',(-37.763729894,-12.064774797,4.736586193));
#4565=CARTESIAN_POINT('',(-37.776870541,-12.06825682,4.736586193));
#4566=CARTESIAN_POINT('',(-37.803151836,-12.075220865,4.736586193));
#4567=CARTESIAN_POINT('',(-37.829180275,-12.08278936,4.736586193));
#4568=CARTESIAN_POINT('',(-37.854955859,-12.090962305,4.736586193));
#4569=CARTESIAN_POINT('',(-37.906507027,-12.107308196,4.736586193));
#4570=CARTESIAN_POINT('',(-37.957046774,-12.126071888,4.736586193));
#4571=CARTESIAN_POINT('',(-38.0065751,-12.147253381,4.736586193));
#4572=CARTESIAN_POINT('',(-38.105631752,-12.189616366,4.736586193));
#4573=CARTESIAN_POINT('',(-38.200642718,-12.241650556,4.736586193));
#4574=CARTESIAN_POINT('',(-38.291608,-12.30335595,4.736586193));
#4575=CARTESIAN_POINT('',(-38.293029333,-12.304320097,4.736586193));
#4576=CARTESIAN_POINT('',(-38.294423198,-12.305268765,4.736586193));
#4577=CARTESIAN_POINT('',(-38.295828019,-12.306228019,4.736586193));
#4578=CARTESIAN_POINT('',(-38.297232841,-12.307187273,4.736586193));
#4579=CARTESIAN_POINT('',(-38.298635811,-12.308148426,4.736586193));
#4580=CARTESIAN_POINT('',(-38.300036929,-12.309111476,4.736586193));
#4581=CARTESIAN_POINT('',(-38.302839167,-12.311037576,4.736586193));
#4582=CARTESIAN_POINT('',(-38.305633998,-12.312971268,4.736586193));
#4583=CARTESIAN_POINT('',(-38.308421424,-12.314912552,4.736586193));
#4584=CARTESIAN_POINT('',(-38.313996276,-12.318795119,4.736586193));
#4585=CARTESIAN_POINT('',(-38.319541506,-12.322708053,4.736586193));
#4586=CARTESIAN_POINT('',(-38.325057113,-12.326651354,4.736586193));
#4587=CARTESIAN_POINT('',(-38.336088326,-12.334537956,4.736586193));
#4588=CARTESIAN_POINT('',(-38.34700105,-12.342546025,4.736586193));
#4589=CARTESIAN_POINT('',(-38.357795282,-12.350675561,4.736586193));
#4590=CARTESIAN_POINT('',(-38.379383748,-12.366934633,4.736586193));
#4591=CARTESIAN_POINT('',(-38.400498252,-12.383679574,4.736586193));
#4592=CARTESIAN_POINT('',(-38.421138795,-12.400910383,4.736586193));
#4593=CARTESIAN_POINT('',(-38.462419879,-12.435372002,4.736586193));
#4594=CARTESIAN_POINT('',(-38.501805118,-12.471777095,4.736586193));
#4595=CARTESIAN_POINT('',(-38.53929451,-12.510125662,4.736586193));
#4596=CARTESIAN_POINT('',(-38.614273294,-12.586822797,4.736586193));
#4597=CARTESIAN_POINT('',(-38.681668692,-12.671293828,4.736586193));
#4598=CARTESIAN_POINT('',(-38.741480704,-12.763538756,4.736586193));
#4599=CARTESIAN_POINT('',(-38.745218955,-12.769304064,4.736586193));
#4600=CARTESIAN_POINT('',(-38.748891224,-12.775041919,4.736586193));
#4601=CARTESIAN_POINT('',(-38.75253938,-12.780816891,4.736586193));
#4602=CARTESIAN_POINT('',(-38.756187536,-12.786591863,4.736586193));
#4603=CARTESIAN_POINT('',(-38.759797622,-12.792382429,4.736586193));
#4604=CARTESIAN_POINT('',(-38.763369638,-12.798188589,4.736586193));
#4605=CARTESIAN_POINT('',(-38.770513671,-12.809800908,4.736586193));
#4606=CARTESIAN_POINT('',(-38.777505426,-12.821475601,4.736586193));
#4607=CARTESIAN_POINT('',(-38.784344901,-12.83321267,4.736586193));
#4608=CARTESIAN_POINT('',(-38.798023853,-12.856686806,4.736586193));
#4609=CARTESIAN_POINT('',(-38.81109369,-12.880410441,4.736586193));
#4610=CARTESIAN_POINT('',(-38.823554413,-12.904383575,4.736586193));
#4611=CARTESIAN_POINT('',(-38.848475859,-12.952329843,4.736586193));
#4612=CARTESIAN_POINT('',(-38.870960847,-13.001274106,4.736586193));
#4613=CARTESIAN_POINT('',(-38.891009378,-13.051216363,4.736586193));
#4614=CARTESIAN_POINT('',(-38.93110644,-13.151100877,4.736586193));
#4615=CARTESIAN_POINT('',(-38.961457673,-13.25497737,4.736586193));
#4616=CARTESIAN_POINT('',(-38.982063077,-13.362845842,4.736586193));
#4617=CARTESIAN_POINT('',(-38.983350915,-13.369587621,4.736586193));
#4618=CARTESIAN_POINT('',(-38.984604411,-13.376373927,4.736586193));
#4619=CARTESIAN_POINT('',(-38.985810638,-13.383137079,4.736586193));
#4620=CARTESIAN_POINT('',(-38.987016865,-13.389900231,4.736586193));
#4621=CARTESIAN_POINT('',(-38.988180131,-13.39666279,4.736586193));
#4622=CARTESIAN_POINT('',(-38.989300438,-13.403424756,4.736586193));
#4623=CARTESIAN_POINT('',(-38.99154105,-13.416948687,4.736586193));
#4624=CARTESIAN_POINT('',(-38.993609823,-13.430470244,4.736586193));
#4625=CARTESIAN_POINT('',(-38.995506754,-13.443989427,4.736586193));
#4626=CARTESIAN_POINT('',(-38.999300616,-13.471027794,4.736586193));
#4627=CARTESIAN_POINT('',(-39.002407116,-13.498056665,4.736586193));
#4628=CARTESIAN_POINT('',(-39.004826253,-13.525076041,4.736586193));
#4629=CARTESIAN_POINT('',(-39.009664526,-13.579114794,4.736586193));
#4630=CARTESIAN_POINT('',(-39.011753347,-13.633115566,4.736586193));
#4631=CARTESIAN_POINT('',(-39.011092715,-13.687078357,4.736586193));
#4632=CARTESIAN_POINT('',(-39.010432084,-13.741041147,4.736586193));
#4633=CARTESIAN_POINT('',(-39.007022001,-13.794965958,4.736586193));
#4634=CARTESIAN_POINT('',(-39.000862465,-13.848852787,4.736586193));
#4635=CARTESIAN_POINT('',(-38.997782697,-13.875796202,4.736586193));
#4636=CARTESIAN_POINT('',(-38.994015567,-13.902730121,4.736586193));
#4637=CARTESIAN_POINT('',(-38.989561073,-13.929654545,4.736586193));
#4638=CARTESIAN_POINT('',(-38.987333826,-13.943116757,4.736586193));
#4639=CARTESIAN_POINT('',(-38.984934738,-13.956576596,4.736586193));
#4640=CARTESIAN_POINT('',(-38.98236381,-13.97003406,4.736586193));
#4641=CARTESIAN_POINT('',(-38.981078345,-13.976762793,4.736586193));
#4642=CARTESIAN_POINT('',(-38.979749921,-13.983490931,4.736586193));
#4643=CARTESIAN_POINT('',(-38.978378536,-13.990218477,4.736586193));
#4644=CARTESIAN_POINT('',(-38.977692844,-13.993582249,4.736586193));
#4645=CARTESIAN_POINT('',(-38.976996412,-13.996945874,4.736586193));
#4646=CARTESIAN_POINT('',(-38.976289239,-14.00030935,4.736586193));
#4647=CARTESIAN_POINT('',(-38.975582067,-14.003672826,4.736586193));
#4648=CARTESIAN_POINT('',(-38.974859751,-14.007056479,4.736586193));
#4649=CARTESIAN_POINT('',(-38.974135502,-14.010399332,4.736586193));
#4650=B_SPLINE_CURVE_WITH_KNOTS('',3,(#4349,#4350,#4351,#4352,#4353,#4354,#4355,#4356,#4357,#4358,#4359,#4360,#4361,#4362,#4363,#4364,#4365,#4366,#4367,#4368,#4369,#4370,#4371,#4372,#4373,#4374,
#4375,#4376,#4377,#4378,#4379,#4380,#4381,#4382,#4383,#4384,#4385,#4386,#4387,#4388,#4389,#4390,#4391,#4392,#4393,#4394,#4395,#4396,#4397,#4398,#4399,
#4400,#4401,#4402,#4403,#4404,#4405,#4406,#4407,#4408,#4409,#4410,#4411,#4412,#4413,#4414,#4415,#4416,#4417,#4418,#4419,#4420,#4421,#4422,#4423,#4424,
#4425,#4426,#4427,#4428,#4429,#4430,#4431,#4432,#4433,#4434,#4435,#4436,#4437,#4438,#4439,#4440,#4441,#4442,#4443,#4444,#4445,#4446,#4447,#4448,#4449,
#4450,#4451,#4452,#4453,#4454,#4455,#4456,#4457,#4458,#4459,#4460,#4461,#4462,#4463,#4464,#4465,#4466,#4467,#4468,#4469,#4470,#4471,#4472,#4473,#4474,
#4475,#4476,#4477,#4478,#4479,#4480,#4481,#4482,#4483,#4484,#4485,#4486,#4487,#4488,#4489,#4490,#4491,#4492,#4493,#4494,#4495,#4496,#4497,#4498,#4499,
#4500,#4501,#4502,#4503,#4504,#4505,#4506,#4507,#4508,#4509,#4510,#4511,#4512,#4513,#4514,#4515,#4516,#4517,#4518,#4519,#4520,#4521,#4522,#4523,#4524,
#4525,#4526,#4527,#4528,#4529,#4530,#4531,#4532,#4533,#4534,#4535,#4536,#4537,#4538,#4539,#4540,#4541,#4542,#4543,#4544,#4545,#4546,#4547,#4548,#4549,
#4550,#4551,#4552,#4553,#4554,#4555,#4556,#4557,#4558,#4559,#4560,#4561,#4562,#4563,#4564,#4565,#4566,#4567,#4568,#4569,#4570,#4571,#4572,#4573,#4574,
#4575,#4576,#4577,#4578,#4579,#4580,#4581,#4582,#4583,#4584,#4585,#4586,#4587,#4588,#4589,#4590,#4591,#4592,#4593,#4594,#4595,#4596,#4597,#4598,#4599,
#4600,#4601,#4602,#4603,#4604,#4605,#4606,#4607,#4608,#4609,#4610,#4611,#4612,#4613,#4614,#4615,#4616,#4617,#4618,#4619,#4620,#4621,#4622,#4623,#4624,
#4625,#4626,#4627,#4628,#4629,#4630,#4631,#4632,#4633,#4634,#4635,#4636,#4637,#4638,#4639,#4640,#4641,#4642,#4643,#4644,#4645,#4646,#4647,#4648,#4649),.UNSPECIFIED.,.T.,.F.,(4,3,3,3,3,3,3,3,3,3,3,3,3,3,3,3,3,3,3,3,3,3,3,3,3,3,
3,3,3,3,3,3,3,3,3,3,3,3,3,3,3,3,3,3,3,3,3,3,3,3,3,
3,3,3,3,3,3,3,3,3,3,3,3,3,3,3,3,3,3,3,3,3,3,3,3,3,
3,3,3,3,3,3,3,3,3,3,3,3,3,3,3,3,3,3,3,3,3,3,3,3,4),(0.,0.0625,0.063476562,0.064453125,0.06640625,0.0703125,0.078125,0.09375,0.125,0.126953125,0.12890625,0.1328125,0.140625,0.15625,0.1875,0.188476562,0.189453125,0.19140625,0.1953125,0.203125,0.21875,0.25,0.251953125,0.25390625,0.2578125,0.265625,
0.28125,0.3125,0.328125,0.34375,0.375,0.375976562,0.376953125,0.37890625,0.3828125,0.390625,0.40625,0.4375,0.438476562,0.439453125,0.44140625,0.4453125,0.453125,0.46875,0.5,0.501953125,0.50390625,0.5078125,0.515625,0.53125,0.5625,
0.562988281,0.563476562,0.564453125,0.56640625,0.5703125,0.578125,0.59375,0.625,0.626953125,0.62890625,0.6328125,0.640625,0.65625,0.6875,0.6953125,0.703125,0.71875,0.75,0.750976562,0.751953125,0.75390625,0.7578125,0.765625,0.78125,0.8125,
0.812988281,0.813476562,0.814453125,0.81640625,0.8203125,0.828125,0.84375,0.875,0.876953125,0.87890625,0.8828125,0.890625,0.90625,0.9375,0.939453125,0.94140625,0.9453125,0.953125,0.96875,0.984375,0.9921875,0.99609375,0.998046875,0.999023438,1.),.UNSPECIFIED.);
#4651=EDGE_CURVE('',#4348,#4348,#4650,.T.);
#4652=ORIENTED_EDGE('',*,*,#4651,.F.);
#4653=EDGE_LOOP('',(#4652));
#4654=FACE_BOUND('',#4653,.T.);
#4655=CARTESIAN_POINT('',(-36.256511626,-13.667089958,4.736586193));
#4656=VERTEX_POINT('',#4655);
#4657=CARTESIAN_POINT('',(-36.256511626,-13.667089958,4.736586193));
#4658=CARTESIAN_POINT('',(-36.256523389,-13.739761566,4.736586193));
#4659=CARTESIAN_POINT('',(-36.264052888,-13.811118374,4.736586193));
#4660=CARTESIAN_POINT('',(-36.278333304,-13.881294491,4.736586193));
#4661=CARTESIAN_POINT('',(-36.292613719,-13.951470609,4.736586193));
#4662=CARTESIAN_POINT('',(-36.313970374,-14.021153457,4.736586193));
#4663=CARTESIAN_POINT('',(-36.341571585,-14.087743162,4.736586193));
#4664=CARTESIAN_POINT('',(-36.369172797,-14.154332867,4.736586193));
#4665=CARTESIAN_POINT('',(-36.402741824,-14.217612976,4.736586193));
#4666=CARTESIAN_POINT('',(-36.442360111,-14.277538321,4.736586193));
#4667=CARTESIAN_POINT('',(-36.481978398,-14.337463667,4.736586193));
#4668=CARTESIAN_POINT('',(-36.528136342,-14.394332915,4.736586193));
#4669=CARTESIAN_POINT('',(-36.578798012,-14.445010963,4.736586193));
#4670=CARTESIAN_POINT('',(-36.781444694,-14.647723156,4.736586193));
#4671=CARTESIAN_POINT('',(-37.069350486,-14.766870057,4.736586193));
#4672=CARTESIAN_POINT('',(-37.355579434,-14.767089835,4.736586193));
#4673=CARTESIAN_POINT('',(-37.427136671,-14.76714478,4.736586193));
#4674=CARTESIAN_POINT('',(-37.499845099,-14.759676895,4.736586193));
#4675=CARTESIAN_POINT('',(-37.570395006,-14.745345577,4.736586193));
#4676=CARTESIAN_POINT('',(-37.640944913,-14.73101426,4.736586193));
#4677=CARTESIAN_POINT('',(-37.709478443,-14.710017989,4.736586193));
#4678=CARTESIAN_POINT('',(-37.776041727,-14.682509243,4.736586193));
#4679=CARTESIAN_POINT('',(-37.842605011,-14.655000496,4.736586193));
#4680=CARTESIAN_POINT('',(-37.907096379,-14.62081486,4.736586193));
#4681=CARTESIAN_POINT('',(-37.966837718,-14.581325045,4.736586193));
#4682=CARTESIAN_POINT('',(-38.026579058,-14.54183523,4.736586193));
#4683=CARTESIAN_POINT('',(-38.0823135,-14.496786803,4.736586193));
#4684=CARTESIAN_POINT('',(-38.133628026,-14.445606799,4.736586193));
#4685=CARTESIAN_POINT('',(-38.236257078,-14.343246791,4.736586193));
#4686=CARTESIAN_POINT('',(-38.316178418,-14.221458059,4.736586193));
#4687=CARTESIAN_POINT('',(-38.371491019,-14.088099743,4.736586193));
#4688=CARTESIAN_POINT('',(-38.39914732,-14.021420585,4.736586193));
#4689=CARTESIAN_POINT('',(-38.4201825,-13.95290925,4.736586193));
#4690=CARTESIAN_POINT('',(-38.434548788,-13.882552518,4.736586193));
#4691=CARTESIAN_POINT('',(-38.448915076,-13.812195786,4.736586193));
#4692=CARTESIAN_POINT('',(-38.456498647,-13.73932137,4.736586193));
#4693=CARTESIAN_POINT('',(-38.456511785,-13.66760583,4.736586193));
#4694=CARTESIAN_POINT('',(-38.456564335,-13.380743672,4.736586193));
#4695=CARTESIAN_POINT('',(-38.337367766,-13.092906911,4.736586193));
#4696=CARTESIAN_POINT('',(-38.135339002,-12.890284057,4.736586193));
#4697=CARTESIAN_POINT('',(-38.084831811,-12.839628343,4.736586193));
#4698=CARTESIAN_POINT('',(-38.028237399,-12.793508418,4.736586193));
#4699=CARTESIAN_POINT('',(-37.968188131,-12.753688351,4.736586193));
#4700=CARTESIAN_POINT('',(-37.908138864,-12.713868283,4.736586193));
#4701=CARTESIAN_POINT('',(-37.844836365,-12.68022971,4.736586193));
#4702=CARTESIAN_POINT('',(-37.778370411,-12.652602047,4.736586193));
#4703=CARTESIAN_POINT('',(-37.711904457,-12.624974384,4.736586193));
#4704=CARTESIAN_POINT('',(-37.642067999,-12.603489983,4.736586193));
#4705=CARTESIAN_POINT('',(-37.571881448,-12.58913987,4.736586193));
#4706=CARTESIAN_POINT('',(-37.501694896,-12.574789757,4.736586193));
#4707=CARTESIAN_POINT('',(-37.430459639,-12.567219381,4.736586193));
#4708=CARTESIAN_POINT('',(-37.358073132,-12.567091688,4.736586193));
#4709=CARTESIAN_POINT('',(-37.213300117,-12.566836302,4.736586193));
#4710=CARTESIAN_POINT('',(-37.070519257,-12.596347835,4.736586193));
#4711=CARTESIAN_POINT('',(-36.936955689,-12.651534312,4.736586193));
#4712=CARTESIAN_POINT('',(-36.870173905,-12.67912755,4.736586193));
#4713=CARTESIAN_POINT('',(-36.806828545,-12.712690366,4.736586193));
#4714=CARTESIAN_POINT('',(-36.746929272,-12.752239551,4.736586193));
#4715=CARTESIAN_POINT('',(-36.68703,-12.791788736,4.736586193));
#4716=CARTESIAN_POINT('',(-36.630106789,-12.837927849,4.736586193));
#4717=CARTESIAN_POINT('',(-36.579323175,-12.888643818,4.736586193));
#4718=CARTESIAN_POINT('',(-36.52853956,-12.939359787,4.736586193));
#4719=CARTESIAN_POINT('',(-36.483361322,-12.994836909,4.736586193));
#4720=CARTESIAN_POINT('',(-36.443509115,-13.054837912,4.736586193));
#4721=CARTESIAN_POINT('',(-36.403656909,-13.114838915,4.736586193));
#4722=CARTESIAN_POINT('',(-36.369421803,-13.179247405,4.736586193));
#4723=CARTESIAN_POINT('',(-36.341903839,-13.245453121,4.736586193));
#4724=CARTESIAN_POINT('',(-36.286867911,-13.377864552,4.736586193));
#4725=CARTESIAN_POINT('',(-36.256488112,-13.521816458,4.736586193));
#4726=CARTESIAN_POINT('',(-36.256511626,-13.667089958,4.736586193));
#4727=B_SPLINE_CURVE_WITH_KNOTS('',3,(#4657,#4658,#4659,#4660,#4661,#4662,#4663,#4664,#4665,#4666,#4667,#4668,#4669,#4670,#4671,#4672,#4673,#4674,#4675,#4676,#4677,#4678,#4679,#4680,#4681,#4682,
#4683,#4684,#4685,#4686,#4687,#4688,#4689,#4690,#4691,#4692,#4693,#4694,#4695,#4696,#4697,#4698,#4699,#4700,#4701,#4702,#4703,#4704,#4705,#4706,#4707,
#4708,#4709,#4710,#4711,#4712,#4713,#4714,#4715,#4716,#4717,#4718,#4719,#4720,#4721,#4722,#4723,#4724,#4725,#4726),.UNSPECIFIED.,.T.,.F.,(4,3,3,3,3,3,3,3,3,3,3,3,3,3,3,3,3,3,3,3,3,3,3,4),(0.,0.000214761,0.000429522,0.000644284,0.000859045,0.00171809,0.001932851,0.002147612,0.002362373,0.002577135,0.003006657,0.003221418,0.003436179,0.004295224,0.004509986,0.004724747,0.004939508,0.005154269,0.005583792,0.005798553,0.006013314,0.006228075,0.006442837,0.006872359),.UNSPECIFIED.);
#4728=EDGE_CURVE('',#4656,#4656,#4727,.T.);
#4729=ORIENTED_EDGE('',*,*,#4728,.F.);
#4730=EDGE_LOOP('',(#4729));
#4731=FACE_BOUND('',#4730,.T.);
#4732=ADVANCED_FACE('',(#4654,#4731),#4346,.F.);
#4733=CARTESIAN_POINT('',(-38.974135502,-14.010399332,4.736586193));
#4734=CARTESIAN_POINT('',(-38.974135502,-14.010399332,-0.282563893));
#4735=CARTESIAN_POINT('',(-38.974128444,-14.010431909,4.736586193));
#4736=CARTESIAN_POINT('',(-38.974128444,-14.010431909,-0.282563893));
#4737=CARTESIAN_POINT('',(-38.974121385,-14.010464486,4.736586193));
#4738=CARTESIAN_POINT('',(-38.974121385,-14.010464486,-0.282563893));
#4739=CARTESIAN_POINT('',(-38.974114325,-14.010497063,4.736586193));
#4740=CARTESIAN_POINT('',(-38.974114325,-14.010497063,-0.282563893));
#4741=CARTESIAN_POINT('',(-38.927757729,-14.224402139,4.736586193));
#4742=CARTESIAN_POINT('',(-38.927757729,-14.224402139,-0.282563893));
#4743=CARTESIAN_POINT('',(-38.842874435,-14.422067509,4.736586193));
#4744=CARTESIAN_POINT('',(-38.842874435,-14.422067509,-0.282563893));
#4745=CARTESIAN_POINT('',(-38.719464441,-14.603493173,4.736586193));
#4746=CARTESIAN_POINT('',(-38.719464441,-14.603493173,-0.282563893));
#4747=CARTESIAN_POINT('',(-38.719445571,-14.603520914,4.736586193));
#4748=CARTESIAN_POINT('',(-38.719445571,-14.603520914,-0.282563893));
#4749=CARTESIAN_POINT('',(-38.719426944,-14.603548295,4.736586193));
#4750=CARTESIAN_POINT('',(-38.719426944,-14.603548295,-0.282563893));
#4751=CARTESIAN_POINT('',(-38.719408195,-14.603575855,4.736586193));
#4752=CARTESIAN_POINT('',(-38.719408195,-14.603575855,-0.282563893));
#4753=CARTESIAN_POINT('',(-38.596786916,-14.78381872,4.736586193));
#4754=CARTESIAN_POINT('',(-38.596786916,-14.78381872,-0.282563893));
#4755=CARTESIAN_POINT('',(-38.443151758,-14.933453482,4.736586193));
#4756=CARTESIAN_POINT('',(-38.443151758,-14.933453482,-0.282563893));
#4757=CARTESIAN_POINT('',(-38.25850272,-15.05248014,4.736586193));
#4758=CARTESIAN_POINT('',(-38.25850272,-15.05248014,-0.282563893));
#4759=CARTESIAN_POINT('',(-38.258474612,-15.052498259,4.736586193));
#4760=CARTESIAN_POINT('',(-38.258474612,-15.052498259,-0.282563893));
#4761=CARTESIAN_POINT('',(-38.258446685,-15.052516259,4.736586193));
#4762=CARTESIAN_POINT('',(-38.258446685,-15.052516259,-0.282563893));
#4763=CARTESIAN_POINT('',(-38.258418668,-15.052534317,4.736586193));
#4764=CARTESIAN_POINT('',(-38.258418668,-15.052534317,-0.282563893));
#4765=CARTESIAN_POINT('',(-38.074363605,-15.17116325,4.736586193));
#4766=CARTESIAN_POINT('',(-38.074363605,-15.17116325,-0.282563893));
#4767=CARTESIAN_POINT('',(-37.874609926,-15.251157233,4.736586193));
#4768=CARTESIAN_POINT('',(-37.874609926,-15.251157233,-0.282563893));
#4769=CARTESIAN_POINT('',(-37.659157632,-15.292516266,4.736586193));
#4770=CARTESIAN_POINT('',(-37.659157632,-15.292516266,-0.282563893));
#4771=CARTESIAN_POINT('',(-37.659124643,-15.292522598,4.736586193));
#4772=CARTESIAN_POINT('',(-37.659124643,-15.292522598,-0.282563893));
#4773=CARTESIAN_POINT('',(-37.65909216,-15.292528833,4.736586193));
#4774=CARTESIAN_POINT('',(-37.65909216,-15.292528833,-0.282563893));
#4775=CARTESIAN_POINT('',(-37.659059425,-15.292535115,4.736586193));
#4776=CARTESIAN_POINT('',(-37.659059425,-15.292535115,-0.282563893));
#4777=CARTESIAN_POINT('',(-37.445261233,-15.333563252,4.736586193));
#4778=CARTESIAN_POINT('',(-37.445261233,-15.333563252,-0.282563893));
#4779=CARTESIAN_POINT('',(-37.23091067,-15.331041306,4.736586193));
#4780=CARTESIAN_POINT('',(-37.23091067,-15.331041306,-0.282563893));
#4781=CARTESIAN_POINT('',(-37.016007736,-15.284969279,4.736586193));
#4782=CARTESIAN_POINT('',(-37.016007736,-15.284969279,-0.282563893));
#4783=CARTESIAN_POINT('',(-37.015975064,-15.284962274,4.736586193));
#4784=CARTESIAN_POINT('',(-37.015975064,-15.284962274,-0.282563893));
#4785=CARTESIAN_POINT('',(-37.015942551,-15.284955303,4.736586193));
#4786=CARTESIAN_POINT('',(-37.015942551,-15.284955303,-0.282563893));
#4787=CARTESIAN_POINT('',(-37.015909959,-15.284948314,4.736586193));
#4788=CARTESIAN_POINT('',(-37.015909959,-15.284948314,-0.282563893));
#4789=CARTESIAN_POINT('',(-36.801531854,-15.238976034,4.736586193));
#4790=CARTESIAN_POINT('',(-36.801531854,-15.238976034,-0.282563893));
#4791=CARTESIAN_POINT('',(-36.60369453,-15.154554687,4.736586193));
#4792=CARTESIAN_POINT('',(-36.60369453,-15.154554687,-0.282563893));
#4793=CARTESIAN_POINT('',(-36.422397986,-15.031684274,4.736586193));
#4794=CARTESIAN_POINT('',(-36.422397986,-15.031684274,-0.282563893));
#4795=CARTESIAN_POINT('',(-36.422370385,-15.031665568,4.736586193));
#4796=CARTESIAN_POINT('',(-36.422370385,-15.031665568,-0.282563893));
#4797=CARTESIAN_POINT('',(-36.4223428,-15.031646871,4.736586193));
#4798=CARTESIAN_POINT('',(-36.4223428,-15.031646871,-0.282563893));
#4799=CARTESIAN_POINT('',(-36.422315208,-15.031628169,4.736586193));
#4800=CARTESIAN_POINT('',(-36.422315208,-15.031628169,-0.282563893));
#4801=CARTESIAN_POINT('',(-36.241075836,-14.908780633,4.736586193));
#4802=CARTESIAN_POINT('',(-36.241075836,-14.908780633,-0.282563893));
#4803=CARTESIAN_POINT('',(-36.090672356,-14.754710527,4.736586193));
#4804=CARTESIAN_POINT('',(-36.090672356,-14.754710527,-0.282563893));
#4805=CARTESIAN_POINT('',(-35.971104771,-14.569417849,4.736586193));
#4806=CARTESIAN_POINT('',(-35.971104771,-14.569417849,-0.282563893));
#4807=CARTESIAN_POINT('',(-35.971086568,-14.569389641,4.736586193));
#4808=CARTESIAN_POINT('',(-35.971086568,-14.569389641,-0.282563893));
#4809=CARTESIAN_POINT('',(-35.971068625,-14.569361832,4.736586193));
#4810=CARTESIAN_POINT('',(-35.971068625,-14.569361832,-0.282563893));
#4811=CARTESIAN_POINT('',(-35.971050553,-14.569333823,4.736586193));
#4812=CARTESIAN_POINT('',(-35.971050553,-14.569333823,-0.282563893));
#4813=CARTESIAN_POINT('',(-35.852342141,-14.385349485,4.736586193));
#4814=CARTESIAN_POINT('',(-35.852342141,-14.385349485,-0.282563893));
#4815=CARTESIAN_POINT('',(-35.772332718,-14.185428561,4.736586193));
#4816=CARTESIAN_POINT('',(-35.772332718,-14.185428561,-0.282563893));
#4817=CARTESIAN_POINT('',(-35.731022287,-13.969571051,4.736586193));
#4818=CARTESIAN_POINT('',(-35.731022287,-13.969571051,-0.282563893));
#4819=CARTESIAN_POINT('',(-35.731015976,-13.969538075,4.736586193));
#4820=CARTESIAN_POINT('',(-35.731015976,-13.969538075,-0.282563893));
#4821=CARTESIAN_POINT('',(-35.731009757,-13.969505572,4.736586193));
#4822=CARTESIAN_POINT('',(-35.731009757,-13.969505572,-0.282563893));
#4823=CARTESIAN_POINT('',(-35.731003493,-13.969472833,4.736586193));
#4824=CARTESIAN_POINT('',(-35.731003493,-13.969472833,-0.282563893));
#4825=CARTESIAN_POINT('',(-35.690003417,-13.755167274,4.736586193));
#4826=CARTESIAN_POINT('',(-35.690003417,-13.755167274,-0.282563893));
#4827=CARTESIAN_POINT('',(-35.692643651,-13.540659686,4.736586193));
#4828=CARTESIAN_POINT('',(-35.692643651,-13.540659686,-0.282563893));
#4829=CARTESIAN_POINT('',(-35.738924194,-13.325950069,4.736586193));
#4830=CARTESIAN_POINT('',(-35.738924194,-13.325950069,-0.282563893));
#4831=CARTESIAN_POINT('',(-35.738931241,-13.325917372,4.736586193));
#4832=CARTESIAN_POINT('',(-35.738931241,-13.325917372,-0.282563893));
#4833=CARTESIAN_POINT('',(-35.738938242,-13.325884899,4.736586193));
#4834=CARTESIAN_POINT('',(-35.738938242,-13.325884899,-0.282563893));
#4835=CARTESIAN_POINT('',(-35.738945267,-13.325852315,4.736586193));
#4836=CARTESIAN_POINT('',(-35.738945267,-13.325852315,-0.282563893));
#4837=CARTESIAN_POINT('',(-35.785079431,-13.111881098,4.736586193));
#4838=CARTESIAN_POINT('',(-35.785079431,-13.111881098,-0.282563893));
#4839=CARTESIAN_POINT('',(-35.869707606,-12.914032372,4.736586193));
#4840=CARTESIAN_POINT('',(-35.869707606,-12.914032372,-0.282563893));
#4841=CARTESIAN_POINT('',(-35.992829793,-12.732306135,4.736586193));
#4842=CARTESIAN_POINT('',(-35.992829793,-12.732306135,-0.282563893));
#4843=CARTESIAN_POINT('',(-35.992848641,-12.732278315,4.736586193));
#4844=CARTESIAN_POINT('',(-35.992848641,-12.732278315,-0.282563893));
#4845=CARTESIAN_POINT('',(-35.992867187,-12.732250943,4.736586193));
#4846=CARTESIAN_POINT('',(-35.992867187,-12.732250943,-0.282563893));
#4847=CARTESIAN_POINT('',(-35.992885885,-12.732223349,4.736586193));
#4848=CARTESIAN_POINT('',(-35.992885885,-12.732223349,-0.282563893));
#4849=CARTESIAN_POINT('',(-36.115026126,-12.551969829,4.736586193));
#4850=CARTESIAN_POINT('',(-36.115026126,-12.551969829,-0.282563893));
#4851=CARTESIAN_POINT('',(-36.268309497,-12.402120585,4.736586193));
#4852=CARTESIAN_POINT('',(-36.268309497,-12.402120585,-0.282563893));
#4853=CARTESIAN_POINT('',(-36.452735997,-12.282675617,4.736586193));
#4854=CARTESIAN_POINT('',(-36.452735997,-12.282675617,-0.282563893));
#4855=CARTESIAN_POINT('',(-36.452764045,-12.282657451,4.736586193));
#4856=CARTESIAN_POINT('',(-36.452764045,-12.282657451,-0.282563893));
#4857=CARTESIAN_POINT('',(-36.452791953,-12.282639377,4.736586193));
#4858=CARTESIAN_POINT('',(-36.452791953,-12.282639377,-0.282563893));
#4859=CARTESIAN_POINT('',(-36.452819932,-12.282621259,4.736586193));
#4860=CARTESIAN_POINT('',(-36.452819932,-12.282621259,-0.282563893));
#4861=CARTESIAN_POINT('',(-36.636786751,-12.163488895,4.736586193));
#4862=CARTESIAN_POINT('',(-36.636786751,-12.163488895,-0.282563893));
#4863=CARTESIAN_POINT('',(-36.836331307,-12.083216153,4.736586193));
#4864=CARTESIAN_POINT('',(-36.836331307,-12.083216153,-0.282563893));
#4865=CARTESIAN_POINT('',(-37.0514536,-12.041803035,4.736586193));
#4866=CARTESIAN_POINT('',(-37.0514536,-12.041803035,-0.282563893));
#4867=CARTESIAN_POINT('',(-37.051486355,-12.041796729,4.736586193));
#4868=CARTESIAN_POINT('',(-37.051486355,-12.041796729,-0.282563893));
#4869=CARTESIAN_POINT('',(-37.051519064,-12.041790433,4.736586193));
#4870=CARTESIAN_POINT('',(-37.051519064,-12.041790433,-0.282563893));
#4871=CARTESIAN_POINT('',(-37.051551797,-12.041784134,4.736586193));
#4872=CARTESIAN_POINT('',(-37.051551797,-12.041784134,-0.282563893));
#4873=CARTESIAN_POINT('',(-37.266526061,-12.000412877,4.736586193));
#4874=CARTESIAN_POINT('',(-37.266526061,-12.000412877,-0.282563893));
#4875=CARTESIAN_POINT('',(-37.481764826,-12.002877511,4.736586193));
#4876=CARTESIAN_POINT('',(-37.481764826,-12.002877511,-0.282563893));
#4877=CARTESIAN_POINT('',(-37.697268091,-12.049178036,4.736586193));
#4878=CARTESIAN_POINT('',(-37.697268091,-12.049178036,-0.282563893));
#4879=CARTESIAN_POINT('',(-37.697300869,-12.049185078,4.736586193));
#4880=CARTESIAN_POINT('',(-37.697300869,-12.049185078,-0.282563893));
#4881=CARTESIAN_POINT('',(-37.69733327,-12.04919204,4.736586193));
#4882=CARTESIAN_POINT('',(-37.69733327,-12.04919204,-0.282563893));
#4883=CARTESIAN_POINT('',(-37.697365859,-12.049199044,4.736586193));
#4884=CARTESIAN_POINT('',(-37.697365859,-12.049199044,-0.282563893));
#4885=CARTESIAN_POINT('',(-37.91162439,-12.095244961,4.736586193));
#4886=CARTESIAN_POINT('',(-37.91162439,-12.095244961,-0.282563893));
#4887=CARTESIAN_POINT('',(-38.109705103,-12.17996393,4.736586193));
#4888=CARTESIAN_POINT('',(-38.109705103,-12.17996393,-0.282563893));
#4889=CARTESIAN_POINT('',(-38.291608,-12.30335595,4.736586193));
#4890=CARTESIAN_POINT('',(-38.291608,-12.30335595,-0.282563893));
#4891=CARTESIAN_POINT('',(-38.291635836,-12.303374832,4.736586193));
#4892=CARTESIAN_POINT('',(-38.291635836,-12.303374832,-0.282563893));
#4893=CARTESIAN_POINT('',(-38.29166317,-12.303393375,4.736586193));
#4894=CARTESIAN_POINT('',(-38.29166317,-12.303393375,-0.282563893));
#4895=CARTESIAN_POINT('',(-38.291690754,-12.303412089,4.736586193));
#4896=CARTESIAN_POINT('',(-38.291690754,-12.303412089,-0.282563893));
#4897=CARTESIAN_POINT('',(-38.471944999,-12.425701572,4.736586193));
#4898=CARTESIAN_POINT('',(-38.471944999,-12.425701572,-0.282563893));
#4899=CARTESIAN_POINT('',(-38.621874982,-12.579077128,4.736586193));
#4900=CARTESIAN_POINT('',(-38.621874982,-12.579077128,-0.282563893));
#4901=CARTESIAN_POINT('',(-38.741480704,-12.763538756,4.736586193));
#4902=CARTESIAN_POINT('',(-38.741480704,-12.763538756,-0.282563893));
#4903=CARTESIAN_POINT('',(-38.741498907,-12.763566829,4.736586193));
#4904=CARTESIAN_POINT('',(-38.741498907,-12.763566829,-0.282563893));
#4905=CARTESIAN_POINT('',(-38.741516973,-12.763594693,4.736586193));
#4906=CARTESIAN_POINT('',(-38.741516973,-12.763594693,-0.282563893));
#4907=CARTESIAN_POINT('',(-38.741535106,-12.763622662,4.736586193));
#4908=CARTESIAN_POINT('',(-38.741535106,-12.763622662,-0.282563893));
#4909=CARTESIAN_POINT('',(-38.86068255,-12.947400667,4.736586193));
#4910=CARTESIAN_POINT('',(-38.86068255,-12.947400667,-0.282563893));
#4911=CARTESIAN_POINT('',(-38.94085854,-13.147141727,4.736586193));
#4912=CARTESIAN_POINT('',(-38.94085854,-13.147141727,-0.282563893));
#4913=CARTESIAN_POINT('',(-38.982063077,-13.362845842,4.736586193));
#4914=CARTESIAN_POINT('',(-38.982063077,-13.362845842,-0.282563893));
#4915=CARTESIAN_POINT('',(-38.98206931,-13.362878474,4.736586193));
#4916=CARTESIAN_POINT('',(-38.98206931,-13.362878474,-0.282563893));
#4917=CARTESIAN_POINT('',(-38.982075584,-13.362911324,4.736586193));
#4918=CARTESIAN_POINT('',(-38.982075584,-13.362911324,-0.282563893));
#4919=CARTESIAN_POINT('',(-38.982081837,-13.362944066,4.736586193));
#4920=CARTESIAN_POINT('',(-38.982081837,-13.362944066,-0.282563893));
#4921=CARTESIAN_POINT('',(-39.023410986,-13.579369997,4.736586193));
#4922=CARTESIAN_POINT('',(-39.023410986,-13.579369997,-0.282563893));
#4923=CARTESIAN_POINT('',(-39.020762207,-13.795188419,4.736586193));
#4924=CARTESIAN_POINT('',(-39.020762207,-13.795188419,-0.282563893));
#4925=CARTESIAN_POINT('',(-38.974135502,-14.010399332,4.736586193));
#4926=CARTESIAN_POINT('',(-38.974135502,-14.010399332,-0.282563893));
#4927=B_SPLINE_SURFACE_WITH_KNOTS('',3,1,((#4733,#4734),(#4735,#4736),(#4737,#4738),(#4739,#4740),(#4741,#4742),(#4743,#4744),(#4745,#4746),(#4747,#4748),(#4749,#4750),(#4751,#4752),(#4753,#4754),(#4755,#4756),(#4757,#4758),(#4759,#4760),(#4761,#4762),(#4763,#4764),(#4765,#4766),(#4767,#4768),(#4769,#4770),(#4771,#4772),(#4773,#4774),(#4775,#4776),(#4777,#4778),(#4779,#4780),(#4781,#4782),(#4783,#4784),
(#4785,#4786),(#4787,#4788),(#4789,#4790),(#4791,#4792),(#4793,#4794),(#4795,#4796),(#4797,#4798),(#4799,#4800),(#4801,#4802),(#4803,#4804),(#4805,#4806),(#4807,#4808),(#4809,#4810),(#4811,#4812),(#4813,#4814),(#4815,#4816),(#4817,#4818),(#4819,#4820),(#4821,#4822),(#4823,#4824),(#4825,#4826),(#4827,#4828),(#4829,#4830),(#4831,#4832),(#4833,#4834),
(#4835,#4836),(#4837,#4838),(#4839,#4840),(#4841,#4842),(#4843,#4844),(#4845,#4846),(#4847,#4848),(#4849,#4850),(#4851,#4852),(#4853,#4854),(#4855,#4856),(#4857,#4858),(#4859,#4860),(#4861,#4862),(#4863,#4864),(#4865,#4866),(#4867,#4868),(#4869,#4870),(#4871,#4872),(#4873,#4874),(#4875,#4876),(#4877,#4878),(#4879,#4880),(#4881,#4882),(#4883,#4884),
(#4885,#4886),(#4887,#4888),(#4889,#4890),(#4891,#4892),(#4893,#4894),(#4895,#4896),(#4897,#4898),(#4899,#4900),(#4901,#4902),(#4903,#4904),(#4905,#4906),(#4907,#4908),(#4909,#4910),(#4911,#4912),(#4913,#4914),(#4915,#4916),(#4917,#4918),(#4919,#4920),(#4921,#4922),(#4923,#4924),(#4925,#4926)),.UNSPECIFIED.,.T.,.F.,.U.,(4,3,3,3,3,3,3,3,3,3,3,3,3,3,3,3,3,3,3,3,3,3,3,3,3,3,
3,3,3,3,3,3,4),(2,2),(0.,0.000009517,0.0625,0.062509555,0.125,0.125009513,0.1875,0.187509568,0.25,0.2500095,0.3125,0.312509514,0.375,0.375009513,0.4375,0.437509547,0.5,0.500009516,0.5625,0.562509567,0.625,0.625009504,0.6875,0.687509515,0.75,0.750009505,
0.8125,0.812509563,0.875,0.87500951,0.9375,0.937509454,1.),(0.,1.),.UNSPECIFIED.);
#4928=CARTESIAN_POINT('',(-38.974135502,-14.010399332,-0.282563893));
#4929=CARTESIAN_POINT('',(-38.974135502,-14.010399332,1.390486136));
#4930=CARTESIAN_POINT('',(-38.974135502,-14.010399332,3.063536164));
#4931=CARTESIAN_POINT('',(-38.974135502,-14.010399332,4.736586193));
#4932=B_SPLINE_CURVE_WITH_KNOTS('',3,(#4928,#4929,#4930,#4931),.UNSPECIFIED.,.F.,.F.,(4,4),(0.,1.),.UNSPECIFIED.);
#4933=EDGE_CURVE('',#4006,#4348,#4932,.T.);
#4934=ORIENTED_EDGE('',*,*,#4933,.T.);
#4935=ORIENTED_EDGE('',*,*,#4651,.T.);
#4936=ORIENTED_EDGE('',*,*,#4933,.F.);
#4937=ORIENTED_EDGE('',*,*,#4099,.F.);
#4938=CARTESIAN_POINT('',(-36.507455336,-12.248079629,-0.288025679));
#4939=CARTESIAN_POINT('',(-36.403163981,-12.310812961,-0.183734324));
#4940=CARTESIAN_POINT('',(-36.303894814,-12.384536301,-0.084465157));
#4941=CARTESIAN_POINT('',(-36.21133142,-12.47315509,0.008098237));
#4942=CARTESIAN_POINT('',(-36.164744032,-12.517757148,0.054685625));
#4943=CARTESIAN_POINT('',(-36.119865831,-12.566155803,0.099563826));
#4944=CARTESIAN_POINT('',(-36.076971338,-12.61896084,0.142458319));
#4945=CARTESIAN_POINT('',(-36.034076844,-12.671765877,0.185352813));
#4946=CARTESIAN_POINT('',(-35.993187803,-12.729198874,0.226241854));
#4947=CARTESIAN_POINT('',(-35.955660796,-12.789534179,0.263768861));
#4948=CARTESIAN_POINT('',(-35.91813379,-12.849869484,0.301295867));
#4949=CARTESIAN_POINT('',(-35.883668374,-12.91353824,0.335761283));
#4950=CARTESIAN_POINT('',(-35.852839849,-12.981166831,0.366589808));
#4951=CARTESIAN_POINT('',(-35.822011324,-13.048795422,0.397418333));
#4952=CARTESIAN_POINT('',(-35.79471684,-13.120987483,0.424712816));
#4953=CARTESIAN_POINT('',(-35.772529996,-13.195091695,0.446899661));
#4954=CARTESIAN_POINT('',(-35.750343151,-13.269195907,0.469086506));
#4955=CARTESIAN_POINT('',(-35.732847879,-13.34557354,0.486581778));
#4956=CARTESIAN_POINT('',(-35.720735137,-13.424559414,0.49869452));
#4957=CARTESIAN_POINT('',(-35.708622396,-13.503545289,0.510807261));
#4958=CARTESIAN_POINT('',(-35.702243821,-13.58477018,0.517185836));
#4959=CARTESIAN_POINT('',(-35.702115834,-13.664799865,0.517313823));
#4960=CARTESIAN_POINT('',(-35.701859858,-13.824859236,0.517569799));
#4961=CARTESIAN_POINT('',(-35.727161191,-13.986379279,0.492268466));
#4962=CARTESIAN_POINT('',(-35.771184765,-14.135019335,0.448244891));
#4963=CARTESIAN_POINT('',(-35.793196553,-14.209339363,0.426233104));
#4964=CARTESIAN_POINT('',(-35.820306317,-14.281633496,0.39912334));
#4965=CARTESIAN_POINT('',(-35.851045651,-14.349513141,0.368384006));
#4966=CARTESIAN_POINT('',(-35.881784985,-14.417392785,0.337644672));
#4967=CARTESIAN_POINT('',(-35.916129111,-14.481160634,0.303300546));
#4968=CARTESIAN_POINT('',(-35.953469232,-14.541511111,0.265960425));
#4969=CARTESIAN_POINT('',(-36.028149473,-14.662212066,0.191280184));
#4970=CARTESIAN_POINT('',(-36.115747822,-14.769429231,0.103681835));
#4971=CARTESIAN_POINT('',(-36.20915814,-14.859247339,0.010271517));
#4972=CARTESIAN_POINT('',(-36.30231543,-14.948822148,-0.082885773));
#4973=CARTESIAN_POINT('',(-36.402182771,-15.023066319,-0.182753114));
#4974=CARTESIAN_POINT('',(-36.507028213,-15.086086945,-0.287598556));
#4975=B_SPLINE_CURVE_WITH_KNOTS('',3,(#4938,#4939,#4940,#4941,#4942,#4943,#4944,#4945,#4946,#4947,#4948,#4949,#4950,#4951,#4952,#4953,#4954,#4955,#4956,#4957,#4958,#4959,#4960,#4961,#4962,#4963,
#4964,#4965,#4966,#4967,#4968,#4969,#4970,#4971,#4972,#4973,#4974),.UNSPECIFIED.,.F.,.F.,(4,3,3,3,3,3,3,3,3,3,3,3,4),(0.000003761,0.000477813,0.000716404,0.000954996,0.001193587,0.001432178,0.00167077,0.001909361,0.002386544,0.002625135,0.002863727,0.003340909,0.0038168),.UNSPECIFIED.);
#4976=EDGE_CURVE('',#3999,#4102,#4975,.T.);
#4977=ORIENTED_EDGE('',*,*,#4976,.T.);
#4978=ORIENTED_EDGE('',*,*,#4174,.F.);
#4979=EDGE_LOOP('',(#4934,#4935,#4936,#4937,#4977,#4978));
#4980=FACE_BOUND('',#4979,.T.);
#4981=ADVANCED_FACE('',(#4980),#4927,.T.);
#4982=CARTESIAN_POINT('',(-49.086677835,-35.182007686,6.077389024));
#4983=DIRECTION('',(0.,0.,-1.));
#4984=DIRECTION('',(-1.,0.,0.));
#4985=AXIS2_PLACEMENT_3D('',#4982,#4983,#4984);
#4986=PLANE('',#4985);
#4987=CARTESIAN_POINT('',(-36.256511626,-13.667089958,6.077389024));
#4988=VERTEX_POINT('',#4987);
#4989=CARTESIAN_POINT('',(-36.256511626,-13.667089958,6.077389024));
#4990=CARTESIAN_POINT('',(-36.256499863,-13.594418781,6.077389024));
#4991=CARTESIAN_POINT('',(-36.264007215,-13.523059892,6.077389024));
#4992=CARTESIAN_POINT('',(-36.278274714,-13.452880832,6.077389024));
#4993=CARTESIAN_POINT('',(-36.292542213,-13.382701771,6.077389024));
#4994=CARTESIAN_POINT('',(-36.313896155,-13.313013058,6.077389024));
#4995=CARTESIAN_POINT('',(-36.3414996,-13.246426961,6.077389024));
#4996=CARTESIAN_POINT('',(-36.369103046,-13.179840864,6.077389024));
#4997=CARTESIAN_POINT('',(-36.402681353,-13.116565552,6.077389024));
#4998=CARTESIAN_POINT('',(-36.442312072,-13.056643997,6.077389024));
#4999=CARTESIAN_POINT('',(-36.481942791,-12.996722443,6.077389024));
#5000=CARTESIAN_POINT('',(-36.528109418,-12.939865221,6.077389024));
#5001=CARTESIAN_POINT('',(-36.578774214,-12.889192456,6.077389024));
#5002=CARTESIAN_POINT('',(-36.7814334,-12.686501395,6.077389024));
#5003=CARTESIAN_POINT('',(-37.069296039,-12.567282046,6.077389024));
#5004=CARTESIAN_POINT('',(-37.355538323,-12.567090301,6.077389024));
#5005=CARTESIAN_POINT('',(-37.427098893,-12.567042365,6.077389024));
#5006=CARTESIAN_POINT('',(-37.499812248,-12.574508983,6.077389024));
#5007=CARTESIAN_POINT('',(-37.570358885,-12.588829684,6.077389024));
#5008=CARTESIAN_POINT('',(-37.640905523,-12.603150384,6.077389024));
#5009=CARTESIAN_POINT('',(-37.709443625,-12.624129931,6.077389024));
#5010=CARTESIAN_POINT('',(-37.776015976,-12.65162649,6.077389024));
#5011=CARTESIAN_POINT('',(-37.842588327,-12.679123048,6.077389024));
#5012=CARTESIAN_POINT('',(-37.907079732,-12.713295085,6.077389024));
#5013=CARTESIAN_POINT('',(-37.96681753,-12.752780938,6.077389024));
#5014=CARTESIAN_POINT('',(-38.026555328,-12.792266792,6.077389024));
#5015=CARTESIAN_POINT('',(-38.082282958,-12.837321609,6.077389024));
#5016=CARTESIAN_POINT('',(-38.133582149,-12.888526244,6.077389024));
#5017=CARTESIAN_POINT('',(-38.236180532,-12.990935514,6.077389024));
#5018=CARTESIAN_POINT('',(-38.316036847,-13.112785044,6.077389024));
#5019=CARTESIAN_POINT('',(-38.371337436,-13.246129583,6.077389024));
#5020=CARTESIAN_POINT('',(-38.39898773,-13.312801852,6.077389024));
#5021=CARTESIAN_POINT('',(-38.420037824,-13.381308967,6.077389024));
#5022=CARTESIAN_POINT('',(-38.434433432,-13.45166602,6.077389024));
#5023=CARTESIAN_POINT('',(-38.448829039,-13.522023073,6.077389024));
#5024=CARTESIAN_POINT('',(-38.456455242,-13.594891418,6.077389024));
#5025=CARTESIAN_POINT('',(-38.456511482,-13.666598563,6.077389024));
#5026=CARTESIAN_POINT('',(-38.45673644,-13.953427142,6.077389024));
#5027=CARTESIAN_POINT('',(-38.337514935,-14.241288121,6.077389024));
#5028=CARTESIAN_POINT('',(-38.135381114,-14.44385414,6.077389024));
#5029=CARTESIAN_POINT('',(-38.084847659,-14.494495645,6.077389024));
#5030=CARTESIAN_POINT('',(-38.028236628,-14.540611319,6.077389024));
#5031=CARTESIAN_POINT('',(-37.968194323,-14.58042688,6.077389024));
#5032=CARTESIAN_POINT('',(-37.908152019,-14.620242441,6.077389024));
#5033=CARTESIAN_POINT('',(-37.844856646,-14.653892143,6.077389024));
#5034=CARTESIAN_POINT('',(-37.778392018,-14.681534845,6.077389024));
#5035=CARTESIAN_POINT('',(-37.71192739,-14.709177548,6.077389024));
#5036=CARTESIAN_POINT('',(-37.6421023,-14.730675028,6.077389024));
#5037=CARTESIAN_POINT('',(-37.571923543,-14.745033953,6.077389024));
#5038=CARTESIAN_POINT('',(-37.501744786,-14.759392878,6.077389024));
#5039=CARTESIAN_POINT('',(-37.430511555,-14.766967567,6.077389024));
#5040=CARTESIAN_POINT('',(-37.358119815,-14.767088686,6.077389024));
#5041=CARTESIAN_POINT('',(-37.213336336,-14.767330925,6.077389024));
#5042=CARTESIAN_POINT('',(-37.07054854,-14.737805827,6.077389024));
#5043=CARTESIAN_POINT('',(-36.936992571,-14.682637871,6.077389024));
#5044=CARTESIAN_POINT('',(-36.870214586,-14.655053894,6.077389024));
#5045=CARTESIAN_POINT('',(-36.806865644,-14.621502381,6.077389024));
#5046=CARTESIAN_POINT('',(-36.746959773,-14.581958919,6.077389024));
#5047=CARTESIAN_POINT('',(-36.687053901,-14.542415457,6.077389024));
#5048=CARTESIAN_POINT('',(-36.630125262,-14.496278377,6.077389024));
#5049=CARTESIAN_POINT('',(-36.579348982,-14.445561699,6.077389024));
#5050=CARTESIAN_POINT('',(-36.528572703,-14.39484502,6.077389024));
#5051=CARTESIAN_POINT('',(-36.483404143,-14.339360278,6.077389024));
#5052=CARTESIAN_POINT('',(-36.443559568,-14.279348723,6.077389024));
#5053=CARTESIAN_POINT('',(-36.403714994,-14.219337168,6.077389024));
#5054=CARTESIAN_POINT('',(-36.369493335,-14.154930009,6.077389024));
#5055=CARTESIAN_POINT('',(-36.341977793,-14.088721873,6.077389024));
#5056=CARTESIAN_POINT('',(-36.28694671,-13.956305601,6.077389024));
#5057=CARTESIAN_POINT('',(-36.25653514,-13.812362191,6.077389024));
#5058=CARTESIAN_POINT('',(-36.256511626,-13.667089958,6.077389024));
#5059=B_SPLINE_CURVE_WITH_KNOTS('',3,(#4989,#4990,#4991,#4992,#4993,#4994,#4995,#4996,#4997,#4998,#4999,#5000,#5001,#5002,#5003,#5004,#5005,#5006,#5007,#5008,#5009,#5010,#5011,#5012,#5013,#5014,
#5015,#5016,#5017,#5018,#5019,#5020,#5021,#5022,#5023,#5024,#5025,#5026,#5027,#5028,#5029,#5030,#5031,#5032,#5033,#5034,#5035,#5036,#5037,#5038,#5039,
#5040,#5041,#5042,#5043,#5044,#5045,#5046,#5047,#5048,#5049,#5050,#5051,#5052,#5053,#5054,#5055,#5056,#5057,#5058),.UNSPECIFIED.,.T.,.F.,(4,3,3,3,3,3,3,3,3,3,3,3,3,3,3,3,3,3,3,3,3,3,3,4),(0.,0.000214761,0.000429522,0.000644283,0.000859045,0.001718089,0.00193285,0.002147611,0.002362372,0.002577134,0.003006656,0.003221417,0.003436178,0.004295223,0.004509984,0.004724745,0.004939506,0.005154267,0.005583789,0.005798551,0.006013312,0.006228073,0.006442834,0.006872356),.UNSPECIFIED.);
#5060=EDGE_CURVE('',#4988,#4988,#5059,.T.);
#5061=ORIENTED_EDGE('',*,*,#5060,.F.);
#5062=EDGE_LOOP('',(#5061));
#5063=FACE_BOUND('',#5062,.T.);
#5064=ADVANCED_FACE('',(#5063),#4986,.T.);
#5065=CARTESIAN_POINT('',(-36.256511626,-13.667089958,4.736586193));
#5066=CARTESIAN_POINT('',(-36.256511626,-13.667089958,6.077389024));
#5067=CARTESIAN_POINT('',(-36.25651162,-13.667056624,4.736586193));
#5068=CARTESIAN_POINT('',(-36.25651162,-13.667056624,6.077389024));
#5069=CARTESIAN_POINT('',(-36.256511617,-13.667023291,4.736586193));
#5070=CARTESIAN_POINT('',(-36.256511617,-13.667023291,6.077389024));
#5071=CARTESIAN_POINT('',(-36.256511614,-13.666989958,4.736586193));
#5072=CARTESIAN_POINT('',(-36.256511614,-13.666989958,6.077389024));
#5073=CARTESIAN_POINT('',(-36.256492793,-13.379520319,4.736586193));
#5074=CARTESIAN_POINT('',(-36.256492793,-13.379520319,6.077389024));
#5075=CARTESIAN_POINT('',(-36.494965341,-12.805010584,4.736586193));
#5076=CARTESIAN_POINT('',(-36.494965341,-12.805010584,6.077389024));
#5077=CARTESIAN_POINT('',(-37.355623821,-12.448250518,4.736586193));
#5078=CARTESIAN_POINT('',(-37.355623821,-12.448250518,6.077389024));
#5079=CARTESIAN_POINT('',(-38.218137916,-12.804514232,4.736586193));
#5080=CARTESIAN_POINT('',(-38.218137916,-12.804514232,6.077389024));
#5081=CARTESIAN_POINT('',(-38.575402904,-13.666932655,4.736586193));
#5082=CARTESIAN_POINT('',(-38.575402904,-13.666932655,6.077389024));
#5083=CARTESIAN_POINT('',(-38.21931981,-14.527961915,4.736586193));
#5084=CARTESIAN_POINT('',(-38.21931981,-14.527961915,6.077389024));
#5085=CARTESIAN_POINT('',(-37.357819192,-14.886132967,4.736586193));
#5086=CARTESIAN_POINT('',(-37.357819192,-14.886132967,6.077389024));
#5087=CARTESIAN_POINT('',(-36.49521097,-14.530042524,4.736586193));
#5088=CARTESIAN_POINT('',(-36.49521097,-14.530042524,6.077389024));
#5089=CARTESIAN_POINT('',(-36.256558108,-13.954592983,4.736586193));
#5090=CARTESIAN_POINT('',(-36.256558108,-13.954592983,6.077389024));
#5091=CARTESIAN_POINT('',(-36.256511626,-13.667089958,4.736586193));
#5092=CARTESIAN_POINT('',(-36.256511626,-13.667089958,6.077389024));
#5093=B_SPLINE_SURFACE_WITH_KNOTS('',3,1,((#5065,#5066),(#5067,#5068),(#5069,#5070),(#5071,#5072),(#5073,#5074),(#5075,#5076),(#5077,#5078),(#5079,#5080),(#5081,#5082),(#5083,#5084),(#5085,#5086),(#5087,#5088),(#5089,#5090),(#5091,#5092)),.UNSPECIFIED.,.T.,.F.,.U.,(4,3,1,1,1,1,1,1,1,4),(2,2),(0.,0.0000001,0.000859679,0.001719357,0.002579036,0.003438715,0.004298394,0.005158072,0.006017751,0.00687743),(2.344132422,3.020334534),.UNSPECIFIED.);
#5094=CARTESIAN_POINT('',(-36.256511626,-13.667089958,6.077389024));
#5095=CARTESIAN_POINT('',(-36.256511626,-13.667089958,5.630454747));
#5096=CARTESIAN_POINT('',(-36.256511626,-13.667089958,5.18352047));
#5097=CARTESIAN_POINT('',(-36.256511626,-13.667089958,4.736586193));
#5098=B_SPLINE_CURVE_WITH_KNOTS('',3,(#5094,#5095,#5096,#5097),.UNSPECIFIED.,.F.,.F.,(4,4),(1.827118853,2.503320965),.UNSPECIFIED.);
#5099=EDGE_CURVE('',#4988,#4656,#5098,.T.);
#5100=ORIENTED_EDGE('',*,*,#5099,.F.);
#5101=ORIENTED_EDGE('',*,*,#5060,.T.);
#5102=ORIENTED_EDGE('',*,*,#5099,.T.);
#5103=ORIENTED_EDGE('',*,*,#4728,.T.);
#5104=EDGE_LOOP('',(#5100,#5101,#5102,#5103));
#5105=FACE_BOUND('',#5104,.T.);
#5106=ADVANCED_FACE('',(#5105),#5093,.F.);
#5107=CARTESIAN_POINT('',(15.847600964,-29.335405593,1.183477243));
#5108=DIRECTION('',(-0.000142549,0.707106767,-0.707106781));
#5109=DIRECTION('',(0.99999998,0.000201594,-0.));
#5110=AXIS2_PLACEMENT_3D('',#5107,#5108,#5109);
#5111=PLANE('',#5110);
#5112=CARTESIAN_POINT('',(15.670837809,-29.336758277,1.182371604));
#5113=VERTEX_POINT('',#5112);
#5114=CARTESIAN_POINT('',(13.727716443,-30.797940851,-0.278630629));
#5115=CARTESIAN_POINT('',(15.670837457,-29.336652352,1.182266119));
#5116=B_SPLINE_CURVE_WITH_KNOTS('',1,(#5114,#5115),.UNSPECIFIED.,.F.,.F.,(2,2),(0.000000187,1.034947289),.UNSPECIFIED.);
#5117=EDGE_CURVE('',#3822,#5113,#5116,.T.);
#5118=ORIENTED_EDGE('',*,*,#5117,.F.);
#5119=ORIENTED_EDGE('',*,*,#3826,.F.);
#5120=ORIENTED_EDGE('',*,*,#1442,.F.);
#5121=CARTESIAN_POINT('',(15.670837809,-29.336652087,1.182266383));
#5122=CARTESIAN_POINT('',(13.583058513,-29.302851932,1.216487423));
#5123=B_SPLINE_CURVE_WITH_KNOTS('',1,(#5121,#5122),.UNSPECIFIED.,.F.,.F.,(2,2),(0.904594044,1.),.UNSPECIFIED.);
#5124=EDGE_CURVE('',#5113,#1431,#5123,.T.);
#5125=ORIENTED_EDGE('',*,*,#5124,.F.);
#5126=EDGE_LOOP('',(#5118,#5119,#5120,#5125));
#5127=FACE_BOUND('',#5126,.T.);
#5128=ADVANCED_FACE('',(#5127),#5111,.T.);
#5129=CARTESIAN_POINT('',(20.713917092,-30.111068806,0.408270549));
#5130=DIRECTION('',(0.,0.707106781,-0.707106781));
#5131=DIRECTION('',(0.,0.707106781,0.707106781));
#5132=AXIS2_PLACEMENT_3D('',#5129,#5130,#5131);
#5133=PLANE('',#5132);
#5134=ORIENTED_EDGE('',*,*,#1267,.T.);
#5135=ORIENTED_EDGE('',*,*,#4303,.F.);
#5136=ORIENTED_EDGE('',*,*,#3147,.F.);
#5137=ORIENTED_EDGE('',*,*,#3099,.F.);
#5138=ORIENTED_EDGE('',*,*,#3831,.T.);
#5139=ORIENTED_EDGE('',*,*,#5117,.T.);
#5140=CARTESIAN_POINT('',(18.377847847,-29.337000077,1.182339278));
#5141=CARTESIAN_POINT('',(15.670837809,-29.336862529,1.182476825));
#5142=B_SPLINE_CURVE_WITH_KNOTS('',1,(#5140,#5141),.UNSPECIFIED.,.F.,.F.,(2,2),(0.,2.707010061),.UNSPECIFIED.);
#5143=EDGE_CURVE('',#1919,#5113,#5142,.T.);
#5144=ORIENTED_EDGE('',*,*,#5143,.F.);
#5145=ORIENTED_EDGE('',*,*,#1924,.T.);
#5146=ORIENTED_EDGE('',*,*,#1916,.T.);
#5147=EDGE_LOOP('',(#5134,#5135,#5136,#5137,#5138,#5139,#5144,#5145,#5146));
#5148=FACE_BOUND('',#5147,.T.);
#5149=ADVANCED_FACE('',(#5148),#5133,.T.);
#5150=CARTESIAN_POINT('',(20.713917092,-29.338131681,1.181194987));
#5151=DIRECTION('',(0.,-0.711037576,0.703154013));
#5152=DIRECTION('',(0.,-0.703154013,-0.711037576));
#5153=AXIS2_PLACEMENT_3D('',#5150,#5151,#5152);
#5154=PLANE('',#5153);
#5155=ORIENTED_EDGE('',*,*,#5143,.T.);
#5156=ORIENTED_EDGE('',*,*,#5124,.T.);
#5157=ORIENTED_EDGE('',*,*,#1435,.T.);
#5158=ORIENTED_EDGE('',*,*,#3792,.F.);
#5159=ORIENTED_EDGE('',*,*,#2536,.T.);
#5160=ORIENTED_EDGE('',*,*,#2575,.T.);
#5161=ORIENTED_EDGE('',*,*,#2569,.T.);
#5162=ORIENTED_EDGE('',*,*,#3185,.T.);
#5163=ORIENTED_EDGE('',*,*,#1932,.F.);
#5164=EDGE_LOOP('',(#5155,#5156,#5157,#5158,#5159,#5160,#5161,#5162,#5163));
#5165=FACE_BOUND('',#5164,.T.);
#5166=ADVANCED_FACE('',(#5165),#5154,.F.);
#5167=CARTESIAN_POINT('',(18.178964468,-15.941923322,1.053833373));
#5168=DIRECTION('',(0.,-0.707106781,-0.707106781));
#5169=DIRECTION('',(-1.,0.,0.));
#5170=AXIS2_PLACEMENT_3D('',#5167,#5168,#5169);
#5171=PLANE('',#5170);
#5172=ORIENTED_EDGE('',*,*,#2184,.T.);
#5173=ORIENTED_EDGE('',*,*,#2828,.F.);
#5174=ORIENTED_EDGE('',*,*,#3023,.F.);
#5175=CARTESIAN_POINT('',(17.898799746,-14.608888055,-0.279201894));
#5176=CARTESIAN_POINT('',(17.403468833,-15.338745499,0.45065555));
#5177=CARTESIAN_POINT('',(16.521401124,-15.337668312,0.449578363));
#5178=CARTESIAN_POINT('',(15.639333415,-15.336591124,0.448501176));
#5179=CARTESIAN_POINT('',(15.145786591,-14.605526056,-0.282563893));
#5180=(BOUNDED_CURVE()
B_SPLINE_CURVE(2,(#5175,#5176,#5177,#5178,#5179),.UNSPECIFIED.,.F.,.F.)
B_SPLINE_CURVE_WITH_KNOTS((3,2,3),(124.16348415,180.069969979,235.976455808),.UNSPECIFIED.)
CURVE()
GEOMETRIC_REPRESENTATION_ITEM()
RATIONAL_B_SPLINE_CURVE((1.,0.883330418,1.,0.883330418,1.))
REPRESENTATION_ITEM(''));
#5181=EDGE_CURVE('',#1493,#3012,#5180,.T.);
#5182=ORIENTED_EDGE('',*,*,#5181,.F.);
#5183=ORIENTED_EDGE('',*,*,#1497,.F.);
#5184=ORIENTED_EDGE('',*,*,#1805,.F.);
#5185=ORIENTED_EDGE('',*,*,#1799,.F.);
#5186=ORIENTED_EDGE('',*,*,#3871,.F.);
#5187=ORIENTED_EDGE('',*,*,#3850,.T.);
#5188=ORIENTED_EDGE('',*,*,#2974,.F.);
#5189=ORIENTED_EDGE('',*,*,#3079,.T.);
#5190=ORIENTED_EDGE('',*,*,#3038,.T.);
#5191=EDGE_LOOP('',(#5172,#5173,#5174,#5182,#5183,#5184,#5185,#5186,#5187,#5188,#5189,#5190));
#5192=FACE_BOUND('',#5191,.T.);
#5193=ADVANCED_FACE('',(#5192),#5171,.T.);
#5194=CARTESIAN_POINT('',(16.523431013,-13.675469268,4.963447312));
#5195=DIRECTION('',(0.,0.,-1.));
#5196=DIRECTION('',(-1.,0.,0.));
#5197=AXIS2_PLACEMENT_3D('',#5194,#5195,#5196);
#5198=PLANE('',#5197);
#5199=CARTESIAN_POINT('',(14.950379595,-14.21251584,4.963447312));
#5200=VERTEX_POINT('',#5199);
#5201=CARTESIAN_POINT('',(16.523431013,-12.013268984,4.963447312));
#5202=VERTEX_POINT('',#5201);
#5203=CARTESIAN_POINT('',(16.523431013,-13.675469268,4.963447312));
#5204=DIRECTION('',(0.,0.,-1.));
#5205=DIRECTION('',(0.,1.,0.));
#5206=AXIS2_PLACEMENT_3D('',#5203,#5204,#5205);
#5207=CIRCLE('',#5206,1.662200284);
#5208=EDGE_CURVE('',#5200,#5202,#5207,.T.);
#5209=ORIENTED_EDGE('',*,*,#5208,.T.);
#5210=CARTESIAN_POINT('',(16.523431013,-13.675469268,4.963447312));
#5211=DIRECTION('',(0.,0.,-1.));
#5212=DIRECTION('',(0.,1.,0.));
#5213=AXIS2_PLACEMENT_3D('',#5210,#5211,#5212);
#5214=CIRCLE('',#5213,1.662200284);
#5215=EDGE_CURVE('',#5202,#5200,#5214,.T.);
#5216=ORIENTED_EDGE('',*,*,#5215,.T.);
#5217=EDGE_LOOP('',(#5209,#5216));
#5218=FACE_BOUND('',#5217,.T.);
#5219=CARTESIAN_POINT('',(17.623488374,-13.667089958,4.963447312));
#5220=VERTEX_POINT('',#5219);
#5221=CARTESIAN_POINT('',(17.623488374,-13.667089958,4.963447312));
#5222=CARTESIAN_POINT('',(17.623500137,-13.594418781,4.963447312));
#5223=CARTESIAN_POINT('',(17.615992785,-13.523059892,4.963447312));
#5224=CARTESIAN_POINT('',(17.601725286,-13.452880832,4.963447312));
#5225=CARTESIAN_POINT('',(17.587457787,-13.382701771,4.963447312));
#5226=CARTESIAN_POINT('',(17.566103845,-13.313013058,4.963447312));
#5227=CARTESIAN_POINT('',(17.5385004,-13.246426961,4.963447312));
#5228=CARTESIAN_POINT('',(17.510896954,-13.179840864,4.963447312));
#5229=CARTESIAN_POINT('',(17.477318647,-13.116565552,4.963447312));
#5230=CARTESIAN_POINT('',(17.437687928,-13.056643997,4.963447312));
#5231=CARTESIAN_POINT('',(17.398057209,-12.996722443,4.963447312));
#5232=CARTESIAN_POINT('',(17.351890582,-12.939865221,4.963447312));
#5233=CARTESIAN_POINT('',(17.301225786,-12.889192456,4.963447312));
#5234=CARTESIAN_POINT('',(17.0985666,-12.686501395,4.963447312));
#5235=CARTESIAN_POINT('',(16.810703961,-12.567282046,4.963447312));
#5236=CARTESIAN_POINT('',(16.524461677,-12.567090301,4.963447312));
#5237=CARTESIAN_POINT('',(16.452901107,-12.567042365,4.963447312));
#5238=CARTESIAN_POINT('',(16.380187752,-12.574508983,4.963447312));
#5239=CARTESIAN_POINT('',(16.309641115,-12.588829684,4.963447312));
#5240=CARTESIAN_POINT('',(16.239094477,-12.603150384,4.963447312));
#5241=CARTESIAN_POINT('',(16.170556375,-12.624129931,4.963447312));
#5242=CARTESIAN_POINT('',(16.103984024,-12.65162649,4.963447312));
#5243=CARTESIAN_POINT('',(16.037411673,-12.679123048,4.963447312));
#5244=CARTESIAN_POINT('',(15.972920268,-12.713295085,4.963447312));
#5245=CARTESIAN_POINT('',(15.91318247,-12.752780938,4.963447312));
#5246=CARTESIAN_POINT('',(15.853444672,-12.792266792,4.963447312));
#5247=CARTESIAN_POINT('',(15.797717042,-12.837321609,4.963447312));
#5248=CARTESIAN_POINT('',(15.746417851,-12.888526244,4.963447312));
#5249=CARTESIAN_POINT('',(15.643819468,-12.990935514,4.963447312));
#5250=CARTESIAN_POINT('',(15.563963153,-13.112785044,4.963447312));
#5251=CARTESIAN_POINT('',(15.508662564,-13.246129583,4.963447312));
#5252=CARTESIAN_POINT('',(15.48101227,-13.312801852,4.963447312));
#5253=CARTESIAN_POINT('',(15.459962176,-13.381308967,4.963447312));
#5254=CARTESIAN_POINT('',(15.445566568,-13.45166602,4.963447312));
#5255=CARTESIAN_POINT('',(15.431170961,-13.522023073,4.963447312));
#5256=CARTESIAN_POINT('',(15.423544758,-13.594891418,4.963447312));
#5257=CARTESIAN_POINT('',(15.423488518,-13.666598563,4.963447312));
#5258=CARTESIAN_POINT('',(15.42326356,-13.953427142,4.963447312));
#5259=CARTESIAN_POINT('',(15.542485065,-14.241288121,4.963447312));
#5260=CARTESIAN_POINT('',(15.744618886,-14.44385414,4.963447312));
#5261=CARTESIAN_POINT('',(15.795152341,-14.494495645,4.963447312));
#5262=CARTESIAN_POINT('',(15.851763372,-14.540611319,4.963447312));
#5263=CARTESIAN_POINT('',(15.911805677,-14.58042688,4.963447312));
#5264=CARTESIAN_POINT('',(15.971847981,-14.620242441,4.963447312));
#5265=CARTESIAN_POINT('',(16.035143354,-14.653892143,4.963447312));
#5266=CARTESIAN_POINT('',(16.101607982,-14.681534845,4.963447312));
#5267=CARTESIAN_POINT('',(16.16807261,-14.709177548,4.963447312));
#5268=CARTESIAN_POINT('',(16.2378977,-14.730675028,4.963447312));
#5269=CARTESIAN_POINT('',(16.308076457,-14.745033953,4.963447312));
#5270=CARTESIAN_POINT('',(16.378255214,-14.759392878,4.963447312));
#5271=CARTESIAN_POINT('',(16.449488445,-14.766967567,4.963447312));
#5272=CARTESIAN_POINT('',(16.521880185,-14.767088686,4.963447312));
#5273=CARTESIAN_POINT('',(16.666663664,-14.767330925,4.963447312));
#5274=CARTESIAN_POINT('',(16.80945146,-14.737805827,4.963447312));
#5275=CARTESIAN_POINT('',(16.943007429,-14.682637871,4.963447312));
#5276=CARTESIAN_POINT('',(17.009785414,-14.655053894,4.963447312));
#5277=CARTESIAN_POINT('',(17.073134356,-14.621502381,4.963447312));
#5278=CARTESIAN_POINT('',(17.133040227,-14.581958919,4.963447312));
#5279=CARTESIAN_POINT('',(17.192946099,-14.542415457,4.963447312));
#5280=CARTESIAN_POINT('',(17.249874738,-14.496278377,4.963447312));
#5281=CARTESIAN_POINT('',(17.300651018,-14.445561699,4.963447312));
#5282=CARTESIAN_POINT('',(17.351427297,-14.39484502,4.963447312));
#5283=CARTESIAN_POINT('',(17.396595857,-14.339360278,4.963447312));
#5284=CARTESIAN_POINT('',(17.436440432,-14.279348723,4.963447312));
#5285=CARTESIAN_POINT('',(17.476285006,-14.219337168,4.963447312));
#5286=CARTESIAN_POINT('',(17.510506665,-14.154930009,4.963447312));
#5287=CARTESIAN_POINT('',(17.538022207,-14.088721873,4.963447312));
#5288=CARTESIAN_POINT('',(17.59305329,-13.956305601,4.963447312));
#5289=CARTESIAN_POINT('',(17.62346486,-13.812362191,4.963447312));
#5290=CARTESIAN_POINT('',(17.623488374,-13.667089958,4.963447312));
#5291=B_SPLINE_CURVE_WITH_KNOTS('',3,(#5221,#5222,#5223,#5224,#5225,#5226,#5227,#5228,#5229,#5230,#5231,#5232,#5233,#5234,#5235,#5236,#5237,#5238,#5239,#5240,#5241,#5242,#5243,#5244,#5245,#5246,
#5247,#5248,#5249,#5250,#5251,#5252,#5253,#5254,#5255,#5256,#5257,#5258,#5259,#5260,#5261,#5262,#5263,#5264,#5265,#5266,#5267,#5268,#5269,#5270,#5271,
#5272,#5273,#5274,#5275,#5276,#5277,#5278,#5279,#5280,#5281,#5282,#5283,#5284,#5285,#5286,#5287,#5288,#5289,#5290),.UNSPECIFIED.,.T.,.F.,(4,3,3,3,3,3,3,3,3,3,3,3,3,3,3,3,3,3,3,3,3,3,3,4),(0.,0.000214761,0.000429522,0.000644283,0.000859045,0.001718089,0.00193285,0.002147611,0.002362372,0.002577134,0.003006656,0.003221417,0.003436178,0.004295223,0.004509984,0.004724745,0.004939506,0.005154267,0.005583789,0.005798551,0.006013312,0.006228073,0.006442834,0.006872356),.UNSPECIFIED.);
#5292=EDGE_CURVE('',#5220,#5220,#5291,.T.);
#5293=ORIENTED_EDGE('',*,*,#5292,.T.);
#5294=EDGE_LOOP('',(#5293));
#5295=FACE_BOUND('',#5294,.T.);
#5296=ADVANCED_FACE('',(#5218,#5295),#5198,.T.);
#5297=CARTESIAN_POINT('',(16.523431013,-13.675469268,4.963447312));
#5298=DIRECTION('',(0.,0.,-1.));
#5299=DIRECTION('',(0.,1.,0.));
#5300=AXIS2_PLACEMENT_3D('',#5297,#5298,#5299);
#5301=CYLINDRICAL_SURFACE('',#5300,1.662200284);
#5302=ORIENTED_EDGE('',*,*,#5181,.T.);
#5303=ORIENTED_EDGE('',*,*,#3018,.T.);
#5304=CARTESIAN_POINT('',(16.523431013,-12.013268984,-0.282563893));
#5305=DIRECTION('',(-0.,-0.,1.));
#5306=VECTOR('',#5305,5.246011205);
#5307=LINE('',#5304,#5306);
#5308=EDGE_CURVE('',#3003,#5202,#5307,.T.);
#5309=ORIENTED_EDGE('',*,*,#5308,.T.);
#5310=ORIENTED_EDGE('',*,*,#5208,.F.);
#5311=ORIENTED_EDGE('',*,*,#5215,.F.);
#5312=ORIENTED_EDGE('',*,*,#5308,.F.);
#5313=ORIENTED_EDGE('',*,*,#3009,.T.);
#5314=ORIENTED_EDGE('',*,*,#3502,.F.);
#5315=ORIENTED_EDGE('',*,*,#1506,.F.);
#5316=EDGE_LOOP('',(#5302,#5303,#5309,#5310,#5311,#5312,#5313,#5314,#5315));
#5317=FACE_BOUND('',#5316,.T.);
#5318=ADVANCED_FACE('',(#5317),#5301,.F.);
#5319=CARTESIAN_POINT('',(14.715425356,-31.695838047,6.810773662));
#5320=DIRECTION('',(0.,0.,1.));
#5321=DIRECTION('',(1.,0.,0.));
#5322=AXIS2_PLACEMENT_3D('',#5319,#5320,#5321);
#5323=PLANE('',#5322);
#5324=CARTESIAN_POINT('',(15.84799825,-14.534760455,6.810773662));
#5325=VERTEX_POINT('',#5324);
#5326=CARTESIAN_POINT('',(17.623462356,-13.667086915,6.810773662));
#5327=VERTEX_POINT('',#5326);
#5328=CARTESIAN_POINT('',(15.847998259,-14.534760443,6.810773662));
#5329=CARTESIAN_POINT('',(15.790487475,-14.490398197,6.810773662));
#5330=CARTESIAN_POINT('',(15.738427617,-14.441042868,6.810773662));
#5331=CARTESIAN_POINT('',(15.691732876,-14.386773057,6.810773662));
#5332=CARTESIAN_POINT('',(15.645038135,-14.332503246,6.810773662));
#5333=CARTESIAN_POINT('',(15.60323867,-14.272716862,6.810773662));
#5334=CARTESIAN_POINT('',(15.567856146,-14.209963249,6.810773662));
#5335=CARTESIAN_POINT('',(15.532473622,-14.147209635,6.810773662));
#5336=CARTESIAN_POINT('',(15.503416502,-14.081718236,6.810773662));
#5337=CARTESIAN_POINT('',(15.480610526,-14.013521193,6.810773662));
#5338=CARTESIAN_POINT('',(15.45780455,-13.94532415,6.810773662));
#5339=CARTESIAN_POINT('',(15.441364396,-13.874076661,6.810773662));
#5340=CARTESIAN_POINT('',(15.432232382,-13.803051932,6.810773662));
#5341=CARTESIAN_POINT('',(15.423100368,-13.732027203,6.810773662));
#5342=CARTESIAN_POINT('',(15.421051152,-13.660500397,6.810773662));
#5343=CARTESIAN_POINT('',(15.426461997,-13.588444773,6.810773662));
#5344=CARTESIAN_POINT('',(15.431872842,-13.516389148,6.810773662));
#5345=CARTESIAN_POINT('',(15.444628649,-13.444907067,6.810773662));
#5346=CARTESIAN_POINT('',(15.463863664,-13.375858983,6.810773662));
#5347=CARTESIAN_POINT('',(15.502333693,-13.237762814,6.810773662));
#5348=CARTESIAN_POINT('',(15.567846499,-13.105762632,6.810773662));
#5349=CARTESIAN_POINT('',(15.6553375,-12.992188151,6.810773662));
#5350=CARTESIAN_POINT('',(15.699083,-12.935400911,6.810773662));
#5351=CARTESIAN_POINT('',(15.749381523,-12.882153629,6.810773662));
#5352=CARTESIAN_POINT('',(15.803883164,-12.835300238,6.810773662));
#5353=CARTESIAN_POINT('',(15.858384805,-12.788446847,6.810773662));
#5354=CARTESIAN_POINT('',(15.917086604,-12.747442621,6.810773662));
#5355=CARTESIAN_POINT('',(15.979804636,-12.712031426,6.810773662));
#5356=CARTESIAN_POINT('',(16.042522669,-12.676620231,6.810773662));
#5357=CARTESIAN_POINT('',(16.109225792,-12.647029111,6.810773662));
#5358=CARTESIAN_POINT('',(16.177210462,-12.624297654,6.810773662));
#5359=CARTESIAN_POINT('',(16.245195132,-12.601566197,6.810773662));
#5360=CARTESIAN_POINT('',(16.315120239,-12.58527583,6.810773662));
#5361=CARTESIAN_POINT('',(16.387145368,-12.575956287,6.810773662));
#5362=CARTESIAN_POINT('',(16.459170498,-12.566636743,6.810773662));
#5363=CARTESIAN_POINT('',(16.530881308,-12.564703323,6.810773662));
#5364=CARTESIAN_POINT('',(16.602200631,-12.570024058,6.810773662));
#5365=CARTESIAN_POINT('',(16.673519954,-12.575344794,6.810773662));
#5366=CARTESIAN_POINT('',(16.745186936,-12.58798014,6.810773662));
#5367=CARTESIAN_POINT('',(16.81469178,-12.607323255,6.810773662));
#5368=CARTESIAN_POINT('',(16.884196624,-12.62666637,6.810773662));
#5369=CARTESIAN_POINT('',(16.951096846,-12.652419372,6.810773662));
#5370=CARTESIAN_POINT('',(17.015437711,-12.684470862,6.810773662));
#5371=CARTESIAN_POINT('',(17.079778577,-12.716522353,6.810773662));
#5372=CARTESIAN_POINT('',(17.14184003,-12.755260645,6.810773662));
#5373=CARTESIAN_POINT('',(17.198570046,-12.799014735,6.810773662));
#5374=CARTESIAN_POINT('',(17.255300063,-12.842768826,6.810773662));
#5375=CARTESIAN_POINT('',(17.30733402,-12.891857283,6.810773662));
#5376=CARTESIAN_POINT('',(17.354443991,-12.946539012,6.810773662));
#5377=CARTESIAN_POINT('',(17.401553962,-13.001220741,6.810773662));
#5378=CARTESIAN_POINT('',(17.443211103,-13.060872023,6.810773662));
#5379=CARTESIAN_POINT('',(17.478473347,-13.12328053,6.810773662));
#5380=CARTESIAN_POINT('',(17.548997835,-13.248097543,6.810773662));
#5381=CARTESIAN_POINT('',(17.596077831,-13.387799601,6.810773662));
#5382=CARTESIAN_POINT('',(17.614554535,-13.529905165,6.810773662));
#5383=CARTESIAN_POINT('',(17.62042835,-13.575081066,6.810773662));
#5384=CARTESIAN_POINT('',(17.623421094,-13.621110866,6.810773662));
#5385=CARTESIAN_POINT('',(17.623436337,-13.667083872,6.810773662));
#5386=B_SPLINE_CURVE_WITH_KNOTS('',3,(#5328,#5329,#5330,#5331,#5332,#5333,#5334,#5335,#5336,#5337,#5338,#5339,#5340,#5341,#5342,#5343,#5344,#5345,#5346,#5347,#5348,#5349,#5350,#5351,#5352,#5353,
#5354,#5355,#5356,#5357,#5358,#5359,#5360,#5361,#5362,#5363,#5364,#5365,#5366,#5367,#5368,#5369,#5370,#5371,#5372,#5373,#5374,#5375,#5376,#5377,#5378,
#5379,#5380,#5381,#5382,#5383,#5384,#5385),.UNSPECIFIED.,.F.,.F.,(4,3,3,3,3,3,3,3,3,3,3,3,3,3,3,3,3,3,3,4),(0.,0.000214676,0.000429353,0.000644029,0.000858706,0.001073382,0.001288058,0.001717411,0.001932088,0.002146764,0.002361441,0.002576117,0.002790793,0.00300547,0.003220146,0.003434823,0.003649499,0.003864175,0.004293528,0.004430021),.UNSPECIFIED.);
#5387=EDGE_CURVE('',#5325,#5327,#5386,.T.);
#5388=ORIENTED_EDGE('',*,*,#5387,.T.);
#5389=CARTESIAN_POINT('',(17.623436337,-13.667083872,6.810773662));
#5390=CARTESIAN_POINT('',(17.623445068,-13.693417335,6.810773662));
#5391=CARTESIAN_POINT('',(17.622476873,-13.719732164,6.810773662));
#5392=CARTESIAN_POINT('',(17.620513628,-13.745857205,6.810773662));
#5393=CARTESIAN_POINT('',(17.615122948,-13.817591387,6.810773662));
#5394=CARTESIAN_POINT('',(17.602621804,-13.888106943,6.810773662));
#5395=CARTESIAN_POINT('',(17.583353579,-13.957462722,6.810773662));
#5396=CARTESIAN_POINT('',(17.564085353,-14.026818501,6.810773662));
#5397=CARTESIAN_POINT('',(17.537856211,-14.094989877,6.810773662));
#5398=CARTESIAN_POINT('',(17.505882452,-14.159168099,6.810773662));
#5399=CARTESIAN_POINT('',(17.473908693,-14.22334632,6.810773662));
#5400=CARTESIAN_POINT('',(17.436026839,-14.284301011,6.810773662));
#5401=CARTESIAN_POINT('',(17.391776307,-14.341780872,6.810773662));
#5402=CARTESIAN_POINT('',(17.303275241,-14.456740594,6.810773662));
#5403=CARTESIAN_POINT('',(17.193090676,-14.551077427,6.810773662));
#5404=CARTESIAN_POINT('',(17.067347108,-14.622127114,6.810773662));
#5405=CARTESIAN_POINT('',(17.004475323,-14.657651957,6.810773662));
#5406=CARTESIAN_POINT('',(16.938950535,-14.686767417,6.810773662));
#5407=CARTESIAN_POINT('',(16.870831027,-14.709614298,6.810773662));
#5408=CARTESIAN_POINT('',(16.802711518,-14.73246118,6.810773662));
#5409=CARTESIAN_POINT('',(16.731415537,-14.748996327,6.810773662));
#5410=CARTESIAN_POINT('',(16.660328393,-14.758207442,6.810773662));
#5411=CARTESIAN_POINT('',(16.589241249,-14.767418558,6.810773662));
#5412=CARTESIAN_POINT('',(16.517754273,-14.769525983,6.810773662));
#5413=CARTESIAN_POINT('',(16.445849098,-14.764203391,6.810773662));
#5414=CARTESIAN_POINT('',(16.373943923,-14.758880798,6.810773662));
#5415=CARTESIAN_POINT('',(16.302177845,-14.746156059,6.810773662));
#5416=CARTESIAN_POINT('',(16.233100431,-14.726965749,6.810773662));
#5417=CARTESIAN_POINT('',(16.094945605,-14.68858513,6.810773662));
#5418=CARTESIAN_POINT('',(15.963016444,-14.623482325,6.810773662));
#5419=CARTESIAN_POINT('',(15.847998259,-14.534760443,6.810773662));
#5420=B_SPLINE_CURVE_WITH_KNOTS('',3,(#5389,#5390,#5391,#5392,#5393,#5394,#5395,#5396,#5397,#5398,#5399,#5400,#5401,#5402,#5403,#5404,#5405,#5406,#5407,#5408,#5409,#5410,#5411,#5412,#5413,#5414,
#5415,#5416,#5417,#5418,#5419),.UNSPECIFIED.,.F.,.F.,(4,3,3,3,3,3,3,3,3,3,4),(0.004430021,0.004508205,0.004722881,0.004937558,0.005152234,0.005581587,0.005796263,0.00601094,0.006225616,0.006440292,0.006869645),.UNSPECIFIED.);
#5421=EDGE_CURVE('',#5327,#5325,#5420,.T.);
#5422=ORIENTED_EDGE('',*,*,#5421,.T.);
#5423=EDGE_LOOP('',(#5388,#5422));
#5424=FACE_BOUND('',#5423,.T.);
#5425=ADVANCED_FACE('',(#5424),#5323,.F.);
#5426=CARTESIAN_POINT('',(17.623488374,-13.667089958,4.963447312));
#5427=CARTESIAN_POINT('',(17.623488374,-13.667089958,6.810773662));
#5428=CARTESIAN_POINT('',(17.62348838,-13.667056624,4.963447312));
#5429=CARTESIAN_POINT('',(17.62348838,-13.667056624,6.810773662));
#5430=CARTESIAN_POINT('',(17.623488383,-13.667023291,4.963447312));
#5431=CARTESIAN_POINT('',(17.623488383,-13.667023291,6.810773662));
#5432=CARTESIAN_POINT('',(17.623488386,-13.666989958,4.963447312));
#5433=CARTESIAN_POINT('',(17.623488386,-13.666989958,6.810773662));
#5434=CARTESIAN_POINT('',(17.623507207,-13.379520319,4.963447312));
#5435=CARTESIAN_POINT('',(17.623507207,-13.379520319,6.810773662));
#5436=CARTESIAN_POINT('',(17.385034659,-12.805010584,4.963447312));
#5437=CARTESIAN_POINT('',(17.385034659,-12.805010584,6.810773662));
#5438=CARTESIAN_POINT('',(16.524376179,-12.448250518,4.963447312));
#5439=CARTESIAN_POINT('',(16.524376179,-12.448250518,6.810773662));
#5440=CARTESIAN_POINT('',(15.661862084,-12.804514232,4.963447312));
#5441=CARTESIAN_POINT('',(15.661862084,-12.804514232,6.810773662));
#5442=CARTESIAN_POINT('',(15.304597096,-13.666932655,4.963447312));
#5443=CARTESIAN_POINT('',(15.304597096,-13.666932655,6.810773662));
#5444=CARTESIAN_POINT('',(15.66068019,-14.527961915,4.963447312));
#5445=CARTESIAN_POINT('',(15.66068019,-14.527961915,6.810773662));
#5446=CARTESIAN_POINT('',(16.522180808,-14.886132967,4.963447312));
#5447=CARTESIAN_POINT('',(16.522180808,-14.886132967,6.810773662));
#5448=CARTESIAN_POINT('',(17.38478903,-14.530042524,4.963447312));
#5449=CARTESIAN_POINT('',(17.38478903,-14.530042524,6.810773662));
#5450=CARTESIAN_POINT('',(17.623441892,-13.954592983,4.963447312));
#5451=CARTESIAN_POINT('',(17.623441892,-13.954592983,6.810773662));
#5452=CARTESIAN_POINT('',(17.623488374,-13.667089958,4.963447312));
#5453=CARTESIAN_POINT('',(17.623488374,-13.667089958,6.810773662));
#5454=B_SPLINE_SURFACE_WITH_KNOTS('',3,1,((#5426,#5427),(#5428,#5429),(#5430,#5431),(#5432,#5433),(#5434,#5435),(#5436,#5437),(#5438,#5439),(#5440,#5441),(#5442,#5443),(#5444,#5445),(#5446,#5447),(#5448,#5449),(#5450,#5451),(#5452,#5453)),.UNSPECIFIED.,.T.,.F.,.U.,(4,3,1,1,1,1,1,1,1,4),(2,2),(0.,0.0000001,0.000859679,0.001719357,0.002579036,0.003438715,0.004298394,0.005158072,0.006017751,0.00687743),(2.458544448,3.390199684),.UNSPECIFIED.);
#5455=CARTESIAN_POINT('',(17.623488374,-13.667089958,6.810773662));
#5456=CARTESIAN_POINT('',(17.623488374,-13.667089958,6.194998212));
#5457=CARTESIAN_POINT('',(17.623488374,-13.667089958,5.579222762));
#5458=CARTESIAN_POINT('',(17.623488374,-13.667089958,4.963447312));
#5459=B_SPLINE_CURVE_WITH_KNOTS('',3,(#5455,#5456,#5457,#5458),.UNSPECIFIED.,.F.,.F.,(4,4),(1.405036031,2.336691267),.UNSPECIFIED.);
#5460=EDGE_CURVE('',#5327,#5220,#5459,.T.);
#5461=ORIENTED_EDGE('',*,*,#5460,.F.);
#5462=ORIENTED_EDGE('',*,*,#5387,.F.);
#5463=ORIENTED_EDGE('',*,*,#5421,.F.);
#5464=ORIENTED_EDGE('',*,*,#5460,.T.);
#5465=ORIENTED_EDGE('',*,*,#5292,.F.);
#5466=EDGE_LOOP('',(#5461,#5462,#5463,#5464,#5465));
#5467=FACE_BOUND('',#5466,.T.);
#5468=ADVANCED_FACE('',(#5467),#5454,.F.);
#5469=CARTESIAN_POINT('',(-37.3531048,-31.713089958,4.804892429));
#5470=DIRECTION('',(0.,0.,-1.));
#5471=DIRECTION('',(-1.,0.,0.));
#5472=AXIS2_PLACEMENT_3D('',#5469,#5470,#5471);
#5473=CYLINDRICAL_SURFACE('',#5472,1.524357638);
#5474=CARTESIAN_POINT('',(-38.877462438,-31.713089958,4.763316305));
#5475=VERTEX_POINT('',#5474);
#5476=CARTESIAN_POINT('',(-38.877462438,-31.713089958,4.804892429));
#5477=VERTEX_POINT('',#5476);
#5478=CARTESIAN_POINT('',(-38.877462438,-31.713089958,4.763316305));
#5479=DIRECTION('',(-0.,-0.,1.));
#5480=VECTOR('',#5479,0.041576124);
#5481=LINE('',#5478,#5480);
#5482=EDGE_CURVE('',#5475,#5477,#5481,.T.);
#5483=ORIENTED_EDGE('',*,*,#5482,.T.);
#5484=CARTESIAN_POINT('',(-38.798956335,-32.195976638,4.804892429));
#5485=VERTEX_POINT('',#5484);
#5486=CARTESIAN_POINT('',(-37.3531048,-31.713089958,4.804892429));
#5487=DIRECTION('',(0.,0.,-1.));
#5488=DIRECTION('',(-1.,0.,0.));
#5489=AXIS2_PLACEMENT_3D('',#5486,#5487,#5488);
#5490=CIRCLE('',#5489,1.524357638);
#5491=EDGE_CURVE('',#5477,#5485,#5490,.T.);
#5492=ORIENTED_EDGE('',*,*,#5491,.T.);
#5493=CARTESIAN_POINT('',(-37.3531048,-31.713089958,4.804892429));
#5494=DIRECTION('',(0.,0.,-1.));
#5495=DIRECTION('',(-1.,0.,0.));
#5496=AXIS2_PLACEMENT_3D('',#5493,#5494,#5495);
#5497=CIRCLE('',#5496,1.524357638);
#5498=EDGE_CURVE('',#5485,#5477,#5497,.T.);
#5499=ORIENTED_EDGE('',*,*,#5498,.T.);
#5500=ORIENTED_EDGE('',*,*,#5482,.F.);
#5501=CARTESIAN_POINT('',(-37.3531048,-31.713089958,4.763316305));
#5502=DIRECTION('',(0.,0.,-1.));
#5503=DIRECTION('',(-1.,0.,0.));
#5504=AXIS2_PLACEMENT_3D('',#5501,#5502,#5503);
#5505=CIRCLE('',#5504,1.524357638);
#5506=EDGE_CURVE('',#5475,#5475,#5505,.T.);
#5507=ORIENTED_EDGE('',*,*,#5506,.F.);
#5508=EDGE_LOOP('',(#5483,#5492,#5499,#5500,#5507));
#5509=FACE_BOUND('',#5508,.T.);
#5510=ADVANCED_FACE('',(#5509),#5473,.T.);
#5511=CARTESIAN_POINT('',(-37.3531048,-31.713089958,4.804892429));
#5512=DIRECTION('',(0.,0.,-1.));
#5513=DIRECTION('',(-1.,0.,0.));
#5514=AXIS2_PLACEMENT_3D('',#5511,#5512,#5513);
#5515=CYLINDRICAL_SURFACE('',#5514,1.662236878);
#5516=CARTESIAN_POINT('',(-39.015341678,-31.713089958,4.804892429));
#5517=VERTEX_POINT('',#5516);
#5518=CARTESIAN_POINT('',(-39.015341678,-31.713089958,-0.297477209));
#5519=DIRECTION('',(-0.,-0.,1.));
#5520=VECTOR('',#5519,5.102369638);
#5521=LINE('',#5518,#5520);
#5522=EDGE_CURVE('',#3964,#5517,#5521,.T.);
#5523=ORIENTED_EDGE('',*,*,#5522,.F.);
#5524=ORIENTED_EDGE('',*,*,#3970,.T.);
#5525=ORIENTED_EDGE('',*,*,#2216,.T.);
#5526=CARTESIAN_POINT('',(-36.296512324,-30.429873772,2.138797854));
#5527=VERTEX_POINT('',#5526);
#5528=CARTESIAN_POINT('',(-36.296512324,-30.429873772,-0.124141183));
#5529=DIRECTION('',(0.,0.,1.));
#5530=VECTOR('',#5529,2.262939037);
#5531=LINE('',#5528,#5530);
#5532=EDGE_CURVE('',#2201,#5527,#5531,.T.);
#5533=ORIENTED_EDGE('',*,*,#5532,.T.);
#5534=CARTESIAN_POINT('',(-35.901373375,-30.903455898,2.142121008));
#5535=VERTEX_POINT('',#5534);
#5536=CARTESIAN_POINT('',(-36.296512324,-30.429873772,2.138797853));
#5537=CARTESIAN_POINT('',(-36.054235699,-30.629362886,2.140835421));
#5538=CARTESIAN_POINT('',(-35.901373375,-30.903455898,2.142121007));
#5539=(BOUNDED_CURVE()
B_SPLINE_CURVE(2,(#5536,#5537,#5538),.UNSPECIFIED.,.F.,.F.)
B_SPLINE_CURVE_WITH_KNOTS((3,3),(129.467835557,150.851488285),.UNSPECIFIED.)
CURVE()
GEOMETRIC_REPRESENTATION_ITEM()
RATIONAL_B_SPLINE_CURVE((1.,0.982639273,1.))
REPRESENTATION_ITEM(''));
#5540=EDGE_CURVE('',#5527,#5535,#5539,.T.);
#5541=ORIENTED_EDGE('',*,*,#5540,.T.);
#5542=CARTESIAN_POINT('',(-35.901373375,-30.903455899,0.270997766));
#5543=DIRECTION('',(0.,0.,1.));
#5544=VECTOR('',#5543,1.871123242);
#5545=LINE('',#5542,#5544);
#5546=EDGE_CURVE('',#2351,#5535,#5545,.T.);
#5547=ORIENTED_EDGE('',*,*,#5546,.F.);
#5548=ORIENTED_EDGE('',*,*,#2358,.T.);
#5549=ORIENTED_EDGE('',*,*,#3977,.T.);
#5550=ORIENTED_EDGE('',*,*,#5522,.T.);
#5551=CARTESIAN_POINT('',(-38.959635556,-32.139810437,4.804892429));
#5552=VERTEX_POINT('',#5551);
#5553=CARTESIAN_POINT('',(-37.3531048,-31.713089958,4.804892429));
#5554=DIRECTION('',(0.,0.,-1.));
#5555=DIRECTION('',(-1.,0.,0.));
#5556=AXIS2_PLACEMENT_3D('',#5553,#5554,#5555);
#5557=CIRCLE('',#5556,1.662236878);
#5558=EDGE_CURVE('',#5552,#5517,#5557,.T.);
#5559=ORIENTED_EDGE('',*,*,#5558,.F.);
#5560=CARTESIAN_POINT('',(-37.3531048,-31.713089958,4.804892429));
#5561=DIRECTION('',(0.,0.,-1.));
#5562=DIRECTION('',(-1.,0.,0.));
#5563=AXIS2_PLACEMENT_3D('',#5560,#5561,#5562);
#5564=CIRCLE('',#5563,1.662236878);
#5565=EDGE_CURVE('',#5517,#5552,#5564,.T.);
#5566=ORIENTED_EDGE('',*,*,#5565,.F.);
#5567=EDGE_LOOP('',(#5523,#5524,#5525,#5533,#5541,#5547,#5548,#5549,#5550,#5559,#5566));
#5568=FACE_BOUND('',#5567,.T.);
#5569=ADVANCED_FACE('',(#5568),#5515,.F.);
#5570=CARTESIAN_POINT('',(-37.3531048,-31.713089958,4.804892429));
#5571=DIRECTION('',(0.,0.,-1.));
#5572=DIRECTION('',(-1.,0.,0.));
#5573=AXIS2_PLACEMENT_3D('',#5570,#5571,#5572);
#5574=PLANE('',#5573);
#5575=ORIENTED_EDGE('',*,*,#5491,.F.);
#5576=ORIENTED_EDGE('',*,*,#5498,.F.);
#5577=EDGE_LOOP('',(#5575,#5576));
#5578=FACE_BOUND('',#5577,.T.);
#5579=ORIENTED_EDGE('',*,*,#5558,.T.);
#5580=ORIENTED_EDGE('',*,*,#5565,.T.);
#5581=EDGE_LOOP('',(#5579,#5580));
#5582=FACE_BOUND('',#5581,.T.);
#5583=ADVANCED_FACE('',(#5578,#5582),#5574,.T.);
#5584=CARTESIAN_POINT('',(-49.086677835,-35.182007686,6.077389024));
#5585=DIRECTION('',(0.,0.,-1.));
#5586=DIRECTION('',(-1.,0.,0.));
#5587=AXIS2_PLACEMENT_3D('',#5584,#5585,#5586);
#5588=PLANE('',#5587);
#5589=CARTESIAN_POINT('',(-36.2531048,-31.713089958,6.077389024));
#5590=VERTEX_POINT('',#5589);
#5591=CARTESIAN_POINT('',(-38.4531048,-31.713089958,6.077389024));
#5592=VERTEX_POINT('',#5591);
#5593=CARTESIAN_POINT('',(-37.3531048,-31.713089958,6.077389024));
#5594=DIRECTION('',(0.,0.,1.));
#5595=DIRECTION('',(1.,0.,-0.));
#5596=AXIS2_PLACEMENT_3D('',#5593,#5594,#5595);
#5597=CIRCLE('',#5596,1.1);
#5598=EDGE_CURVE('',#5590,#5592,#5597,.T.);
#5599=ORIENTED_EDGE('',*,*,#5598,.F.);
#5600=CARTESIAN_POINT('',(-37.3531048,-31.713089958,6.077389024));
#5601=DIRECTION('',(0.,0.,1.));
#5602=DIRECTION('',(1.,0.,-0.));
#5603=AXIS2_PLACEMENT_3D('',#5600,#5601,#5602);
#5604=CIRCLE('',#5603,1.1);
#5605=EDGE_CURVE('',#5592,#5590,#5604,.T.);
#5606=ORIENTED_EDGE('',*,*,#5605,.F.);
#5607=EDGE_LOOP('',(#5599,#5606));
#5608=FACE_BOUND('',#5607,.T.);
#5609=ADVANCED_FACE('',(#5608),#5588,.T.);
#5610=CARTESIAN_POINT('',(-37.3531048,-31.713089958,0.088538906));
#5611=DIRECTION('',(0.,0.,1.));
#5612=DIRECTION('',(1.,0.,-0.));
#5613=AXIS2_PLACEMENT_3D('',#5610,#5611,#5612);
#5614=CYLINDRICAL_SURFACE('',#5613,1.1);
#5615=CARTESIAN_POINT('',(-36.2531048,-31.713089958,4.763316305));
#5616=VERTEX_POINT('',#5615);
#5617=CARTESIAN_POINT('',(-36.2531048,-31.713089958,6.077389024));
#5618=DIRECTION('',(-0.,-0.,-1.));
#5619=VECTOR('',#5618,1.314072719);
#5620=LINE('',#5617,#5619);
#5621=EDGE_CURVE('',#5590,#5616,#5620,.T.);
#5622=ORIENTED_EDGE('',*,*,#5621,.F.);
#5623=ORIENTED_EDGE('',*,*,#5598,.T.);
#5624=ORIENTED_EDGE('',*,*,#5605,.T.);
#5625=ORIENTED_EDGE('',*,*,#5621,.T.);
#5626=CARTESIAN_POINT('',(-38.4531048,-31.713089958,4.763316305));
#5627=VERTEX_POINT('',#5626);
#5628=CARTESIAN_POINT('',(-37.3531048,-31.713089958,4.763316305));
#5629=DIRECTION('',(0.,0.,1.));
#5630=DIRECTION('',(1.,0.,-0.));
#5631=AXIS2_PLACEMENT_3D('',#5628,#5629,#5630);
#5632=CIRCLE('',#5631,1.1);
#5633=EDGE_CURVE('',#5627,#5616,#5632,.T.);
#5634=ORIENTED_EDGE('',*,*,#5633,.F.);
#5635=CARTESIAN_POINT('',(-37.3531048,-31.713089958,4.763316305));
#5636=DIRECTION('',(0.,0.,1.));
#5637=DIRECTION('',(1.,0.,-0.));
#5638=AXIS2_PLACEMENT_3D('',#5635,#5636,#5637);
#5639=CIRCLE('',#5638,1.1);
#5640=EDGE_CURVE('',#5616,#5627,#5639,.T.);
#5641=ORIENTED_EDGE('',*,*,#5640,.F.);
#5642=EDGE_LOOP('',(#5622,#5623,#5624,#5625,#5634,#5641));
#5643=FACE_BOUND('',#5642,.T.);
#5644=ADVANCED_FACE('',(#5643),#5614,.F.);
#5645=CARTESIAN_POINT('',(-37.3531048,-31.713089958,4.763316305));
#5646=DIRECTION('',(0.,0.,-1.));
#5647=DIRECTION('',(-1.,0.,0.));
#5648=AXIS2_PLACEMENT_3D('',#5645,#5646,#5647);
#5649=PLANE('',#5648);
#5650=ORIENTED_EDGE('',*,*,#5506,.T.);
#5651=EDGE_LOOP('',(#5650));
#5652=FACE_BOUND('',#5651,.T.);
#5653=ORIENTED_EDGE('',*,*,#5633,.T.);
#5654=ORIENTED_EDGE('',*,*,#5640,.T.);
#5655=EDGE_LOOP('',(#5653,#5654));
#5656=FACE_BOUND('',#5655,.T.);
#5657=ADVANCED_FACE('',(#5652,#5656),#5649,.T.);
#5658=CARTESIAN_POINT('',(-36.509662904,-31.324223393,-0.290233247));
#5659=DIRECTION('',(-0.707106781,0.,0.707106781));
#5660=DIRECTION('',(0.,-1.,0.));
#5661=AXIS2_PLACEMENT_3D('',#5658,#5659,#5660);
#5662=PLANE('',#5661);
#5663=ORIENTED_EDGE('',*,*,#1119,.F.);
#5664=ORIENTED_EDGE('',*,*,#4236,.F.);
#5665=ORIENTED_EDGE('',*,*,#4198,.F.);
#5666=ORIENTED_EDGE('',*,*,#4179,.F.);
#5667=ORIENTED_EDGE('',*,*,#4976,.F.);
#5668=ORIENTED_EDGE('',*,*,#4003,.F.);
#5669=EDGE_LOOP('',(#5663,#5664,#5665,#5666,#5667,#5668));
#5670=FACE_BOUND('',#5669,.T.);
#5671=ADVANCED_FACE('',(#5670),#5662,.F.);
#5672=CARTESIAN_POINT('',(-35.82418895,-30.146307449,2.142770135));
#5673=DIRECTION('',(-0.008409792,0.,0.999964637));
#5674=DIRECTION('',(0.999964637,0.,0.008409792));
#5675=AXIS2_PLACEMENT_3D('',#5672,#5673,#5674);
#5676=PLANE('',#5675);
#5677=ORIENTED_EDGE('',*,*,#5540,.F.);
#5678=CARTESIAN_POINT('',(-36.296512324,-30.429873772,2.138797854));
#5679=DIRECTION('',(0.,1.,0.));
#5680=VECTOR('',#5679,13.354221089);
#5681=LINE('',#5678,#5680);
#5682=EDGE_CURVE('',#5527,#4209,#5681,.T.);
#5683=ORIENTED_EDGE('',*,*,#5682,.T.);
#5684=ORIENTED_EDGE('',*,*,#4214,.T.);
#5685=ORIENTED_EDGE('',*,*,#2467,.T.);
#5686=ORIENTED_EDGE('',*,*,#3915,.T.);
#5687=ORIENTED_EDGE('',*,*,#3945,.F.);
#5688=CARTESIAN_POINT('',(-35.901373375,-30.903455898,2.142121007));
#5689=CARTESIAN_POINT('',(-34.334156693,-30.903455892,2.155301439));
#5690=B_SPLINE_CURVE_WITH_KNOTS('',1,(#5688,#5689),.UNSPECIFIED.,.F.,.F.,(2,2),(0.,1.567272105),.UNSPECIFIED.);
#5691=EDGE_CURVE('',#5535,#3934,#5690,.T.);
#5692=ORIENTED_EDGE('',*,*,#5691,.F.);
#5693=EDGE_LOOP('',(#5677,#5683,#5684,#5685,#5686,#5687,#5692));
#5694=FACE_BOUND('',#5693,.T.);
#5695=ADVANCED_FACE('',(#5694),#5676,.F.);
#5696=CARTESIAN_POINT('',(-36.296512324,-30.146307449,0.471344218));
#5697=DIRECTION('',(-1.,0.,0.));
#5698=DIRECTION('',(0.,0.,1.));
#5699=AXIS2_PLACEMENT_3D('',#5696,#5697,#5698);
#5700=PLANE('',#5699);
#5701=ORIENTED_EDGE('',*,*,#5532,.F.);
#5702=ORIENTED_EDGE('',*,*,#2208,.T.);
#5703=ORIENTED_EDGE('',*,*,#2333,.T.);
#5704=ORIENTED_EDGE('',*,*,#3243,.F.);
#5705=ORIENTED_EDGE('',*,*,#4220,.T.);
#5706=ORIENTED_EDGE('',*,*,#5682,.F.);
#5707=EDGE_LOOP('',(#5701,#5702,#5703,#5704,#5705,#5706));
#5708=FACE_BOUND('',#5707,.T.);
#5709=ADVANCED_FACE('',(#5708),#5700,.F.);
#5710=CARTESIAN_POINT('',(-35.431332553,-30.903455897,0.741038585));
#5711=DIRECTION('',(0.000000004,-1.,0.));
#5712=DIRECTION('',(1.,0.000000004,0.));
#5713=AXIS2_PLACEMENT_3D('',#5710,#5711,#5712);
#5714=PLANE('',#5713);
#5715=ORIENTED_EDGE('',*,*,#2365,.T.);
#5716=ORIENTED_EDGE('',*,*,#5546,.T.);
#5717=ORIENTED_EDGE('',*,*,#5691,.T.);
#5718=ORIENTED_EDGE('',*,*,#3939,.T.);
#5719=EDGE_LOOP('',(#5715,#5716,#5717,#5718));
#5720=FACE_BOUND('',#5719,.T.);
#5721=ADVANCED_FACE('',(#5720),#5714,.F.);
#5722=CARTESIAN_POINT('',(18.377177713,-33.405125265,-18.95101727));
#5723=DIRECTION('',(-0.001154817,-0.999999333,0.));
#5724=DIRECTION('',(0.999999333,-0.001154817,0.));
#5725=AXIS2_PLACEMENT_3D('',#5722,#5723,#5724);
#5726=PLANE('',#5725);
#5727=CARTESIAN_POINT('',(18.377847847,-33.405126038,0.126352432));
#5728=DIRECTION('',(0.999999333,-0.001154817,0.));
#5729=VECTOR('',#5728,11.009304675);
#5730=LINE('',#5727,#5729);
#5731=EDGE_CURVE('',#1896,#1657,#5730,.T.);
#5732=ORIENTED_EDGE('',*,*,#5731,.T.);
#5733=ORIENTED_EDGE('',*,*,#1708,.T.);
#5734=ORIENTED_EDGE('',*,*,#1751,.F.);
#5735=CARTESIAN_POINT('',(38.535402669,-33.428404336,-18.72113462));
#5736=DIRECTION('',(-0.999999333,0.001154817,0.));
#5737=VECTOR('',#5736,8.876221189);
#5738=LINE('',#5735,#5737);
#5739=EDGE_CURVE('',#1740,#764,#5738,.T.);
#5740=ORIENTED_EDGE('',*,*,#5739,.T.);
#5741=ORIENTED_EDGE('',*,*,#769,.T.);
#5742=ORIENTED_EDGE('',*,*,#1219,.T.);
#5743=ORIENTED_EDGE('',*,*,#1281,.F.);
#5744=ORIENTED_EDGE('',*,*,#1907,.T.);
#5745=EDGE_LOOP('',(#5732,#5733,#5734,#5740,#5741,#5742,#5743,#5744));
#5746=FACE_BOUND('',#5745,.T.);
#5747=ADVANCED_FACE('',(#5746),#5726,.F.);
#5748=CARTESIAN_POINT('',(18.377847847,-35.052488519,-18.72113462));
#5749=DIRECTION('',(0.,0.,1.));
#5750=DIRECTION('',(1.,0.,0.));
#5751=AXIS2_PLACEMENT_3D('',#5748,#5749,#5750);
#5752=PLANE('',#5751);
#5753=ORIENTED_EDGE('',*,*,#777,.F.);
#5754=ORIENTED_EDGE('',*,*,#5739,.F.);
#5755=ORIENTED_EDGE('',*,*,#1745,.T.);
#5756=ORIENTED_EDGE('',*,*,#882,.F.);
#5757=EDGE_LOOP('',(#5753,#5754,#5755,#5756));
#5758=FACE_BOUND('',#5757,.T.);
#5759=CARTESIAN_POINT('',(32.891113251,-24.271270452,-18.72113462));
#5760=VERTEX_POINT('',#5759);
#5761=CARTESIAN_POINT('',(36.346088682,-24.271270452,-18.72113462));
#5762=VERTEX_POINT('',#5761);
#5763=CARTESIAN_POINT('',(34.618600966,-24.271270452,-18.72113462));
#5764=DIRECTION('',(0.,0.,1.));
#5765=DIRECTION('',(1.,0.,-0.));
#5766=AXIS2_PLACEMENT_3D('',#5763,#5764,#5765);
#5767=CIRCLE('',#5766,1.727487716);
#5768=EDGE_CURVE('',#5760,#5762,#5767,.T.);
#5769=ORIENTED_EDGE('',*,*,#5768,.F.);
#5770=CARTESIAN_POINT('',(34.618600966,-24.271270452,-18.72113462));
#5771=DIRECTION('',(0.,0.,1.));
#5772=DIRECTION('',(1.,0.,-0.));
#5773=AXIS2_PLACEMENT_3D('',#5770,#5771,#5772);
#5774=CIRCLE('',#5773,1.727487716);
#5775=EDGE_CURVE('',#5762,#5760,#5774,.T.);
#5776=ORIENTED_EDGE('',*,*,#5775,.F.);
#5777=EDGE_LOOP('',(#5769,#5776));
#5778=FACE_BOUND('',#5777,.T.);
#5779=ADVANCED_FACE('',(#5758,#5778),#5752,.T.);
#5780=CARTESIAN_POINT('',(30.019695437,-22.734240064,20.665499187));
#5781=DIRECTION('',(0.,0.,-1.));
#5782=DIRECTION('',(-1.,0.,0.));
#5783=AXIS2_PLACEMENT_3D('',#5780,#5781,#5782);
#5784=PLANE('',#5783);
#5785=ORIENTED_EDGE('',*,*,#1071,.F.);
#5786=CARTESIAN_POINT('',(17.631517723,-10.384511387,20.665499187));
#5787=DIRECTION('',(0.003179272,-0.999994946,0.));
#5788=VECTOR('',#5787,24.671434576);
#5789=LINE('',#5786,#5788);
#5790=EDGE_CURVE('',#1058,#1335,#5789,.T.);
#5791=ORIENTED_EDGE('',*,*,#5790,.T.);
#5792=ORIENTED_EDGE('',*,*,#1340,.T.);
#5793=ORIENTED_EDGE('',*,*,#730,.T.);
#5794=ORIENTED_EDGE('',*,*,#1829,.F.);
#5795=ORIENTED_EDGE('',*,*,#1601,.F.);
#5796=EDGE_LOOP('',(#5785,#5791,#5792,#5793,#5794,#5795));
#5797=FACE_BOUND('',#5796,.T.);
#5798=ADVANCED_FACE('',(#5797),#5784,.F.);
#5799=CARTESIAN_POINT('',(-38.340971803,-22.713497672,7.368333424));
#5800=DIRECTION('',(0.707106781,0.00216819,-0.707103457));
#5801=DIRECTION('',(-0.,0.999995299,0.003066284));
#5802=AXIS2_PLACEMENT_3D('',#5799,#5800,#5801);
#5803=PLANE('',#5802);
#5804=ORIENTED_EDGE('',*,*,#3379,.F.);
#5805=ORIENTED_EDGE('',*,*,#3347,.F.);
#5806=ORIENTED_EDGE('',*,*,#1143,.F.);
#5807=ORIENTED_EDGE('',*,*,#3755,.F.);
#5808=EDGE_LOOP('',(#5804,#5805,#5806,#5807));
#5809=FACE_BOUND('',#5808,.T.);
#5810=ADVANCED_FACE('',(#5809),#5803,.F.);
#5811=CARTESIAN_POINT('',(34.618600966,-24.271270452,-15.811041546));
#5812=DIRECTION('',(0.,0.,-1.));
#5813=DIRECTION('',(-1.,0.,0.));
#5814=AXIS2_PLACEMENT_3D('',#5811,#5812,#5813);
#5815=CYLINDRICAL_SURFACE('',#5814,1.727487716);
#5816=CARTESIAN_POINT('',(32.891113251,-24.271270452,-20.44256259));
#5817=DIRECTION('',(-0.,-0.,1.));
#5818=VECTOR('',#5817,1.72142797);
#5819=LINE('',#5816,#5818);
#5820=EDGE_CURVE('',#1841,#5760,#5819,.T.);
#5821=ORIENTED_EDGE('',*,*,#5820,.F.);
#5822=ORIENTED_EDGE('',*,*,#1849,.T.);
#5823=ORIENTED_EDGE('',*,*,#1856,.T.);
#5824=ORIENTED_EDGE('',*,*,#5820,.T.);
#5825=ORIENTED_EDGE('',*,*,#5768,.T.);
#5826=ORIENTED_EDGE('',*,*,#5775,.T.);
#5827=EDGE_LOOP('',(#5821,#5822,#5823,#5824,#5825,#5826));
#5828=FACE_BOUND('',#5827,.T.);
#5829=ADVANCED_FACE('',(#5828),#5815,.F.);
#5830=CARTESIAN_POINT('',(41.396194698,-11.912996479,-18.914077498));
#5831=DIRECTION('',(-1.,0.,0.));
#5832=DIRECTION('',(0.,0.,1.));
#5833=AXIS2_PLACEMENT_3D('',#5830,#5831,#5832);
#5834=CYLINDRICAL_SURFACE('',#5833,1.528485092);
#5835=ORIENTED_EDGE('',*,*,#818,.F.);
#5836=ORIENTED_EDGE('',*,*,#1038,.F.);
#5837=ORIENTED_EDGE('',*,*,#1734,.F.);
#5838=ORIENTED_EDGE('',*,*,#1866,.F.);
#5839=EDGE_LOOP('',(#5835,#5836,#5837,#5838));
#5840=FACE_BOUND('',#5839,.T.);
#5841=ADVANCED_FACE('',(#5840),#5834,.T.);
#5842=CARTESIAN_POINT('',(10.891300375,-35.11287619,11.727077334));
#5843=DIRECTION('',(0.795059853,0.002527724,-0.606525714));
#5844=DIRECTION('',(-0.000840103,0.999994946,0.003066283));
#5845=AXIS2_PLACEMENT_3D('',#5842,#5843,#5844);
#5846=PLANE('',#5845);
#5847=ORIENTED_EDGE('',*,*,#3887,.F.);
#5848=ORIENTED_EDGE('',*,*,#1348,.F.);
#5849=ORIENTED_EDGE('',*,*,#5790,.F.);
#5850=ORIENTED_EDGE('',*,*,#1063,.F.);
#5851=ORIENTED_EDGE('',*,*,#3338,.F.);
#5852=ORIENTED_EDGE('',*,*,#3285,.F.);
#5853=EDGE_LOOP('',(#5847,#5848,#5849,#5850,#5851,#5852));
#5854=FACE_BOUND('',#5853,.T.);
#5855=ADVANCED_FACE('',(#5854),#5846,.F.);
#5856=CARTESIAN_POINT('',(31.205522453,-35.052560515,-5.960836013));
#5857=DIRECTION('',(0.,0.,1.));
#5858=DIRECTION('',(1.,0.,-0.));
#5859=AXIS2_PLACEMENT_3D('',#5856,#5857,#5858);
#5860=PLANE('',#5859);
#5861=CARTESIAN_POINT('',(13.5862937,-35.564965735,-5.960836013));
#5862=VERTEX_POINT('',#5861);
#5863=CARTESIAN_POINT('',(35.474333627,-35.564965735,-5.960836013));
#5864=DIRECTION('',(-1.,0.,0.));
#5865=VECTOR('',#5864,21.888039927);
#5866=LINE('',#5863,#5865);
#5867=EDGE_CURVE('',#1682,#5862,#5866,.T.);
#5868=ORIENTED_EDGE('',*,*,#5867,.T.);
#5869=CARTESIAN_POINT('',(13.5862937,-35.052560515,-5.960836013));
#5870=VERTEX_POINT('',#5869);
#5871=CARTESIAN_POINT('',(13.5862937,-35.052560515,-5.960836013));
#5872=DIRECTION('',(0.,-1.,0.));
#5873=VECTOR('',#5872,0.512405219);
#5874=LINE('',#5871,#5873);
#5875=EDGE_CURVE('',#5870,#5862,#5874,.T.);
#5876=ORIENTED_EDGE('',*,*,#5875,.F.);
#5877=CARTESIAN_POINT('',(19.031098034,-35.052560515,-5.960836013));
#5878=DIRECTION('',(-1.,0.,0.));
#5879=VECTOR('',#5878,5.444804334);
#5880=LINE('',#5877,#5879);
#5881=EDGE_CURVE('',#846,#5870,#5880,.T.);
#5882=ORIENTED_EDGE('',*,*,#5881,.F.);
#5883=ORIENTED_EDGE('',*,*,#851,.T.);
#5884=ORIENTED_EDGE('',*,*,#1165,.T.);
#5885=ORIENTED_EDGE('',*,*,#1693,.T.);
#5886=EDGE_LOOP('',(#5868,#5876,#5882,#5883,#5884,#5885));
#5887=FACE_BOUND('',#5886,.T.);
#5888=ADVANCED_FACE('',(#5887),#5860,.F.);
#5889=CARTESIAN_POINT('',(18.874005254,-35.052560515,-0.279201894));
#5890=DIRECTION('',(0.002087334,0.,0.999997822));
#5891=DIRECTION('',(0.999997822,0.,-0.002087334));
#5892=AXIS2_PLACEMENT_3D('',#5889,#5890,#5891);
#5893=PLANE('',#5892);
#5894=ORIENTED_EDGE('',*,*,#1388,.F.);
#5895=ORIENTED_EDGE('',*,*,#1300,.T.);
#5896=CARTESIAN_POINT('',(13.5862937,-35.055821276,-0.268164649));
#5897=DIRECTION('',(0.,-1.,0.));
#5898=VECTOR('',#5897,1.494426066);
#5899=LINE('',#5896,#5898);
#5900=EDGE_CURVE('',#1295,#964,#5899,.T.);
#5901=ORIENTED_EDGE('',*,*,#5900,.T.);
#5902=ORIENTED_EDGE('',*,*,#969,.T.);
#5903=CARTESIAN_POINT('',(13.579834724,-35.052560515,-0.268151167));
#5904=VERTEX_POINT('',#5903);
#5905=CARTESIAN_POINT('',(13.579834724,-35.052560515,-0.268151167));
#5906=DIRECTION('',(0.,-1.,0.));
#5907=VECTOR('',#5906,1.497686827);
#5908=LINE('',#5905,#5907);
#5909=EDGE_CURVE('',#5904,#956,#5908,.T.);
#5910=ORIENTED_EDGE('',*,*,#5909,.F.);
#5911=CARTESIAN_POINT('',(13.583639416,-35.052560515,-0.268159109));
#5912=DIRECTION('',(-0.999997822,0.,0.002087334));
#5913=VECTOR('',#5912,0.0038047);
#5914=LINE('',#5911,#5913);
#5915=EDGE_CURVE('',#1383,#5904,#5914,.T.);
#5916=ORIENTED_EDGE('',*,*,#5915,.F.);
#5917=EDGE_LOOP('',(#5894,#5895,#5901,#5902,#5910,#5916));
#5918=FACE_BOUND('',#5917,.T.);
#5919=ADVANCED_FACE('',(#5918),#5893,.F.);
#5920=CARTESIAN_POINT('',(22.39267859,-35.052560515,2.192682092));
#5921=DIRECTION('',(0.,1.,-0.));
#5922=DIRECTION('',(-1.,0.,0.));
#5923=AXIS2_PLACEMENT_3D('',#5920,#5921,#5922);
#5924=PLANE('',#5923);
#5925=ORIENTED_EDGE('',*,*,#1235,.F.);
#5926=ORIENTED_EDGE('',*,*,#1205,.T.);
#5927=ORIENTED_EDGE('',*,*,#857,.F.);
#5928=ORIENTED_EDGE('',*,*,#5881,.T.);
#5929=CARTESIAN_POINT('',(13.5862937,-35.052560515,-5.960836013));
#5930=DIRECTION('',(0.,0.,1.));
#5931=VECTOR('',#5930,5.68220714);
#5932=LINE('',#5929,#5931);
#5933=EDGE_CURVE('',#5870,#3806,#5932,.T.);
#5934=ORIENTED_EDGE('',*,*,#5933,.T.);
#5935=ORIENTED_EDGE('',*,*,#3811,.F.);
#5936=ORIENTED_EDGE('',*,*,#3205,.F.);
#5937=EDGE_LOOP('',(#5925,#5926,#5927,#5928,#5934,#5935,#5936));
#5938=FACE_BOUND('',#5937,.T.);
#5939=ADVANCED_FACE('',(#5938),#5924,.T.);
#5940=CARTESIAN_POINT('',(13.579834724,-35.052560515,-0.268151167));
#5941=DIRECTION('',(1.,0.,-0.000000001));
#5942=DIRECTION('',(-0.000000001,0.,-1.));
#5943=AXIS2_PLACEMENT_3D('',#5940,#5941,#5942);
#5944=PLANE('',#5943);
#5945=ORIENTED_EDGE('',*,*,#961,.T.);
#5946=ORIENTED_EDGE('',*,*,#998,.F.);
#5947=ORIENTED_EDGE('',*,*,#1370,.F.);
#5948=ORIENTED_EDGE('',*,*,#3438,.F.);
#5949=CARTESIAN_POINT('',(13.579834724,-35.052560515,-0.268151167));
#5950=DIRECTION('',(0.000000001,0.,1.));
#5951=VECTOR('',#5950,6.345540191);
#5952=LINE('',#5949,#5951);
#5953=EDGE_CURVE('',#5904,#3425,#5952,.T.);
#5954=ORIENTED_EDGE('',*,*,#5953,.F.);
#5955=ORIENTED_EDGE('',*,*,#5909,.T.);
#5956=EDGE_LOOP('',(#5945,#5946,#5947,#5948,#5954,#5955));
#5957=FACE_BOUND('',#5956,.T.);
#5958=ADVANCED_FACE('',(#5957),#5944,.F.);
#5959=CARTESIAN_POINT('',(13.5862937,-35.052560515,-1.69202484));
#5960=DIRECTION('',(1.,0.,0.));
#5961=DIRECTION('',(0.,0.,-1.));
#5962=AXIS2_PLACEMENT_3D('',#5959,#5960,#5961);
#5963=PLANE('',#5962);
#5964=ORIENTED_EDGE('',*,*,#5875,.T.);
#5965=CARTESIAN_POINT('',(13.5862937,-35.564965735,-5.960836013));
#5966=DIRECTION('',(-0.,-0.707106781,0.707106781));
#5967=VECTOR('',#5966,1.393398612);
#5968=LINE('',#5965,#5967);
#5969=EDGE_CURVE('',#5862,#922,#5968,.T.);
#5970=ORIENTED_EDGE('',*,*,#5969,.T.);
#5971=ORIENTED_EDGE('',*,*,#975,.T.);
#5972=ORIENTED_EDGE('',*,*,#5900,.F.);
#5973=ORIENTED_EDGE('',*,*,#1322,.T.);
#5974=ORIENTED_EDGE('',*,*,#3817,.T.);
#5975=ORIENTED_EDGE('',*,*,#5933,.F.);
#5976=EDGE_LOOP('',(#5964,#5970,#5971,#5972,#5973,#5974,#5975));
#5977=FACE_BOUND('',#5976,.T.);
#5978=ADVANCED_FACE('',(#5977),#5963,.F.);
#5979=CARTESIAN_POINT('',(22.39267859,-35.052560515,2.192682092));
#5980=DIRECTION('',(0.,1.,-0.));
#5981=DIRECTION('',(-1.,0.,0.));
#5982=AXIS2_PLACEMENT_3D('',#5979,#5980,#5981);
#5983=PLANE('',#5982);
#5984=ORIENTED_EDGE('',*,*,#3432,.T.);
#5985=ORIENTED_EDGE('',*,*,#3737,.T.);
#5986=ORIENTED_EDGE('',*,*,#1396,.T.);
#5987=ORIENTED_EDGE('',*,*,#5915,.T.);
#5988=ORIENTED_EDGE('',*,*,#5953,.T.);
#5989=EDGE_LOOP('',(#5984,#5985,#5986,#5987,#5988));
#5990=FACE_BOUND('',#5989,.T.);
#5991=ADVANCED_FACE('',(#5990),#5983,.T.);
#5992=CARTESIAN_POINT('',(22.39267859,-10.384511387,2.192682092));
#5993=DIRECTION('',(0.,1.,-0.));
#5994=DIRECTION('',(-1.,0.,0.));
#5995=AXIS2_PLACEMENT_3D('',#5992,#5993,#5994);
#5996=PLANE('',#5995);
#5997=ORIENTED_EDGE('',*,*,#2116,.F.);
#5998=ORIENTED_EDGE('',*,*,#3700,.F.);
#5999=CARTESIAN_POINT('',(13.579834724,-10.384511387,-5.777914247));
#6000=DIRECTION('',(1.,0.,-0.));
#6001=VECTOR('',#6000,5.298907245);
#6002=LINE('',#5999,#6001);
#6003=EDGE_CURVE('',#3689,#796,#6002,.T.);
#6004=ORIENTED_EDGE('',*,*,#6003,.T.);
#6005=ORIENTED_EDGE('',*,*,#801,.T.);
#6006=ORIENTED_EDGE('',*,*,#1560,.T.);
#6007=ORIENTED_EDGE('',*,*,#1475,.F.);
#6008=ORIENTED_EDGE('',*,*,#2076,.T.);
#6009=EDGE_LOOP('',(#5997,#5998,#6004,#6005,#6006,#6007,#6008));
#6010=FACE_BOUND('',#6009,.T.);
#6011=ADVANCED_FACE('',(#6010),#5996,.F.);
#6012=CARTESIAN_POINT('',(13.580558465,-8.88682456,8.674217968));
#6013=DIRECTION('',(-0.000278701,0.,-0.999999961));
#6014=DIRECTION('',(-0.999999961,0.,0.000278701));
#6015=AXIS2_PLACEMENT_3D('',#6012,#6013,#6014);
#6016=PLANE('',#6015);
#6017=ORIENTED_EDGE('',*,*,#1087,.T.);
#6018=ORIENTED_EDGE('',*,*,#1592,.F.);
#6019=CARTESIAN_POINT('',(23.125154087,-10.255876454,8.671557883));
#6020=DIRECTION('',(-0.999999961,0.,0.000278701));
#6021=VECTOR('',#6020,9.545319734);
#6022=LINE('',#6019,#6021);
#6023=EDGE_CURVE('',#1581,#3657,#6022,.T.);
#6024=ORIENTED_EDGE('',*,*,#6023,.T.);
#6025=ORIENTED_EDGE('',*,*,#3662,.T.);
#6026=EDGE_LOOP('',(#6017,#6018,#6024,#6025));
#6027=FACE_BOUND('',#6026,.T.);
#6028=ADVANCED_FACE('',(#6027),#6016,.F.);
#6029=CARTESIAN_POINT('',(31.205522453,-8.88682456,-5.767197577));
#6030=DIRECTION('',(0.,0.,1.));
#6031=DIRECTION('',(1.,0.,-0.));
#6032=AXIS2_PLACEMENT_3D('',#6029,#6030,#6031);
#6033=PLANE('',#6032);
#6034=CARTESIAN_POINT('',(18.93015295,-9.860428745,-5.767197577));
#6035=VERTEX_POINT('',#6034);
#6036=CARTESIAN_POINT('',(18.93015295,-9.860428745,-5.767197577));
#6037=DIRECTION('',(1.,-0.,-0.));
#6038=VECTOR('',#6037,16.35054224);
#6039=LINE('',#6036,#6038);
#6040=EDGE_CURVE('',#6035,#194,#6039,.T.);
#6041=ORIENTED_EDGE('',*,*,#6040,.T.);
#6042=ORIENTED_EDGE('',*,*,#199,.T.);
#6043=ORIENTED_EDGE('',*,*,#1023,.T.);
#6044=CARTESIAN_POINT('',(18.93015295,-10.384511387,-5.767197577));
#6045=DIRECTION('',(0.,1.,0.));
#6046=VECTOR('',#6045,0.524082641);
#6047=LINE('',#6044,#6046);
#6048=EDGE_CURVE('',#1012,#6035,#6047,.T.);
#6049=ORIENTED_EDGE('',*,*,#6048,.T.);
#6050=EDGE_LOOP('',(#6041,#6042,#6043,#6049));
#6051=FACE_BOUND('',#6050,.T.);
#6052=ADVANCED_FACE('',(#6051),#6033,.F.);
#6053=CARTESIAN_POINT('',(22.39267859,-8.88682456,2.192682092));
#6054=DIRECTION('',(0.,1.,-0.));
#6055=DIRECTION('',(-1.,0.,0.));
#6056=AXIS2_PLACEMENT_3D('',#6053,#6054,#6055);
#6057=PLANE('',#6056);
#6058=CARTESIAN_POINT('',(13.579834728,-8.88682456,7.305166223));
#6059=DIRECTION('',(0.999999961,-0.,-0.000278701));
#6060=VECTOR('',#6059,9.88402405);
#6061=LINE('',#6058,#6060);
#6062=EDGE_CURVE('',#3665,#1573,#6061,.T.);
#6063=ORIENTED_EDGE('',*,*,#6062,.T.);
#6064=ORIENTED_EDGE('',*,*,#1578,.T.);
#6065=ORIENTED_EDGE('',*,*,#215,.T.);
#6066=CARTESIAN_POINT('',(34.307091005,-8.88682456,-4.793593391));
#6067=DIRECTION('',(-1.,0.,0.));
#6068=VECTOR('',#6067,20.727256283);
#6069=LINE('',#6066,#6068);
#6070=EDGE_CURVE('',#202,#3673,#6069,.T.);
#6071=ORIENTED_EDGE('',*,*,#6070,.T.);
#6072=ORIENTED_EDGE('',*,*,#3678,.T.);
#6073=EDGE_LOOP('',(#6063,#6064,#6065,#6071,#6072));
#6074=FACE_BOUND('',#6073,.T.);
#6075=ADVANCED_FACE('',(#6074),#6057,.T.);
#6076=CARTESIAN_POINT('',(23.671228439,-10.971799923,0.126352432));
#6077=DIRECTION('',(0.,0.,1.));
#6078=DIRECTION('',(0.,-1.,0.));
#6079=AXIS2_PLACEMENT_3D('',#6076,#6077,#6078);
#6080=PLANE('',#6079);
#6081=ORIENTED_EDGE('',*,*,#897,.F.);
#6082=ORIENTED_EDGE('',*,*,#167,.T.);
#6083=CARTESIAN_POINT('',(18.966560344,-10.971799923,0.126352432));
#6084=VERTEX_POINT('',#6083);
#6085=CARTESIAN_POINT('',(29.387145182,-10.971799923,0.126352432));
#6086=DIRECTION('',(-1.,0.,0.));
#6087=VECTOR('',#6086,10.420584838);
#6088=LINE('',#6085,#6087);
#6089=EDGE_CURVE('',#152,#6084,#6088,.T.);
#6090=ORIENTED_EDGE('',*,*,#6089,.T.);
#6091=CARTESIAN_POINT('',(18.966560344,-10.971799923,0.126352432));
#6092=DIRECTION('',(-0.707106781,-0.707106781,0.));
#6093=VECTOR('',#6092,0.832565197);
#6094=LINE('',#6091,#6093);
#6095=EDGE_CURVE('',#6084,#1762,#6094,.T.);
#6096=ORIENTED_EDGE('',*,*,#6095,.T.);
#6097=ORIENTED_EDGE('',*,*,#1767,.T.);
#6098=EDGE_LOOP('',(#6081,#6082,#6090,#6096,#6097));
#6099=FACE_BOUND('',#6098,.T.);
#6100=ADVANCED_FACE('',(#6099),#6080,.T.);
#6101=CARTESIAN_POINT('',(21.972591474,-10.971799923,1.616766912));
#6102=DIRECTION('',(-0.,1.,-0.));
#6103=DIRECTION('',(0.,0.,1.));
#6104=AXIS2_PLACEMENT_3D('',#6101,#6102,#6103);
#6105=PLANE('',#6104);
#6106=ORIENTED_EDGE('',*,*,#6089,.F.);
#6107=ORIENTED_EDGE('',*,*,#159,.T.);
#6108=ORIENTED_EDGE('',*,*,#2056,.F.);
#6109=CARTESIAN_POINT('',(18.966560344,-10.971799923,3.946162513));
#6110=DIRECTION('',(0.,-0.,-1.));
#6111=VECTOR('',#6110,3.819810081);
#6112=LINE('',#6109,#6111);
#6113=EDGE_CURVE('',#2045,#6084,#6112,.T.);
#6114=ORIENTED_EDGE('',*,*,#6113,.T.);
#6115=EDGE_LOOP('',(#6106,#6107,#6108,#6114));
#6116=FACE_BOUND('',#6115,.T.);
#6117=ADVANCED_FACE('',(#6116),#6105,.F.);
#6118=CARTESIAN_POINT('',(23.671228439,-34.407202645,0.126352432));
#6119=DIRECTION('',(-0.,-0.,-1.));
#6120=DIRECTION('',(0.,1.,-0.));
#6121=AXIS2_PLACEMENT_3D('',#6118,#6119,#6120);
#6122=PLANE('',#6121);
#6123=CARTESIAN_POINT('',(19.009108584,-34.407202645,0.126352432));
#6124=VERTEX_POINT('',#6123);
#6125=CARTESIAN_POINT('',(29.387145182,-34.407202645,0.126352432));
#6126=DIRECTION('',(-1.,0.,0.));
#6127=VECTOR('',#6126,10.378036597);
#6128=LINE('',#6125,#6127);
#6129=EDGE_CURVE('',#1655,#6124,#6128,.T.);
#6130=ORIENTED_EDGE('',*,*,#6129,.F.);
#6131=ORIENTED_EDGE('',*,*,#1662,.T.);
#6132=ORIENTED_EDGE('',*,*,#5731,.F.);
#6133=ORIENTED_EDGE('',*,*,#1901,.F.);
#6134=CARTESIAN_POINT('',(18.377847847,-33.775941908,0.126352432));
#6135=DIRECTION('',(0.707106781,-0.707106781,0.));
#6136=VECTOR('',#6135,0.892737496);
#6137=LINE('',#6134,#6136);
#6138=EDGE_CURVE('',#1888,#6124,#6137,.T.);
#6139=ORIENTED_EDGE('',*,*,#6138,.T.);
#6140=EDGE_LOOP('',(#6130,#6131,#6132,#6133,#6139));
#6141=FACE_BOUND('',#6140,.T.);
#6142=ADVANCED_FACE('',(#6141),#6122,.F.);
#6143=CARTESIAN_POINT('',(21.972591474,-34.407202645,1.616766912));
#6144=DIRECTION('',(-0.,1.,-0.));
#6145=DIRECTION('',(0.,0.,1.));
#6146=AXIS2_PLACEMENT_3D('',#6143,#6144,#6145);
#6147=PLANE('',#6146);
#6148=ORIENTED_EDGE('',*,*,#1670,.F.);
#6149=ORIENTED_EDGE('',*,*,#6129,.T.);
#6150=CARTESIAN_POINT('',(19.009108584,-34.407202645,0.126352432));
#6151=DIRECTION('',(0.,0.,1.));
#6152=VECTOR('',#6151,3.819810081);
#6153=LINE('',#6150,#6152);
#6154=EDGE_CURVE('',#6124,#1954,#6153,.T.);
#6155=ORIENTED_EDGE('',*,*,#6154,.T.);
#6156=ORIENTED_EDGE('',*,*,#1959,.T.);
#6157=EDGE_LOOP('',(#6148,#6149,#6155,#6156));
#6158=FACE_BOUND('',#6157,.T.);
#6159=ADVANCED_FACE('',(#6158),#6147,.T.);
#6160=CARTESIAN_POINT('',(18.377847847,-11.56051242,-0.279201894));
#6161=DIRECTION('',(0.707106781,-0.707106781,0.));
#6162=DIRECTION('',(0.,-0.,-1.));
#6163=AXIS2_PLACEMENT_3D('',#6160,#6161,#6162);
#6164=PLANE('',#6163);
#6165=ORIENTED_EDGE('',*,*,#6095,.F.);
#6166=ORIENTED_EDGE('',*,*,#6113,.F.);
#6167=ORIENTED_EDGE('',*,*,#2050,.F.);
#6168=ORIENTED_EDGE('',*,*,#1775,.F.);
#6169=EDGE_LOOP('',(#6165,#6166,#6167,#6168));
#6170=FACE_BOUND('',#6169,.T.);
#6171=ADVANCED_FACE('',(#6170),#6164,.T.);
#6172=CARTESIAN_POINT('',(19.009108584,-34.407202645,1.616766912));
#6173=DIRECTION('',(-0.707106781,-0.707106781,0.));
#6174=DIRECTION('',(0.,0.,1.));
#6175=AXIS2_PLACEMENT_3D('',#6172,#6173,#6174);
#6176=PLANE('',#6175);
#6177=ORIENTED_EDGE('',*,*,#6138,.F.);
#6178=ORIENTED_EDGE('',*,*,#1893,.F.);
#6179=ORIENTED_EDGE('',*,*,#1965,.F.);
#6180=ORIENTED_EDGE('',*,*,#6154,.F.);
#6181=EDGE_LOOP('',(#6177,#6178,#6179,#6180));
#6182=FACE_BOUND('',#6181,.T.);
#6183=ADVANCED_FACE('',(#6182),#6176,.F.);
#6184=CARTESIAN_POINT('',(18.93015295,-10.384511387,-5.777914247));
#6185=DIRECTION('',(1.,0.,0.));
#6186=DIRECTION('',(0.,0.,-1.));
#6187=AXIS2_PLACEMENT_3D('',#6184,#6185,#6186);
#6188=PLANE('',#6187);
#6189=CARTESIAN_POINT('',(18.93015295,-9.871145416,-5.777914247));
#6190=VERTEX_POINT('',#6189);
#6191=CARTESIAN_POINT('',(18.93015295,-10.384511387,-5.777914247));
#6192=DIRECTION('',(0.,1.,0.));
#6193=VECTOR('',#6192,0.513365971);
#6194=LINE('',#6191,#6193);
#6195=EDGE_CURVE('',#1010,#6190,#6194,.T.);
#6196=ORIENTED_EDGE('',*,*,#6195,.T.);
#6197=CARTESIAN_POINT('',(18.93015295,-9.871145416,-5.777914247));
#6198=DIRECTION('',(0.,0.707106781,0.707106781));
#6199=VECTOR('',#6198,0.01515566);
#6200=LINE('',#6197,#6199);
#6201=EDGE_CURVE('',#6190,#6035,#6200,.T.);
#6202=ORIENTED_EDGE('',*,*,#6201,.T.);
#6203=ORIENTED_EDGE('',*,*,#6048,.F.);
#6204=ORIENTED_EDGE('',*,*,#1017,.F.);
#6205=EDGE_LOOP('',(#6196,#6202,#6203,#6204));
#6206=FACE_BOUND('',#6205,.T.);
#6207=ADVANCED_FACE('',(#6206),#6188,.T.);
#6208=CARTESIAN_POINT('',(16.226919989,-9.635667973,-5.777914247));
#6209=DIRECTION('',(0.,0.,1.));
#6210=DIRECTION('',(1.,0.,0.));
#6211=AXIS2_PLACEMENT_3D('',#6208,#6209,#6210);
#6212=PLANE('',#6211);
#6213=ORIENTED_EDGE('',*,*,#3694,.F.);
#6214=CARTESIAN_POINT('',(13.579834724,-9.871145416,-5.777914247));
#6215=DIRECTION('',(1.,-0.,0.));
#6216=VECTOR('',#6215,5.350318226);
#6217=LINE('',#6214,#6216);
#6218=EDGE_CURVE('',#3681,#6190,#6217,.T.);
#6219=ORIENTED_EDGE('',*,*,#6218,.T.);
#6220=ORIENTED_EDGE('',*,*,#6195,.F.);
#6221=ORIENTED_EDGE('',*,*,#1045,.F.);
#6222=ORIENTED_EDGE('',*,*,#6003,.F.);
#6223=EDGE_LOOP('',(#6213,#6219,#6220,#6221,#6222));
#6224=FACE_BOUND('',#6223,.T.);
#6225=ADVANCED_FACE('',(#6224),#6212,.F.);
#6226=CARTESIAN_POINT('',(31.205522453,-35.564965735,-5.960836013));
#6227=DIRECTION('',(0.,0.707106781,0.707106781));
#6228=DIRECTION('',(-1.,0.,0.));
#6229=AXIS2_PLACEMENT_3D('',#6226,#6227,#6228);
#6230=PLANE('',#6229);
#6231=ORIENTED_EDGE('',*,*,#5969,.F.);
#6232=ORIENTED_EDGE('',*,*,#5867,.F.);
#6233=ORIENTED_EDGE('',*,*,#1687,.F.);
#6234=ORIENTED_EDGE('',*,*,#929,.F.);
#6235=EDGE_LOOP('',(#6231,#6232,#6233,#6234));
#6236=FACE_BOUND('',#6235,.T.);
#6237=ADVANCED_FACE('',(#6236),#6230,.F.);
#6238=CARTESIAN_POINT('',(22.39267859,-8.88682456,-4.793593391));
#6239=DIRECTION('',(0.,0.707106781,-0.707106781));
#6240=DIRECTION('',(1.,-0.,0.));
#6241=AXIS2_PLACEMENT_3D('',#6238,#6239,#6240);
#6242=PLANE('',#6241);
#6243=ORIENTED_EDGE('',*,*,#3686,.F.);
#6244=ORIENTED_EDGE('',*,*,#6070,.F.);
#6245=ORIENTED_EDGE('',*,*,#207,.F.);
#6246=ORIENTED_EDGE('',*,*,#6040,.F.);
#6247=ORIENTED_EDGE('',*,*,#6201,.F.);
#6248=ORIENTED_EDGE('',*,*,#6218,.F.);
#6249=EDGE_LOOP('',(#6243,#6244,#6245,#6246,#6247,#6248));
#6250=FACE_BOUND('',#6249,.T.);
#6251=ADVANCED_FACE('',(#6250),#6242,.T.);
#6252=CARTESIAN_POINT('',(22.394102758,-8.88682456,7.302709681));
#6253=DIRECTION('',(0.000197071,0.707106781,0.707106754));
#6254=DIRECTION('',(-0.999999961,0.,0.000278701));
#6255=AXIS2_PLACEMENT_3D('',#6252,#6253,#6254);
#6256=PLANE('',#6255);
#6257=ORIENTED_EDGE('',*,*,#3670,.F.);
#6258=ORIENTED_EDGE('',*,*,#6023,.F.);
#6259=ORIENTED_EDGE('',*,*,#1586,.F.);
#6260=ORIENTED_EDGE('',*,*,#6062,.F.);
#6261=EDGE_LOOP('',(#6257,#6258,#6259,#6260));
#6262=FACE_BOUND('',#6261,.T.);
#6263=ADVANCED_FACE('',(#6262),#6256,.T.);
#6264=CARTESIAN_POINT('',(21.894815323,-61.976811106,5.576498955));
#6265=DIRECTION('',(-0.240144425,0.,0.970737171));
#6266=DIRECTION('',(0.970737171,0.,0.240144425));
#6267=AXIS2_PLACEMENT_3D('',#6264,#6265,#6266);
#6268=PLANE('',#6267);
#6269=ORIENTED_EDGE('',*,*,#1822,.F.);
#6270=ORIENTED_EDGE('',*,*,#651,.T.);
#6271=CARTESIAN_POINT('',(20.077208163,-53.452192084,5.126852811));
#6272=DIRECTION('',(0.970737171,0.,0.240144425));
#6273=VECTOR('',#6272,3.809995565);
#6274=LINE('',#6271,#6273);
#6275=EDGE_CURVE('',#638,#1612,#6274,.T.);
#6276=ORIENTED_EDGE('',*,*,#6275,.T.);
#6277=ORIENTED_EDGE('',*,*,#1617,.F.);
#6278=EDGE_LOOP('',(#6269,#6270,#6276,#6277));
#6279=FACE_BOUND('',#6278,.T.);
#6280=ADVANCED_FACE('',(#6279),#6268,.F.);
#6281=CARTESIAN_POINT('',(23.147146195,-50.834741005,8.58265906));
#6282=DIRECTION('',(0.169807751,0.707106781,-0.686414836));
#6283=DIRECTION('',(0.970737171,-0.,0.240144425));
#6284=AXIS2_PLACEMENT_3D('',#6281,#6282,#6283);
#6285=PLANE('',#6284);
#6286=ORIENTED_EDGE('',*,*,#1623,.F.);
#6287=ORIENTED_EDGE('',*,*,#6275,.F.);
#6288=ORIENTED_EDGE('',*,*,#643,.T.);
#6289=ORIENTED_EDGE('',*,*,#705,.F.);
#6290=EDGE_LOOP('',(#6286,#6287,#6288,#6289));
#6291=FACE_BOUND('',#6290,.T.);
#6292=ADVANCED_FACE('',(#6291),#6285,.T.);
#6293=CARTESIAN_POINT('',(20.014200845,-60.27759619,13.548832455));
#6294=DIRECTION('',(-0.96445628,0.,-0.264242473));
#6295=DIRECTION('',(-0.264242473,0.,0.96445628));
#6296=AXIS2_PLACEMENT_3D('',#6293,#6294,#6295);
#6297=PLANE('',#6296);
#6298=CARTESIAN_POINT('',(20.201093245,-65.893944427,12.866695527));
#6299=VERTEX_POINT('',#6298);
#6300=CARTESIAN_POINT('',(18.51840155,-60.27759619,19.008337153));
#6301=VERTEX_POINT('',#6300);
#6302=CARTESIAN_POINT('',(20.014200845,-60.27759619,13.548832455));
#6303=DIRECTION('',(-0.96445628,0.,-0.264242473));
#6304=DIRECTION('',(0.033015733,-0.99216369,-0.120503833));
#6305=AXIS2_PLACEMENT_3D('',#6302,#6303,#6304);
#6306=CIRCLE('',#6305,5.660707295);
#6307=EDGE_CURVE('',#6299,#6301,#6306,.T.);
#6308=ORIENTED_EDGE('',*,*,#6307,.T.);
#6309=CARTESIAN_POINT('',(20.014200845,-60.27759619,13.548832455));
#6310=DIRECTION('',(-0.96445628,0.,-0.264242473));
#6311=DIRECTION('',(0.033015733,-0.99216369,-0.120503833));
#6312=AXIS2_PLACEMENT_3D('',#6309,#6310,#6311);
#6313=CIRCLE('',#6312,5.660707295);
#6314=EDGE_CURVE('',#6301,#6299,#6313,.T.);
#6315=ORIENTED_EDGE('',*,*,#6314,.T.);
#6316=EDGE_LOOP('',(#6308,#6315));
#6317=FACE_BOUND('',#6316,.T.);
#6318=ORIENTED_EDGE('',*,*,#598,.T.);
#6319=EDGE_LOOP('',(#6318));
#6320=FACE_BOUND('',#6319,.T.);
#6321=ADVANCED_FACE('',(#6317,#6320),#6297,.T.);
#6322=CARTESIAN_POINT('',(20.014200845,-60.27759619,13.548832455));
#6323=DIRECTION('',(-0.96445628,0.,-0.264242473));
#6324=DIRECTION('',(-0.264242473,0.,0.96445628));
#6325=AXIS2_PLACEMENT_3D('',#6322,#6323,#6324);
#6326=CYLINDRICAL_SURFACE('',#6325,5.660707295);
#6327=CARTESIAN_POINT('',(16.430665296,-60.27759619,18.436337569));
#6328=DIRECTION('',(0.96445628,-0.,0.264242473));
#6329=VECTOR('',#6328,2.164676925);
#6330=LINE('',#6327,#6329);
#6331=EDGE_CURVE('',#609,#6301,#6330,.T.);
#6332=ORIENTED_EDGE('',*,*,#6331,.F.);
#6333=ORIENTED_EDGE('',*,*,#615,.F.);
#6334=ORIENTED_EDGE('',*,*,#6331,.T.);
#6335=ORIENTED_EDGE('',*,*,#6307,.F.);
#6336=ORIENTED_EDGE('',*,*,#6314,.F.);
#6337=EDGE_LOOP('',(#6332,#6333,#6334,#6335,#6336));
#6338=FACE_BOUND('',#6337,.T.);
#6339=ADVANCED_FACE('',(#6338),#6326,.F.);
#6340=CLOSED_SHELL('',(#241,#264,#296,#602,#685,#716,#747,#861,#915,#979,#1003,#1049,#1153,#1192,#1223,#1286,#1326,#1375,#1452,#1524,#1549,#1566,#1648,#1712,#1755,#1811,
#1834,#1871,#1942,#2060,#2096,#2194,#2233,#2305,#2344,#2390,#2454,#2516,#2547,#2579,#2591,#2862,#2986,#3027,#3070,#3086,#3135,#3175,#3192,#3216,#3247,
#3327,#3366,#3418,#3491,#3508,#3540,#3564,#3588,#3621,#3633,#3650,#3710,#3727,#3744,#3782,#3798,#3836,#3860,#3876,#3893,#3904,#3927,#3953,#3982,#4183,
#4224,#4241,#4278,#4307,#4324,#4341,#4732,#4981,#5064,#5106,#5128,#5149,#5166,#5193,#5296,#5318,#5425,#5468,#5510,#5569,#5583,#5609,#5644,#5657,#5671,
#5695,#5709,#5721,#5747,#5779,#5798,#5810,#5829,#5841,#5855,#5888,#5919,#5939,#5958,#5978,#5991,#6011,#6028,#6052,#6075,#6100,#6117,#6142,#6159,#6171,
#6183,#6207,#6225,#6237,#6251,#6263,#6280,#6292,#6321,#6339));
#6341=MANIFOLD_SOLID_BREP('Bracket',#6340);
#145=STYLED_ITEM('',(),#6341);
#126=SHAPE_REPRESENTATION('Case',(#15),#124);
#127=ADVANCED_BREP_SHAPE_REPRESENTATION('Case',(#6341),#124);
#6349=SHAPE_REPRESENTATION_RELATIONSHIP('','',#126,#127);
#6350=APPLICATION_CONTEXT('configuration controlled 3D design of mechanical parts and assemblies');
#6351=APPLICATION_PROTOCOL_DEFINITION('international standard','configuration_control_3d_design_ed2_mim',2004,#6350);
#6352=PRODUCT_CONTEXT('',#6350,'mechanical');
#6353=PRODUCT_DEFINITION_CONTEXT('part definition',#6350,'design');
#134=PRODUCT('0','0','',(#6352));
#6354=PRODUCT_RELATED_PRODUCT_CATEGORY('part','',(#134));
#6355=PRODUCT_DEFINITION_FORMATION_WITH_SPECIFIED_SOURCE('','',#134,.NOT_KNOWN.);
#135=PRODUCT_DEFINITION('design','',#6355,#6353);
#133=PRODUCT_DEFINITION_SHAPE('','',#135);
#6356=SHAPE_DEFINITION_REPRESENTATION(#133,#126);
#125=DRAUGHTING_MODEL('',(),#124);
#98=SHAPE_REPRESENTATION('hat-trik-guitar-bracket.stp',(#15,#139),#96);
#106=PRODUCT('0','0','',(#6352));
#6357=PRODUCT_RELATED_PRODUCT_CATEGORY('part','',(#106));
#6358=PRODUCT_DEFINITION_FORMATION_WITH_SPECIFIED_SOURCE('','',#106,.NOT_KNOWN.);
#107=PRODUCT_DEFINITION('design','',#6358,#6353);
#105=PRODUCT_DEFINITION_SHAPE('','',#107);
#6359=SHAPE_DEFINITION_REPRESENTATION(#105,#98);
#97=DRAUGHTING_MODEL('',(),#96);
#16=SHAPE_REPRESENTATION('root',(#15,#111),#10);
#18=GEOMETRICALLY_BOUNDED_WIREFRAME_SHAPE_REPRESENTATION('root',(#46,#67,#88),#10);
#6367=SHAPE_REPRESENTATION_RELATIONSHIP('','',#16,#18);
#24=PRODUCT('root','root','',(#6352));
#6368=PRODUCT_RELATED_PRODUCT_CATEGORY('part','',(#24));
#6369=PRODUCT_DEFINITION_FORMATION_WITH_SPECIFIED_SOURCE('','',#24,.NOT_KNOWN.);
#25=PRODUCT_DEFINITION('design','',#6369,#6353);
#23=PRODUCT_DEFINITION_SHAPE('','',#25);
#6370=SHAPE_DEFINITION_REPRESENTATION(#23,#16);
#11=DRAUGHTING_MODEL('',(),#10);
#1=MECHANICAL_DESIGN_GEOMETRIC_PRESENTATION_REPRESENTATION('',(#145),#10);
ENDSEC;
END-ISO-10303-21;
